-- MySQL Administrator dump 1.4
--
-- ------------------------------------------------------
-- Server version	5.5.19


/*!40101 SET @OLD_CHARACTER_SET_CLIENT=@@CHARACTER_SET_CLIENT */;
/*!40101 SET @OLD_CHARACTER_SET_RESULTS=@@CHARACTER_SET_RESULTS */;
/*!40101 SET @OLD_COLLATION_CONNECTION=@@COLLATION_CONNECTION */;
/*!40101 SET NAMES utf8 */;

/*!40014 SET @OLD_UNIQUE_CHECKS=@@UNIQUE_CHECKS, UNIQUE_CHECKS=0 */;
/*!40014 SET @OLD_FOREIGN_KEY_CHECKS=@@FOREIGN_KEY_CHECKS, FOREIGN_KEY_CHECKS=0 */;
/*!40101 SET @OLD_SQL_MODE=@@SQL_MODE, SQL_MODE='NO_AUTO_VALUE_ON_ZERO' */;


--
-- Create schema consejoescolar
--

CREATE DATABASE IF NOT EXISTS consejoescolar;
USE consejoescolar;

--
-- Temporary table structure for view `vistaauxiliarescuelaturno`
--
DROP TABLE IF EXISTS `vistaauxiliarescuelaturno`;
DROP VIEW IF EXISTS `vistaauxiliarescuelaturno`;
CREATE TABLE `vistaauxiliarescuelaturno` (
  `Codigo` int(10) unsigned,
  `DNI` int(10) unsigned,
  `Nombre` varchar(45),
  `Apellido` varchar(45),
  `CUE` varchar(9),
  `NombreEscuela` varchar(45),
  `Turno` varchar(45),
  `SituacionRevista` varchar(45)
);

--
-- Temporary table structure for view `vistadirectorescuelaturno`
--
DROP TABLE IF EXISTS `vistadirectorescuelaturno`;
DROP VIEW IF EXISTS `vistadirectorescuelaturno`;
CREATE TABLE `vistadirectorescuelaturno` (
  `Codigo` int(10) unsigned,
  `DNI` int(8) unsigned,
  `Nombre` varchar(45),
  `Apellido` varchar(45),
  `CUE` varchar(9),
  `NombreEscuela` varchar(45),
  `Turno` varchar(45),
  `SituacionRevista` varchar(45)
);

--
-- Temporary table structure for view `vistafactura`
--
DROP TABLE IF EXISTS `vistafactura`;
DROP VIEW IF EXISTS `vistafactura`;
CREATE TABLE `vistafactura` (
  `idFactura` int(10) unsigned,
  `Fecha` date,
  `Numero` varchar(45),
  `IdProveedor` int(10) unsigned,
  `RazonSocial` varchar(45),
  `Cue` varchar(9),
  `Nombre` varchar(45),
  `Rubro` varchar(45),
  `Monto` decimal(10,2)
);

--
-- Temporary table structure for view `vistaproveedores`
--
DROP TABLE IF EXISTS `vistaproveedores`;
DROP VIEW IF EXISTS `vistaproveedores`;
CREATE TABLE `vistaproveedores` (
  `RazonSocial` varchar(45),
  `Domicilio` varchar(45),
  `Localidad` varchar(45),
  `TelFijo` varchar(45),
  `TelCelular` varchar(45),
  `CUIT` varchar(13),
  `Email` varchar(45),
  `Comentarios` varchar(200),
  `Rubro` varchar(45)
);

--
-- Temporary table structure for view `vistasecretarioescuelaturno`
--
DROP TABLE IF EXISTS `vistasecretarioescuelaturno`;
DROP VIEW IF EXISTS `vistasecretarioescuelaturno`;
CREATE TABLE `vistasecretarioescuelaturno` (
  `Codigo` int(10) unsigned,
  `DNI` int(8) unsigned,
  `Nombre` varchar(45),
  `Apellido` varchar(45),
  `CUE` varchar(9),
  `NombreEscuela` varchar(45),
  `Turno` varchar(45),
  `SituacionRevista` varchar(45)
);

--
-- Definition of table `auxiliar`
--

DROP TABLE IF EXISTS `auxiliar`;
CREATE TABLE `auxiliar` (
  `idAuxiliar` int(10) unsigned NOT NULL AUTO_INCREMENT,
  `Nombre` varchar(45) NOT NULL,
  `Apellido` varchar(45) NOT NULL,
  `Cuil` varchar(45) NOT NULL,
  `Email` varchar(45) NOT NULL,
  `TelFijo` varchar(45) NOT NULL,
  `TelCelular` varchar(45) NOT NULL,
  PRIMARY KEY (`idAuxiliar`)
) ENGINE=InnoDB AUTO_INCREMENT=311414158 DEFAULT CHARSET=utf8;

--
-- Dumping data for table `auxiliar`
--

/*!40000 ALTER TABLE `auxiliar` DISABLE KEYS */;
INSERT INTO `auxiliar` (`idAuxiliar`,`Nombre`,`Apellido`,`Cuil`,`Email`,`TelFijo`,`TelCelular`) VALUES 
 (1247967,'TERESA MABEL','BENEITEZ','27-12479467-1','0','02324-432651','2324-15542019'),
 (1416904,'MARIA DEL CARMEN','NAVARRO','27-14916904-6','navarrocarmen404@gmail.com','02324-420152','2324-500920'),
 (2962819,'LORENA PAOLA','PERALTA','27-29623819-5','riverplate12101982@gmail.com','02324-402020','2324-567426'),
 (10732643,'LILIANA VILMA','GIJSBERTS','27-10732643-5','0','0','2324-526079'),
 (11043944,'MARIA','TRONCOSO','27-11043944-1','mariaetroncoso@hotmail.com','0','2324-551145'),
 (11046660,'MARIA INES','PEREZ','27-11046660-4','perezmariaines1953@gmail.com','02324-425045','2324-503333'),
 (11046709,'SUSANA BEATRIZ','ROBLEDO','27-11046709-0','0','02324-422831(MAMA)','2324-692854'),
 (11046746,'NORA','GRASSI','27-11046746-5','0','0','2324-467450'),
 (11046747,'NORMA BEATRIZ','BIANCHI','27-11046747-3','normamario31@gmail.com','0','2324-530990'),
 (11367532,'SUSANA','SOLIVELLA','27-11367532-8','0','0','2324-677379'),
 (11367731,'MARTA BEATRIZ','MARIN','27-11367731-2','0','02324-425732','2324-470269'),
 (11669108,'MARIA ESTER','VALDEZ','27-11669108-1','0','0','0'),
 (11669168,'MARIA CRISTINA','TAPIA','27-11669168-5','cristinatapia@yahoo.com','02324-425718','2324-564755'),
 (11669353,'DAVID','NOGUEIRA','20-11669353-6','0','0','2324-537002'),
 (11923986,'MATILDE INES','PUCHETA','27-11923986-4','0','02324-428885','2324-512203'),
 (11924000,'SILVIA','LOMBARDI','27-11924000-5','0','0','2324-691380'),
 (12109160,'MARIA DEL CARMEN','BARTOLOME','27-12109160-0','carmenbarto2018@gmail.com','02324-433086','2324-542975'),
 (12109329,'SILVANA','DIAZ','23-12109329-4','0','0','2324-682378'),
 (12109598,'BLANCA LIDIA','DESIMA','27-12109598-5','0','02324-430893','2324-581697'),
 (12109698,'ELVIRA CATALINA','DE LOS SANTOS','27-12109698-1','pupidls@gmail.com','02324-433335','2324-534320'),
 (12479604,'SUSANA','RODRIGUEZ','27-12479604-6','0','0','2324-686523'),
 (12479640,'NILDA','RUSSI','27-12479640-2','0','0','2324-551403'),
 (12479733,'MARTA GRACIELA','CABRERA','27-12479733-6','0','0','2324-472376'),
 (12479838,'MABEL','MINETTO','27-12479838-3','0','0','2324-461169'),
 (12517428,'MARIA ELBA','CUARELA','27-12517428-6','0','02324-425215','2324-491432'),
 (12721295,'DOROTEA','UVIZ','27-12721295-8','0','0','2324-592177'),
 (12729053,'MIRIAM','SECCO','27-12729053-4','miriamsecco18@gmail.com','0','2324-544228'),
 (12729245,'MARIA JUANA','RAMIREZ','27-12729245-6','mjuanaramirez@hotmail.com','02324-423134','02324-676433'),
 (12853811,'IRMA','MUÑOZ','27-12853811-4','azucena-57@hotmail.com','02324-431861','2324-476832'),
 (12977813,'ELIDA','SCHAFRIK','27-12977813-5','elida_r_s@hotmail.com','02324-433206','2324-641442'),
 (12977971,'OFELIA','CARRIZO','27-12997971-9','ofeliacarrizo@hotmail.com','0','2324-470823'),
 (13187491,'MARIA CRISTINA','LILO','27-13187491-5','0','0','2324-539024'),
 (13260881,'GRACIELA','MARTINEZ','23-13260881-4','0','0','2324-500899'),
 (13360033,'SERGIO SIMON','MANZUR','20-13360033-7','0','0','2324-471796'),
 (13360106,'BLANCA','OLIVIERI','27-13360106-1','0','0','2324-504124'),
 (13360207,'MARCELA','MIRALLES','27-13360207-6','0','0','2324-505697'),
 (13360213,'MARTA ELENA','PAGLIERI','27-13360213-0','0','0','2324-686888'),
 (13360232,'SUSANA','VILLEGAS','27-13360232-7','susanavillega@live.com.ar','02324-420338','2324-560516'),
 (13360239,'GUILLERMO ALBERTO','GABELA','23-13360239-9','guillermogabela@live.com.ar','02324-434154','2324-467031'),
 (13360284,'MIRTA','GOMEZ','23-13360284-4','0','0','2324-617870'),
 (13360721,'SUSANA','CASTRO','27-13360721-5','0','0','2324-540776'),
 (13360763,'STELLA','MORENO','27-13360763-9','stellitamoreno@hotmail.com.ar','0','2324-529312'),
 (13360802,'MARIA LUISA','ORTUBIA','27-13360802-3','marialuisaortubia3@gmail.com','0','2324469008'),
 (13360942,'LUCIA MONICA','BAÑOS','27-13360942-9','monicabanios1@gmail.com','0','2324-553509'),
 (13850769,'JOSE LUIS','ZABALETA','20-13850769-7','0','02324-420338','2324-589543'),
 (13986488,'MARIA CRISTINA','FIGUEROA','27-13986488-3','marycrisfigueroa@hotmail.com','02324-435153','2324-475259'),
 (13986639,'ADRIANA','ALVAREZ','27-13986639-3','adriana_b_alvarez2@gmail.com','02324-432811','2324-501726'),
 (13986736,'MARIA DEL CARMEN','GIBERT','27-13986736-5','0','0','2324-505924'),
 (13986818,'OSCAR','ROSELLO','20-13986818-9','oscarrosello@ciudad.com.ar','02324-420980','2324-643065'),
 (14435697,'TELMA BEATRIZ','DE ANTONI','27-14435697-2','telmadeantoni@gmail.com','02324-427325','2324-691923'),
 (14435771,'RAUL EDUARDO','PONTI','20-14435771-0','0','0','2324-521043'),
 (14435863,'ANA MARIA','FERREYRA','27-14435863-0','0','02324-435667','2324-522060'),
 (14490774,'ANA MARIA','CABRAL','23-14490774-4','0','0','2324-501903'),
 (14524246,'JOSE PEDRO','OLIVIERI','20-14524246-1','0','0','2324-503875'),
 (14524257,'ELENA','BIAGINI','27-14524257-1','elebiagini1@gmail.com','02324-425871','2324-462887'),
 (14524267,'WALTER HORACIO','FLORIDA','20-14524267-0','0','0','2324-647831'),
 (14524303,'SILVIA','CANE','27-14524303-9','0','0','2324-543821'),
 (14524445,'JULIO ISMAEL','BELTRAMI','20-14524445-6','0','0','0'),
 (14738806,'GABRIELA ALICIA','AMARO','27-14738806-9','gamararo200@gmail.com','02324-435667','2324-498022'),
 (14916830,'GUSTAVO','FERNANDEZ','20-14916830-4','gustavo_fernandez62@hotmail.com','02324-425337','2324-466778'),
 (15296085,'MONICA PATRICIA','CORONEL','27-16296085-2','0','0','232451642'),
 (16077561,'|ROBERTO','BENITEZ','20-16077561-1','robertobenitez@gmail.com','0','2324-460251'),
 (16260031,'MARIA INES','CONTRERAS','27-16260031-3','mariainescontreras1234@gmail.com','02324-428402','2324-551985'),
 (16388315,'ROSANA NORMA','BARTOLOMEO','27-16388315-0','0','0','0'),
 (16432928,'LILIANA','RUSSI','27-16432928-9','lilirussi@hotmail.com','0','2324-671940'),
 (16432970,'LUISA PATRICIA','COCARO','23-16432970-4','patriciacocaro15@gmail.com','02324-424914','2324-521628'),
 (16548548,'EVELINA','JURADO','27-16548548-9','eveli-jurado@hotmail.com','02324-431597','2324-500669'),
 (16618837,'VIOLETA','PONCE','27-16618837-2','0','0','2324-501827'),
 (16910878,'ALICIA MABEL','ORTIZ','27-16910878-7','0','0','2324-617025'),
 (16910916,'RAQUEL','MOUSHEN','27-16910916-3','0','02324-425395','2324-470633'),
 (17086766,'CLAUDIA ESTHER','ALLEN','27-17086766-7','clau_allen@hotmail.com','02324-420835','2324-691838'),
 (17144748,'GABRIEL PABLO','GAIERA','20-17144748-9','0','02324-428609','2324-543879'),
 (17436169,'MARIANA','BYRNE','27-17436169-5','marianabyene66@gmail.com','02324-425561','2324-582951'),
 (17436237,'PAULO','RUSSO','20-17436237-9','0','02324-424694','2324-478123'),
 (17688042,'DANIELA','LESCANO','27-17688042-8','danielarossicdr@gmail.com','0','2324-472756'),
 (17688073,'HERMINDA','SANCHEZ','27-17688073-8','0','0','2324-645268'),
 (17836744,'GLADYS','ROMERO','27-17836744-2','gladysvivianaromero7@gmail.com','02324-425456','2324-695361'),
 (18068282,'GRACIELA','GONZALEZ','27-18068282-7','0','0','2324-690712'),
 (18068324,'NORMA BEATRIZ','LENAQUE','27-18068324-6','normablenaque@gmail.com','02324-433845','2324-537755'),
 (18068350,'ROSANA BEATRIZ','SUAREZ','27-18068350-5','0','0','2324-550255'),
 (18068394,'JORGE','CARDOSO','20-18068394-2','jorgeabelcardoso@gmail.com','0','2324-682871'),
 (18188511,'GABRIELA CECILIA','GOMEZ','23-18188511-4','gaby_go66@hotmail.com','02324-420641','2324-590197'),
 (18188531,'PATRICIA','PADULA','27-18188531-4','patriciapadula2@gmail.com','02324-422095','2324-589489'),
 (18344807,'LETICIA','GARAY','27-18344807-7','marialgaray1967@gmail.com','2324-429143','2324-507374'),
 (18344855,'MARIA EVA','RODRIGUEZ','27-18344855-8','mariaevarodri@hotmail.com','0','2324-464792'),
 (18429240,'MARCELA A','PAIS','27-18429240-3','marcepais@hotmail.com','02324-435910','2324-478196'),
 (18461799,'MARIA DEL CARMEN','LOPEZ','23-18461799-4','0','02324-423873','2324-471217'),
 (18483258,'ROSANA','GAMBA','27-18483258-4','rogamba50@gmail.com','0','2324-516928'),
 (18599590,'CRISTINA','WIMBAY','27-18599590-4','wimbaycristina@gmail.com','0','0'),
 (18797683,'MABEL','FLORENTIN ENCISO','27-18797683-4','mabelflorentin926@gmail.com','0','2324-503522'),
 (20028809,'GUSTAVO','PETROLATI','20-20028809-3','0','0','2324-528477'),
 (20028862,'LILIANA GRACIELA','FORNERI','27-20028862-4','chichila_73@hotmail.com','02324-420980','2324-672087'),
 (20134821,'ANTONIA GABRIELA','GUZMAN','27-20134821-3','guzmangabriela336@gmail.com','0','2324-541794'),
 (20383644,'MARGARITA','GONZALEZ','27-20383644-4','0','0','2324-684048'),
 (20383962,'SELVA','SEPULVEDA','27-20383692-4','0','0','2324-478945'),
 (20527097,'MARTIN DANIEL','RAMIREZ','20-20527097-4','mar-tin-ramirez@hotmail.com','0','2324-544096'),
 (20527116,'MARIA LUJAN','HEITMAN','27-20527116-9','0','0','2324-646747'),
 (20576271,'SILVIA NOEMI','ARGAÑARAZ','27-20576271-5','0','0','2324-547366'),
 (20726851,'ANDREA','MARTINO','27-20726851-3','andre-martino@hotmail.com','0','2324-508367'),
 (20726928,'OBDULIO ROBERTO','DE ANTONI','20-20726928-0','obduliodeantoni@hotmail.com','0','2324-697209'),
 (20726957,'MARTA NORMA','VALDEZ','27-20726957-9','valdezmartanorma@gmail.com','02324-420522','2324-643999'),
 (20726960,'MARIA CRISTINA','VILLALBA','27-20726960-9','0','02324-431560','2324-554412'),
 (20991786,'CLAUDIA ALEJANDRA','CONENNA','27-20991786-1','claudiaconenna2@gmail.com','02324-425169','2324-527107'),
 (20991868,'SILVINA ELIZABETH','MOLINA','23-20991868-4','0','0','2324-467306'),
 (21320981,'NILDA MARIA','COLA','27-21320981-2','0','0','2324550726'),
 (21467282,'STELLA MARIS','GARCIA','27-21467282-6','marisbaez1970@gmail.com','0','2324-594555'),
 (21499185,'GRACIELA','CHERUSE','27-21499185-9','cherusegracielabeatriz@gmail.com','02324-427120','2324-502993'),
 (21508254,'HERNAN MIGUEL','RODRIGUEZ','20-21508254-8','cantandoafull@gmail.com','0','2324-671591'),
 (21541296,'MAURICIO','POLANCO','27-21541296-9','0','0','2324-581462'),
 (21670114,'MARCO ANTONIO','AMPUERO','20-21670114-4','colo_metal_school@hotmail.com','0','2324-516187'),
 (21670226,'SANDRA','VENTOSA','27-21670226-4','sandramarcelaventosa15@gmail.com','02324-435848','2324-474556'),
 (21715031,'CLAUDIA BEATRIS','DIAZ','27-21715031-6','0','025324-424384','2324-693641'),
 (21715046,'CLAUDIA','FANUCHI','27-21715046-4','0','0','2324-502102'),
 (21715157,'SANDRA MARCELA','BIONES','27-21715157-6','sandrambrio@gmail.com','0','2324-6720007'),
 (21715207,'MARIA LUJAN','FERNANDEZ','27-21715207-6','0','0','2324-491454'),
 (21715334,'GONZALO','CUESTA','20-21715334-5','0','02324-402395','2324-591945'),
 (21725325,'CLAUDIA','ARAGON','27-21715325-0','claudiaaragon34@hotmail.com','02324-425183','2324-582265'),
 (21865612,'LAURA','GARCIA','27-21865612-4','0','0','2324-651030'),
 (21988267,'MARIA MARCELA','BENITEZ','27-21988267-5','marcele353@live.com.ar','0','2324-694519'),
 (22076366,'MIGUEL ANGEL','DERE','20-22076366-9','00','0','2324-499649'),
 (22124531,'ANA KARINA','ROMAN','27-22124531-3','0','0','2324-694606'),
 (22124578,'MIRIAM','VOLPE','23-22124578-4','0','0','2324-694803'),
 (22124670,'MARCELA FABIANA','CASRTO','27-221246670-','0','02324-435689','2324-554914'),
 (22124697,'ROXANA','GALLO','27-22124697-2','roxanagallo588@gmail.com','0','2324-677021'),
 (22124748,'ADRIANA EVANGELINA','DONADIO','27-22124748-0','adridonadi@live.com.ar','0','2324-22124748-0'),
 (22135904,'SILVIA','MARIANO','2722135904-1','silvmariano950@gmail.com','0','2324-502172'),
 (22367081,'HERNAN','TABORDA','20-22367081-0','0','0','2324-685100'),
 (22624360,'SANDRA BEATRIZ','MORETTI','27-22624360-2','sbm_1806@hotmail.com','0','2324-474161'),
 (22624470,'NICOLAS','RUSSO','20-22624470-1','0','02324425896','232449008'),
 (22627199,'MARIA PAULA','APARICIO','27-22627199-5','mariapaula@live.com.ar','2324-602408','2324-476651'),
 (22972651,'ANDREA','VARA','27-22972651-5','0','0','0'),
 (23003562,'CARLOS','PIPERNO','20-23003562-9','carlospiper72@gmail.com','0','2324-690188'),
 (23003633,'LEONARDO','TELLO','20-23003633-1','virutello8@gmail.com','02324-435974','2324503762'),
 (23003816,'FERNANDA','GOMEZ','27-23003816-9','mariagomezferrari@yahoo.com','0','2324-641822'),
 (23124115,'HERNAN','IRIBARREN','23-23124115-9','0','0','2324-517238'),
 (23331183,'MARCELA CLAUDIA','PERTICA','27-23331183-4','claumarcepertica@gmail.com','02324-432205','2324-645563'),
 (23333372,'LUNA','ZULEMA','27-23333372-2','zule-kape@hotmail.com','0','2324-521342'),
 (23418817,'CHRITIAN GASTON','ROBLEDO','20-23418817-9','0','2324-402019','0'),
 (23418889,'LAURA','SPINELLI','27-23418889-0','lauraspinelli679@gmail.com','0','2324-517502'),
 (23579647,'ETELVINA JARA','LOPEZ','27-23579647-9','etelvina1974@live.com.ar','02324-420740','2324-469550'),
 (23724263,'EDUARDO OMAR','DEFELIPPE','20-23724263-8','edudefe4@gmail.com','0','2324-473286'),
 (23724422,'ROBERTO','ROLDAN','20-23724422-3','robertofernando@hotmail.com','0','2324-548648'),
 (23724464,'CLAUDIA VERONICA','SALGADO','27-23724464-3','74clavero@gmail.com','0','2324-504462'),
 (23724609,'MARISA ALEJANDRA','FORNERI','27-23724609-3','marisaforneri@gmail.com.ar','02324-602363','2324-580104'),
 (23724783,'MARIANA','PAIZ','27-23724783-9','mercedesp4iz@outlook.com','2324-433490','0'),
 (23724946,'ANDREA SILVANA','PAIS','27-23724946-7','andreitapais74@hotmail.com.ar','02324-434125','0'),
 (23773821,'IVANA DANIELA','BUENO','27-23773821-2','ivanadbueno@gmail.com','0','2324-539864'),
 (23962244,'ADOLFO','FRONZKE','20-23962244-6','0','0','2324-672957'),
 (24402074,'NOELIA','FREGOSO','27-24402074-2','noejis@hotmail.com','02324-428435','2324-479192'),
 (24402126,'SILVIA','WIMBAY','27-24402126-9','silviaw1975@gmail.com','0','2324-514831'),
 (24402136,'ROSANA','PANIAGUA','27-24402136-6','ro_angela222@hotmail.com','2324-420735','2324-471394'),
 (24585212,'PABLO MARTIN','SANCHEZ','20-24585212-7','sanchef75@hotmail.com','02324-603731','2324-533777'),
 (24585255,'MARIA SOLEDAD','SOULE','27-24585255-5','msoarevalo@hotmail.com','0','2324-699603'),
 (24847771,'MARIA MARCELA','MAYDANA','27-24847771-2','0','0','2324-463085'),
 (24847785,'MARIA JOSE','INDURAIN','27-24847785-2','mariajoindurain@hotmail.com','0','2324-692452'),
 (24877720,'LORENA','GIOIA','27-24877720-0','loree1@live.com.ar','0','2324-680210'),
 (25023061,'ALEJANDRA','RESQUIN','27-25023061-9','aleresquin1975@hotmail.com','02324-428634','2324-616846'),
 (25023129,'NATALIA FATIMA','MENENDEZ','27-25023129-1','menendeznatalia04@gmail.com','02324-428609','2324-680611'),
 (25023165,'MABEL FERNANDA','MARU','27-25023165-8','fernandamaru976@gmail.com','02324-425538','2324-588153'),
 (25023251,'NATALIA','ALVAREZ','27-25023251-4','0','0','2324-682230'),
 (25023362,'CELIA','GONZALEZ','27-25023362','0','0','2324-542880'),
 (25023393,'KARINA BEATRIZ','MANRIQUE','27-25023393-6','0','0','0'),
 (25023396,'ANDREA','GONZALEZ','27-25023396-0','andreaas7326@gmail.com','602053','2324-565689'),
 (25023468,'MARIA LAURA','VIDAL','27-25023468-1','mlauravidal76@gmail.com','0','2324-5496078'),
 (25023483,'SANDRA','VILLANUEVA','27-13360990-9','villanuevasandrac@hotmail.com','02324-430209','2324-560612'),
 (25023507,'ANDREA LORENA','PALMINTERI','27-25023507-6','0','02324-427729','2324-510470'),
 (25086210,'MANUEL','GIMENEZ','20-25086210-6','manugatog@hotmail.com','0','2324-593031'),
 (25348152,'CRISTIAN EDUARDO','SALVAREZZA','20-25348152-9','0','0','2324-674531'),
 (25348307,'NICOLAS JOSE','CHIDICHIMO','20-25348307-6','nazaove@hotmail.com','02324-602459','2324-531170'),
 (25348362,'MARISOL','MARQUEZ','27-25348362-3','soldeprimavera_76@hotmail.com','02324-432146','0'),
 (25348391,'MARIA DEL CARMEN','AGUERO','27-25348391-7','0','0','2324-501118'),
 (25348490,'FRNANDA','DAMICO','27-25348490-5','fernanda-damico@hotmail.com','0','2324-476255'),
 (25348560,'ROSANA KARINA','LARROQUE','23-25348560-4','rosanalarroque6@gmail.com','02324-420242','2324-541022'),
 (25348632,'PATRICIA ROSANA','ROMERO','27-25348632-0','patriciarosanaromero9@gmail.com','0','2324-491759'),
 (25744041,'DIANA ANDREA','AMADO','27-25744041-4','diaamado@yahoo.com.ar','02324-435823','2324-520740'),
 (25744477,'SILVIA','SUAREZ','27-25744477-0','0','0','2324-680054'),
 (25744487,'MATIAS ALBERTO','DEL POPOLO','20-25744487-3','matiasdelpopolo_30@hotmail.com','0','2324-642803'),
 (25744504,'MATIAS','PALMINTERI','20-25744504-7','mati_palmi@hotmail.com','0','2324-544143'),
 (25744528,'LUCIANA','RODRIGUEZ','27-25744528-9','lucianarodriguezlpm@gmail.com','0','2324-476650'),
 (25807455,'MARIA ELENA','POLANCO','27-25807455-1','stellastella2@hotmail.com','0','2324-539988'),
 (25807569,'MONICA ROMINA','TASISTO','27-25807569-8','rominatasistouk@gmail.com','02324-435716','2324-683436'),
 (26162356,'LUISA DANIELA','GONZALEZ','20-26462356-1','danyelagonzalez@hotmail.com','0','2324-680156'),
 (26271728,'CRISTIAN','COCCARO','20-26271728-4','0','0','2324-641884'),
 (26271777,'FLAVIA','CHAVES','27-26271777-7','0','0','2324-591760'),
 (26576666,'ANDREA BEATRIZ','GONZALEZ','27-26576666-3','abrilbalvidares@gmail.com','0','2324-677666'),
 (26576746,'MARIA DE LOS ANGELES','ARIAS','27-26576746-5','mariad_arias@live.com','0','2324-508882'),
 (26599287,'MAIA YANINA','GARCIA','27-26599287-6','maiagarcia@live.com.ar','02324-422692','2324-462069'),
 (26709118,'SOÑA','LUCIANI','27-26709118-3','0','0','2324-504413'),
 (26709389,'FERNANDA GABRIELA','PERRUELO','27-26709389-0','0','0','2324501638'),
 (26940685,'PATRICIA','FERREYRA','27-26940685-8','segaso@hotmail.com','0','2324-548014'),
 (27191005,'MARIA SOLEDAD','ALDAY','27-27191005-9','solealday20@gmail.com','0','2324-473730'),
 (27191289,'MARIA GABRIELA','OJEDA','24-27191289-3','0','0','2324-478823'),
 (27191377,'CLAUDIA VICTORIA','VILLAREAL','27-27191377-5','aguirreomarclau@yahoo.com.ar','02324-425355','2324-670117'),
 (27484353,'ANALIA SOLEDAD','LEGUIZAMON','27-27484353-1','0','02324-491835','2342-491835'),
 (27523465,'EZEQUIEL','RUSSO','20-27523465-7','ezeracing@hotmail.com','02324-432244','2324-693389'),
 (27547383,'GRACIELA','WODNER','27-27547383-4','gracielawodner@gmail.com','0','2324-649746'),
 (27604115,'PATRICIA','LYNN','27-27604115-6','patricialynn979@gmail.com','02324-471790','2324-677442'),
 (27735741,'LORENA','GIMENEZ','27-27735741-6','lorenagi2011@live.com.ar','02324-435134','2324-696517'),
 (27751232,'ARIEL','CHAVES','20-27761532-1','coqui1920@live.com.ar','DAVID','0'),
 (27848539,'SILVIA NOEMI','CODON','27-27848539-6','silviacodon80@hotmail.com','0','2324502447'),
 (27848585,'MARTIN NICOLAS','PERALTA','20-27848585-5','0','0','2324-618302'),
 (28143135,'LUCIANA AGUSTINA','ZULETA','27-28143135-3','0','0','2324-463203'),
 (28143254,'ARIEL','CHACAR','20-28143254-1','aechacar@gmail.com','0','2324-461711'),
 (28287662,'NICOLAS','BRUSSA','20-28287662-1','nicolasbrussa87@gmail.com','0','2324-506086'),
 (28300938,'VANESA','BECKER','27-28300938-1','vanasag2729@yahoo.com.ar','0','2324-644162'),
 (28478939,'ADRIANA','DUPUY','27-28478939-9','adrianadupuy21@gmail.com','0','2324-571499'),
 (28598761,'PAOLA','CABRERA','27-28598761-5','cabrerap860@gmail.com','02324-422959','2324-513801'),
 (28730534,'MARIA CELESTE','AMADO','27-28730534-1','0','0','2324-680609'),
 (28730993,'JULIA SILVANA','ZAMBON','27-28730993-2','juliasilvanazambon@gmail.com','0','2324-685558'),
 (29343637,'CELESTE','FEITO','27-29343637-7','0','02324-428155','2324-671447'),
 (29343729,'FACUNDO','GENOMI','facugenoni@hotmail.com','20-29343729-8','0','2324-471768'),
 (29343730,'MARIANELA','GERONI','27-29343730-6','mariageroni@hotmail.com','02324-435475','2324-642103'),
 (29343905,'CLAUDIO','LONNE','20-29343905-3','0','0','2324-536055'),
 (29623986,'LILIANA','SUAREZ','27-29623986-6','lysua2009@hotmail.com','02324-435507','2324-532876'),
 (29985152,'VALERIA','LIZASO','27-26985152-0','mele44@hotmail.com','02324-430797','2324-594018'),
 (30013265,'NATALIA NOELI','NUÑEZ','27-30013265-6','natalian265@hotmail.com','0','2324-640263'),
 (30342598,'MARIA CECILIA MILAGROS','PALACIOS','27-30342598-0','milimariceci@hotmail.com','02324-426518','2324-547417'),
 (30342674,'GABRIELA','MARINELLI','27-30342674-6','gabimarinelli29@gmail.com','0','2324-466308'),
 (30342813,'MARINA VIVIANA','ORELLANA','27-30342813-0','mar_ym@live.com','02324-426510','2324-503755'),
 (30537396,'ROSANA','MONTENEGRO','27-30537396-1','roooomonte@gmail.com','02324-459166','2324-577453'),
 (31114356,'PAOLA','GONZALEZ','27-31114356-0','0','0','2324-476404'),
 (31114389,'YOLANDA LUJAN','CODON','27-31114389-7','toticodon8464hotmail.com','02324-402165','2324679721'),
 (31259343,'MARIA SOLEDAD','TORRES','27-31259343-7','soledadtorres@outlook.com','0','2324-473410'),
 (31618629,'CINTIA ROMINA','DIAZ','27-31618629-2','roh_1985@hotmail.com','0','2324-499869'),
 (31618673,'NADIA','BARBARINO','23-31618673-4','nadiabarbarino@hotmail.com','02324-603364','2324-518199'),
 (32141048,'PAOLA','ZULETA','27-32141048-6','0','0','2324-681141'),
 (32141173,'VERONICA','ORTUBIA','27-32141173-3','0','0','2324-520453'),
 (32141215,'MARIA','GONZALEZ','27-32141215-2','nachoaquino85@live.com.ar','0','2324-540660'),
 (32345781,'YANINA','CODON','27-32345781-1','yaninacodon@hotmail.com','0','2324-617302'),
 (32345816,'YANEL','REAL','27-32345816-8','0','0','2324-533074'),
 (32686511,'YESICA ANALIA','TELLO','27-32686511-2','yesitello31@gmail.com','02324-402369','2324-534099'),
 (32975278,'ESTRELLA FABIANA','DAMONTE','27-32975278-5','estrelladamonte@hotmail.es','0','2324-542628'),
 (33134608,'AGUSTIN','MARAIO','20-33134608-0','0','0','2324-588981'),
 (33134658,'JUAN','GIANNINI','20-33134658-1','0','0','011-44385292'),
 (34241091,'PILAR','SARUGA','27-34241091-5','pilarsaruga@gmail.com','02324-434599','2324-513154'),
 (34241099,'LOURDES','PAZ','27-34241099-0','0','0','2324-622196'),
 (34323217,'JOSEFINA','RODRIGUEZ','27-34323217-4','antoiz6118817@gmail.com','0','2324-505263'),
 (34991522,'JAQUELIN','MANFRIAS','27-34991522-2','0','02324-430238','2324-532676'),
 (36344524,'CORINA YAEL','GRASS','27-36344524-7','0','0','2324-461989'),
 (92740809,'SANDRA','PEREZ','27-92740809-6','susananujiperez@hotmail.com','0','2324-466252'),
 (94283490,'DANIEL','FIOREBELLO','20-94283490-0','dfioreb92@hotmail.com','02324-435632','2324-694848'),
 (171179462,'NOEMI','ZAMBRANO','27-17117946-2','ruama1965@gmail.com','02324-402268','2324-505830'),
 (253448673,'MARICEL FABIANA','ALVAREZ','27-25348673-8','maricelfalvarez@gmail.com','02324-420152','2324-500920'),
 (311414157,'DIEGO','DIAZ','20-31114157-1','0','0','2324-544517');
/*!40000 ALTER TABLE `auxiliar` ENABLE KEYS */;


--
-- Definition of table `director`
--

DROP TABLE IF EXISTS `director`;
CREATE TABLE `director` (
  `idDirector` int(8) unsigned NOT NULL,
  `Nombre` varchar(45) NOT NULL,
  `Apellido` varchar(45) NOT NULL,
  `CUIL` varchar(45) NOT NULL,
  `Email` varchar(45) NOT NULL,
  `TelFijo` varchar(45) NOT NULL,
  `TelCelular` varchar(45) NOT NULL,
  PRIMARY KEY (`idDirector`)
) ENGINE=InnoDB DEFAULT CHARSET=utf8;

--
-- Dumping data for table `director`
--

/*!40000 ALTER TABLE `director` DISABLE KEYS */;
INSERT INTO `director` (`idDirector`,`Nombre`,`Apellido`,`CUIL`,`Email`,`TelFijo`,`TelCelular`) VALUES 
 (10152852,'TERESA','DEL VALLE SANCHEZ','27-10152852-4','teresita_sanchez@hotmail.com','02324-420894','2324-555877'),
 (12109734,'SUSANA','GONZALEZ','27-12109734-1','se-gonzalez@hotmail.com','0','2324-542271'),
 (12960736,'MARIA OFELIA','BARBAGLIA','27-12960736-5','patriciaboffi05@yahoo.com.ar','02324-430418','2324-695503'),
 (14255531,'DOMITILA MARINA','LOPEZ','27-14255531-5','mlopezpiano@hotmail.com','0230-4519321','011-1530706383'),
 (14524086,'ROSA ISABEL','MARTINEZ','27-14524086-2','cea9mercedes@yahoo.com.ar','02324-420305','2324-685937'),
 (14721893,'ADRIANA','ERDINI','27-14721893-7','0','02324-430162','2324-505247'),
 (16196603,'OSCAR','ORDOÑEZ','20-16196603-8','0','0','2324-547976'),
 (16548509,'PATRICIA LILIANA','VOLA','27-16548509-8','patriciavola@hotmail.com','02324-424257','2324-555290'),
 (16910819,'MIRIAM ADELAIDA','AVILA','27-16910819-1','miriammedianeurona@hotmail.com','02324-432535','2324-572296'),
 (17086766,'CLAUDIA ESTHER','ALLEN','27-17086766-7','clau_allen@hotmail.com','02324-420835','2324-691838'),
 (17436137,'STELLA MARIS','DEFELIPPE','27-17436137-7','alletsdefe@yahoo.com.ar','02324-424154','2324-650402'),
 (17521720,'SANDRA','GOMEZ','27-17521720-0','smainagomez@gmail.com','0','2324-648389'),
 (17663128,'MARCELA ALEJANDRA','TOBIA','27-17663128-2','marcelatobia1966@hotmail.com','02324-432242','2324-693033'),
 (18101763,'PABLO SANTIAGO MARTIN','SANA','20-18101763-6','pablosana@yahoo.com.ar','02324-427906','2324-526322'),
 (20028984,'MARISA FERNANDA','IVALDI','27-20028984-1','marival_99@hotmail.com','02324-425446/430268','2324-524663'),
 (20526870,'ANDREA FABIANA','ZUNINO','27-20526870-2','andreazu68@gmail.com','0','2324-588835'),
 (20527177,'FABIANA R','VIGNAU','27-20527177-0','fabianavignau@hotmail.com','02324-428575','2324-461530'),
 (20640441,'ANDREA E.','PEREYRA PALACIO','27-20640441-3','aepp2003@yahoo.com.ar','02324-423682','2324-586773'),
 (20967156,'ESTRELLA','POMBO','27-20967156-0','estrellapombo@hotmail.com.ar','02324-472767','0'),
 (20991725,'STELLA MARIS','BARTOLOMEO','23-20991725-4','stellabartolomeo@gmail.com','0','2324-540726'),
 (20992635,'CARLA','DESANZO','27-20992635-0','carladdes@hotmail.com','0','2324-592191'),
 (21442348,'ANDREA','CESTARI','27-21442348-6','andrea_cestari@yahoo.com.ar','02324-431878','2324-463616'),
 (21541255,'VALERIA MARIA','AMBROSIO','27-21541255-1','ambrosiovale1@gmail.com','0','011-49403568'),
 (21645281,'MARIA LAURA','MARCHESIN','27-21645281-5','jardin902mercedes@hotmail.com','02324-432506','2324-648038'),
 (21715028,'SANDRA VERONICA','ZUNINO','27-21715028-6','sandraveronicazunino@gmail.com','0','2324-551395'),
 (21971578,'MARIA JOSE','CABRAL','27-21971578-7','cabralmariajose@yahoo.com','02324-434843','2324-462896'),
 (22301378,'DANIELA','DAS DORES','27-22301378-9','daniela.dasdores@hotmail.com','02324-431615','2324-466684'),
 (23003989,'MARIA LORENA','LEIVA','27-23003989-0','loleiva@hotmail.com','0','2324-584088'),
 (23070047,'LAURA PATRICIA','SANES','27-23070047-0','lausanes72@hotmail.com','0','2324-675443'),
 (23091449,'ANA INES','CARRUTHERS','23-23091449-4','anacarruthers@yahoo.com.ar','02324-434337','2324-541075'),
 (23291645,'PAOLA','MOLINA','27-23291645-7','paovalemol@gmail.com','02324-422313','2324-583516'),
 (23291716,'ESTEBAN F.','PONCE','estebanponce73@hotmail.com','20-23291716-5','2324-423384','2324-640335'),
 (23418671,'EVANGELINA','FREGOSSI','27-23418671-5','evayaquin@hotmail.com','0','2324-642322'),
 (23724448,'NATALIA','OJEDA','27-23724448-1','nataliaojeda74@yahoo.com.ar','2324-496844','2324-520725'),
 (23724482,'KARINA DANIELA','PESCIO','27-23724482-1','jardin905-070@live.com','02324-433748','2324-462522'),
 (23926061,'MARIA ALEJANDRA','ESCUDERO','27-23926061-1','fotoalex1974@yahoo.com.ar','0','2324-682727'),
 (23935211,'MARIA LORENA','GALLUZZO','27-23935211-7','0','02324-431957','2324-462582'),
 (23935215,'CLAUDIA','TORELLI','23-23935215-4','cetorelli@hotmail.com','02324-427019','2324-649713'),
 (24113114,'ELSA CRISTINA','ALEGRE','27-24113114-4','elsacalegre@gmail.com','0','2324-40600549'),
 (24585234,'NATALIA','NUÑEZ','27-24585234-2','natalialu2004@yahoo.com.ar','0','2324-690570'),
 (25023027,'LORENA','CERSOSIMO','27-25023027-9','lorena_cersosimo@hotmail.com','0','2324-473972'),
 (25023217,'SEBASTIAN EDUARDO','MINADEVINO','23-25023217-9','sebaminadevino@hotmail.com','0','2324-588248'),
 (25895857,'DANIELA','TURNES','27-25895857-3','mafis_77@hotmail.com','0','2324-587502'),
 (26576761,'MARIO GABRIEL','TILLI','20-26576761-4','mario-tlli@yahoo.com.ar','0','2324-561273'),
 (26576787,'FABIAN DAVID','RODRIGUEZ','20-26576787-8','fabian_davidrodriguez@hotmail.com','0','2324-648196'),
 (27191312,'MARIA CECILIA','MINADEVINO','27-27191312-0','0','0','2324-522180'),
 (27191394,'CRISTINA','CZORNY','27-27191394-5','crisczorny@hotmail.com','0','2324-478097'),
 (28730720,'MARIA YAEL','CADENAZZO','27-28730720-4','yaelcadenazzo@hotmail.com','0','2324-509130'),
 (29491453,'ROMINA','BOCA','2729491453-1','bocaromina@hotmail.com','0','2324-538333'),
 (29912900,'MARIANA ROSALIA','MOYANO','23-29912900-4','marianamayorano@hotmail.com','0','2324-570680'),
 (32141103,'KARINA SOLEDAD','CRETELLA','27-32141103-2','karinacretella@hotmail.com','0','2324-562792'),
 (32844463,'MACARENA','URABAYEN','27-32844463-7','macurabayen@gmail.com','0','2324-462814'),
 (35866720,'PAULA','LOSSINO','27-35866720-7','pau_losinno@gmail.com','0','2324-683674'),
 (110466531,'IRENE','CASARETTO','27-11046653-1','irenecasaretto2016@gmail.com','02324-603732','2324-586044');
/*!40000 ALTER TABLE `director` ENABLE KEYS */;


--
-- Definition of table `documentacionproveedores`
--

DROP TABLE IF EXISTS `documentacionproveedores`;
CREATE TABLE `documentacionproveedores` (
  `idDocProv` int(10) unsigned NOT NULL AUTO_INCREMENT,
  `idProveedor` int(10) unsigned NOT NULL,
  `FormInsc` tinyint(1) NOT NULL,
  `FotoDNI` tinyint(1) NOT NULL,
  `ConstCUIT` tinyint(1) NOT NULL,
  `ConstIBB` tinyint(1) NOT NULL,
  `Form404` tinyint(1) NOT NULL,
  `HabMuni` tinyint(1) NOT NULL,
  `ProbEst` tinyint(1) NOT NULL,
  `Otros` tinyint(1) NOT NULL,
  `Fecha` date NOT NULL,
  PRIMARY KEY (`idDocProv`)
) ENGINE=InnoDB AUTO_INCREMENT=130 DEFAULT CHARSET=utf8;

--
-- Dumping data for table `documentacionproveedores`
--

/*!40000 ALTER TABLE `documentacionproveedores` DISABLE KEYS */;
INSERT INTO `documentacionproveedores` (`idDocProv`,`idProveedor`,`FormInsc`,`FotoDNI`,`ConstCUIT`,`ConstIBB`,`Form404`,`HabMuni`,`ProbEst`,`Otros`,`Fecha`) VALUES 
 (1,1,0,0,0,0,0,0,0,0,'2021-01-01'),
 (2,2,0,0,0,0,0,1,0,0,'2021-01-01'),
 (3,3,0,0,0,0,0,0,0,0,'2021-01-01'),
 (4,4,0,0,0,0,0,0,0,0,'2021-01-01'),
 (5,5,0,0,0,0,0,0,0,0,'2021-01-01'),
 (6,6,0,0,0,0,0,0,0,0,'2021-01-01'),
 (7,7,0,0,0,0,0,0,0,0,'2021-01-01'),
 (8,8,0,0,0,0,0,0,0,0,'2021-01-01'),
 (9,9,0,0,0,0,0,0,0,0,'2021-01-01'),
 (10,10,0,0,0,0,0,0,0,0,'2021-01-01'),
 (11,11,0,0,0,0,0,0,0,0,'2021-01-01'),
 (12,12,0,0,0,0,0,0,0,0,'2021-01-01'),
 (13,13,0,0,0,0,0,0,0,0,'2021-01-01'),
 (14,14,0,0,0,0,0,0,0,0,'2021-01-01'),
 (15,15,0,0,0,0,0,0,0,0,'2021-01-01'),
 (16,16,0,0,0,0,0,0,0,0,'2021-01-01'),
 (17,17,0,0,0,0,0,0,0,0,'2021-01-01'),
 (18,18,0,0,0,0,0,0,0,0,'2021-01-01'),
 (19,19,0,0,0,0,0,0,0,0,'2021-01-01'),
 (20,20,0,0,0,0,0,0,0,0,'2021-01-01'),
 (21,21,0,0,0,0,0,0,0,0,'2021-01-01'),
 (22,22,0,0,0,0,0,0,0,0,'2021-01-01'),
 (23,23,0,0,0,0,0,0,0,0,'2021-01-01'),
 (24,24,0,0,0,0,0,0,0,0,'2021-01-01'),
 (25,25,0,0,0,0,0,0,0,0,'2021-01-01'),
 (26,27,0,0,0,0,0,0,0,0,'2021-01-01'),
 (27,28,0,0,0,0,0,0,0,0,'2021-01-01'),
 (28,29,0,0,0,0,0,0,0,0,'2021-01-01'),
 (29,30,0,0,0,0,0,0,0,0,'2021-01-01'),
 (30,31,0,0,0,0,0,0,0,0,'2021-01-01'),
 (31,32,0,0,0,0,0,0,0,0,'2021-01-01'),
 (32,33,0,0,0,0,0,0,0,0,'2021-01-01'),
 (33,34,0,0,0,0,0,0,0,0,'2021-01-01'),
 (34,35,0,0,0,0,0,0,0,0,'2021-01-01'),
 (35,36,0,0,0,0,0,0,0,0,'2021-01-01'),
 (36,37,0,0,0,0,0,0,0,0,'2021-01-01'),
 (37,38,0,0,0,0,0,0,0,0,'2021-01-01'),
 (38,39,0,0,0,0,0,0,0,0,'2021-01-01'),
 (39,41,0,0,0,0,0,0,0,0,'2021-01-01'),
 (40,42,0,0,0,0,0,0,0,0,'2021-01-01'),
 (41,43,0,0,0,0,0,0,0,0,'2021-01-01'),
 (42,45,0,0,0,0,0,0,0,0,'2021-01-01'),
 (43,46,0,0,0,0,0,0,0,0,'2021-01-01'),
 (44,47,0,0,0,0,0,0,0,0,'2021-01-01'),
 (45,48,0,0,0,0,0,0,0,0,'2021-01-01'),
 (46,49,0,0,0,0,0,0,0,0,'2021-01-01'),
 (47,50,0,0,0,0,0,0,0,0,'2021-01-01'),
 (48,51,0,0,0,0,0,0,0,0,'2021-01-01'),
 (49,52,0,0,0,0,0,0,0,0,'2021-01-01'),
 (50,53,0,0,0,0,0,0,0,0,'2021-01-01'),
 (51,54,0,0,0,0,0,0,0,0,'2021-01-01'),
 (52,55,0,0,0,0,0,0,0,0,'2021-01-01'),
 (53,56,0,0,0,0,0,0,0,0,'2021-01-01'),
 (54,57,0,0,0,0,0,0,0,0,'2021-01-01'),
 (55,58,0,0,0,0,0,0,0,0,'2021-01-01'),
 (56,59,0,0,0,0,0,0,0,0,'2021-01-01'),
 (57,60,0,0,0,0,0,0,0,0,'2021-01-01'),
 (58,61,0,0,0,0,0,0,0,0,'2021-01-01'),
 (59,62,0,0,0,0,0,0,0,0,'2021-01-01'),
 (60,63,0,0,0,0,0,0,0,0,'2021-01-01'),
 (61,65,0,0,0,0,0,0,0,0,'2021-01-01'),
 (62,66,0,0,0,0,0,0,0,0,'2021-01-01'),
 (63,67,0,0,0,0,0,0,0,0,'2021-01-01'),
 (64,68,0,0,0,0,0,0,0,0,'2021-01-01'),
 (65,69,0,0,0,0,0,0,0,0,'2021-01-01'),
 (66,70,0,0,0,0,0,0,0,0,'2021-01-01'),
 (67,71,0,0,0,0,0,0,0,0,'2021-01-01'),
 (68,72,0,0,0,0,0,0,0,0,'2021-01-01'),
 (69,73,0,0,0,0,0,0,0,0,'2021-01-01'),
 (70,74,0,0,0,0,0,0,0,0,'2021-01-01'),
 (71,75,0,0,0,0,0,0,0,0,'2021-01-01'),
 (72,76,0,0,0,0,0,0,0,0,'2021-01-01'),
 (73,77,0,0,0,0,0,0,0,0,'2021-01-01'),
 (74,78,0,0,0,0,0,0,0,0,'2021-01-01'),
 (75,79,0,0,0,0,0,0,0,0,'2021-01-01'),
 (76,80,0,0,0,0,0,0,0,0,'2021-01-01'),
 (77,81,0,0,0,0,0,0,0,0,'2021-01-01'),
 (78,82,0,0,0,0,0,0,0,0,'2021-01-01'),
 (79,83,0,0,0,0,0,0,0,0,'2021-01-01'),
 (80,84,0,0,0,0,0,0,0,0,'2021-01-01'),
 (81,85,0,0,0,0,0,0,0,0,'2021-01-01'),
 (82,86,0,0,0,0,0,0,0,0,'2021-01-01'),
 (83,87,0,0,0,0,0,0,0,0,'2021-01-01'),
 (84,88,0,0,0,0,0,0,0,0,'2021-01-01'),
 (85,89,0,0,0,0,0,0,0,0,'2021-01-01'),
 (86,90,0,0,0,0,0,0,0,0,'2021-01-01'),
 (87,91,0,0,0,0,0,0,0,0,'2021-01-01'),
 (88,92,0,0,0,0,0,0,0,0,'2021-01-01'),
 (89,93,0,0,0,0,0,0,0,0,'2021-01-01'),
 (90,94,0,0,0,0,0,0,0,0,'2021-01-01'),
 (91,97,0,0,0,0,0,0,0,0,'2021-01-01'),
 (92,98,0,0,0,0,0,0,0,0,'2021-01-01'),
 (93,99,0,0,0,0,0,0,0,0,'2021-01-01'),
 (94,100,0,0,0,0,0,0,0,0,'2021-01-01'),
 (95,101,0,0,0,0,0,0,0,0,'2021-01-01'),
 (96,102,0,0,0,0,0,0,0,0,'2021-01-01'),
 (97,103,0,0,0,0,0,0,0,0,'2021-01-01'),
 (98,104,0,0,0,0,0,0,0,0,'2021-01-01'),
 (99,105,0,0,0,0,0,0,0,0,'2021-01-01'),
 (100,106,0,0,0,0,0,0,0,0,'2021-01-01'),
 (101,107,0,0,0,0,0,0,0,0,'2021-01-01'),
 (102,108,0,0,0,0,0,0,0,0,'2021-01-01'),
 (103,109,0,0,0,0,0,0,0,0,'2021-01-01'),
 (104,110,0,0,0,0,0,0,0,0,'2021-01-01'),
 (105,111,0,0,0,0,0,0,0,0,'2021-01-01'),
 (106,112,0,0,0,0,0,0,0,0,'2021-01-01'),
 (107,113,0,0,0,0,0,0,0,0,'2021-01-01'),
 (108,114,0,0,0,0,0,0,0,0,'2021-01-01'),
 (109,115,0,0,0,0,0,0,0,0,'2021-01-01'),
 (110,116,0,0,0,0,0,0,0,0,'2021-01-01'),
 (111,117,0,0,0,0,0,0,0,0,'2021-01-01'),
 (112,118,0,0,0,0,0,0,0,0,'2021-01-01'),
 (113,119,0,0,0,0,0,0,0,0,'2021-01-01'),
 (114,120,0,0,0,0,0,0,0,0,'2021-01-01'),
 (115,121,0,0,0,0,0,0,0,0,'2021-01-01'),
 (116,122,0,0,0,0,0,0,0,0,'2021-01-01'),
 (117,123,0,0,0,0,0,0,0,0,'2021-01-01'),
 (118,124,0,0,0,0,0,0,0,0,'2021-01-01'),
 (119,125,0,0,0,0,0,0,0,0,'2021-01-01'),
 (120,126,0,0,0,0,0,0,0,0,'2021-01-01'),
 (121,127,0,0,0,0,0,0,0,0,'2021-01-01'),
 (122,128,0,0,0,0,0,0,0,0,'2021-01-01'),
 (123,129,0,0,0,0,0,0,0,0,'2021-01-01'),
 (124,130,0,0,0,0,0,0,0,0,'2021-01-01'),
 (125,131,0,0,0,0,0,0,0,0,'2021-01-01'),
 (126,132,0,0,0,0,0,0,0,0,'2021-01-01'),
 (127,133,0,0,0,0,0,0,0,0,'2021-01-01'),
 (128,134,0,0,0,0,0,0,0,0,'2021-01-01'),
 (129,135,0,0,0,0,0,0,0,0,'2021-01-01');
/*!40000 ALTER TABLE `documentacionproveedores` ENABLE KEYS */;


--
-- Definition of table `escuela`
--

DROP TABLE IF EXISTS `escuela`;
CREATE TABLE `escuela` (
  `Cue` varchar(9) NOT NULL,
  `Tipo` varchar(45) NOT NULL,
  `Nombre` varchar(45) NOT NULL,
  `Direccion` varchar(45) NOT NULL,
  `Ciudad` varchar(45) DEFAULT NULL,
  `Tel1` varchar(45) NOT NULL,
  `Tel2` varchar(45) NOT NULL,
  `Email` varchar(45) DEFAULT NULL,
  `CantSecc` int(10) unsigned DEFAULT NULL,
  `Matricula` int(10) unsigned DEFAULT NULL,
  `Comedor` varchar(45) DEFAULT NULL,
  `Cupo` int(10) unsigned DEFAULT NULL,
  `Cooperadora` varchar(2) DEFAULT NULL,
  `FechaAsamblea` date DEFAULT NULL,
  PRIMARY KEY (`Cue`),
  KEY `FK_escuela_1` (`Comedor`),
  CONSTRAINT `FK_escuela_1` FOREIGN KEY (`Comedor`) REFERENCES `tcomedor` (`Comedor`)
) ENGINE=InnoDB DEFAULT CHARSET=utf8;

--
-- Dumping data for table `escuela`
--

/*!40000 ALTER TABLE `escuela` DISABLE KEYS */;
INSERT INTO `escuela` (`Cue`,`Tipo`,`Nombre`,`Direccion`,`Ciudad`,`Tel1`,`Tel2`,`Email`,`CantSecc`,`Matricula`,`Comedor`,`Cupo`,`Cooperadora`,`FechaAsamblea`) VALUES 
 ('060079100','ADULTO','\"Gral. Jose de San Martin\" N° 701','Calle 27 N° 1174','Mercedes','427463/427904','2324-536665','de0700701@abc.com.ar',0,0,'NO TIENE',0,'SI','2018-10-10'),
 ('060155000','JI','\"Cap Gral J.J. Urquiza\" N° 915','Av 29 N°874','Mercedes','434339/420245','2324-510109','ji070915@abc.gov.ar',0,0,'NO TIENE',0,'SI','2018-10-05'),
 ('060191100','JI','\"Merceditas de San Martin\" N° 901','Av 17  N°484','Mercedes','425040/430255','2324-647217/479099','ji070901@abc.gov.ar',0,0,'NO TIENE',0,'SI','2018-10-04'),
 ('060232700','EP','\"Honoria Eguren de Esnaola\" N°16','0','Mercedes','480284','2324-695905/695899/679049','pp0700016@abc.gov.ar',0,0,'NO TIENE',0,'SI','2018-10-08'),
 ('060232800','JI','\"Jardin de Infantes N°913\"','Estacion M.S. Garcia','Mercedes','-----------------------------------------','2324-560973/695897','ji070913@abc.gov.ar',1,15,'ALMUERZO Y MERIENDA',15,'SI','2018-10-05'),
 ('060232900','EP','\"Laura Rossi de Stella\"  N°4','CuartelXII Camino del sobran','Mercedes','0','2324-695895/695905/538333','pp070004abc.gov.ar',1,7,'DESAYUNO Y ALMUERZO',7,'SI','2018-10-08'),
 ('060233000','EP','\"Mariano Moreno\" N°21','Cuartel VIII Camino Viejo a Navarro','Mercedes','0','2324-695858/461530','@pp0700021@abc.gov.ar',1,15,'SOLO DESAYUNO',15,'SI','2018-10-08'),
 ('060233100','EP','\"Gabriela Mistral\" N°32','Cuartel XIX','Mercedes(Goldney)','0','2324-695919/472767','pp0700032@abc.gov.ar',1,5,'SOLO DESAYUNO',5,'SI','2018-10-08'),
 ('060233200','EP','\"Hipolito Yrigoyen\" N°30','Calle 55 N°288','Mercedes','421135/428436','2324-527632','pp0700030@abc.gov.ar',6,140,'ALMUERZO Y MERIENDA',140,'SI','2018-10-08'),
 ('060233300','CEPT','C.E.P.T.N°4','0','Mercedes','434478','2324692200','0',1,104,'DESAYUNO, ALMUERZO Y MERIENDA',104,'SI','2018-10-09'),
 ('060233400','JI','\"Ejercito Argentino\" N° 904','clle 35 esq 104','Mercedes','427985/428206','2324-524663','ji070904@abc.gob.ar',10,213,'DESAYUNO Y MERIENDA',213,'SI','2018-10-05'),
 ('060233500','EP','\"Tierra del fuego e Islas del Atl. Sur\"','CuartelXII','Mercedes','0','2324-555290','pp070006@abc.gov.ar',1,3,'SOLO DESAYUNO',3,'SI','2018-10-08'),
 ('060238000','EEE','\"Pauls Harris\" N° 503','Calle 30 N°110','Mercedes','426982/426973/424911','0','oee0700503@abc.gov.ar',41,167,'DESAYUNO, ALMUERZO Y MERIENDA',35,'SI','2018-10-09'),
 ('060238100','EP','\"Nicolas Avellaneda\"  N°36','Calle 32 e/ 59 y 61','Mercedes','434156','2324-550658','pp0700036@abc.gov.ar',0,0,'NO TIENE',0,'SI','2018-10-08'),
 ('060238200','JI','\"Jardin de Infantes N° 914\"','calle 36 e/ 3 y7','Mercedes','427000/430154/422776','2324-560280','ji070914@abc.gov.ar',0,0,'NO TIENE',0,'SI','2018-10-05'),
 ('060238300','EP','\"Esteban Echeverria\" N° 12','Calle 34 y Ruta 41','Mercedes','430224/433374','2324-650402','pp070012@abc.gov.ar',6,100,'DESAYUNO, ALMUERZO Y MERIENDA',100,'SI','2018-10-12'),
 ('060238400','JI','\"Daniel Gowland\" N° 908','clle 512 esq 507','Agote','428124','2324-462582','ji070908@abc.gov.ar',5,118,'DESAYUNO, ALMUERZO Y MERIENDA',118,'SI','2018-10-05'),
 ('060238500','EP','\"Martin Fierro\"  N°17','Calle 616 esquina 629','Mercedes (Altamira)','434744','2324-462814','pp0700017@abc.gov.ar',6,131,'DESAYUNO, ALMUERZO Y MERIENDA',151,'SI','2018-10-08'),
 ('060245200','EP','\"Fay Mamerto Esquiu\"  N°19','Calle 11 esquina 168','Mercedes','0','2324-551395','pp0700019@abc.gov.ar',3,70,'DESAYUNO Y ALMUERZO',70,'SI','2018-10-08'),
 ('060245300','EP','\"Jose Hernandez\"  N°23','0','Mercedes(Goldney)','0','2324-695898/695911/','pp0700023@abc.gov.ar',1,18,'SOLO MERIENDA',18,'SI','2018-10-08'),
 ('060245400','EP','\"Nuestra Señora de Lujan\" N°33','Cuartel XVII','Mercedes(San Jacinto)','421507','2324-695918/540726','pp0700033@abc.gov.ar',1,6,'SOLO DESAYUNO',6,'SI','2018-10-08'),
 ('060245500','EP','\"Provincia de Santa Cruz\"  N°29','Cuartel XII','Mercedes(La Verde)','421135/428436','2324-695927/583516','pp0700029@abc.gov.ar',1,6,'DESAYUNO Y ALMUERZO',6,'SI','2018-10-08'),
 ('060245600','EP','\"Provincia del Chaco\"  N°26','Cuartel XVII','Mercedes','0','2324-695908/646999','pp0700026@abc.gov.ar',3,39,'DESAYUNO Y ALMUERZO',39,'SI','2018-10-08'),
 ('060245700','EP','\"Patricias Argentinas\"  N°24','0','Mercedes (Tomas jofre-Jorge Born)','434323','2324/682727/695899','pp0700024@abc.gov.ar',2,26,'DESAYUNO Y ALMUERZO',26,'SI','2018-10-08'),
 ('060251500','EP','\"Ceferino Namuncura\" N°28','Cuartel XV','Mercedes','0','2324-695910/555290','pp0700028@abc.gov.ar',2,22,'SOLO MERIENDA',22,'SI','2018-10-08'),
 ('060325900','JI','\"Jardin de Infantes N°911\"','calle 626 esq 613','Altamira','-------------------------------------------','2324-560972','ji070911@abc.gov.ar',0,0,'NO TIENE',0,'SI','2018-10-05'),
 ('060345500','CM','Conservatorio de Musica\"','Calle 12 N°520','Mercedes','424584/426368','2324-011-1530638','am070001@abc.gov.ar',0,420,'NO TIENE',0,'SI','2018-10-09'),
 ('060506000','EP','\"Almafuerte\"  N°10','Calle 23 N° 945','Mercedes','425951/432915','2324-551395','pp0700010@abc.gov.ar',6,115,'SOLO MERIENDA',115,'SI','2018-10-08'),
 ('060519600','JI','\"Jardin de Infantes N°906\"','Av 29 N°289','Mercedes','424771/421100','2324-642911','ji070906@abc.gov.ar',1,14,'SOLO DESAYUNO',14,'SI','2018-10-05'),
 ('060519700','JI','\"Islas Malvinas\" N°909','clle 16 e/ 103 y 105','Mercedes','431020/421434','2324-523878','ji070909@abc.gov.ar',0,0,'NO TIENE',0,'SI','2018-10-05'),
 ('060609300','ISFDYT','\"Inst.Sup.  de Form. Doc. y Tec. N°137\"','Av 29 e/ 38 y 36','Mercedes','420245/430886','2324-691461','ois0700137@abc.gov.ar',0,0,'NO TIENE',0,'SI','2018-10-09'),
 ('060609400','EES','\"Cap. Gral.Justo J: de Urquiza\"  N°5','AV.29 N°874','Mercedes','0','2324-555877','0',21,0,'NO TIENE',0,'SI','2018-10-08'),
 ('060609500','EES','\"Jorge Alvarez de Ofeza\" N°1','Av 47 N°693','Mercedes','431589','2324-505247','0',0,0,'NO TIENE',0,'SI','2018-10-08'),
 ('060610200','EESA','\"Ing. Ag. Hugo Miatello\" N°1','Ruta 41 y Av. Dorrego','Mercedes','431816/405016/427827','2324-537944','ma070001@abc.gov.ar',9,180,'DESAYUNO, ALMUERZO Y MERIENDA',200,'SI','2018-10-09'),
 ('060728300','JI','\"Granaderos de San Martin\" N° 902','calle 27 esquina 44','Mercedes','425927/430413','2324-648038','ji070902@abc.gov.ar',0,0,'NO TIENE',0,'SI','2018-10-05'),
 ('060761500','EES','\"Florentino Ameguino\" N°3','Av 17 N°725','Mercedes','426044/430410/433970','2324-464388','0',26,727,'NO TIENE',0,'SI','2018-10-08'),
 ('060810700','EP','\"Republica Argentina\"  N°31','Ruta 41, Camino a Navarro','Mercedes','0','2324-695920','pp0700031@abc.gov.ar',1,14,'SOLO DESAYUNO',14,'SI','2018-10-08'),
 ('060810800','EP','\"General Viamonte\" N°13','Calle 102 esquina 35','Mercedes','423542/433527','2324-640335','pp0700013@abc.gov.ar',16,340,'DESAYUNO Y MERIENDA',0,'SI','2018-10-08'),
 ('060811100','JI','\"Gral Viamonte\" N° 903','call8 esq 59','Mercedes','424563/430477','2324-563848','ji070903@abc.gob.ar',9,198,'DESAYUNO, ALMUERZO Y MERIENDA',175,'SI','2018-10-05'),
 ('060812900','JI','\"Heroes de Malvinas\" N° 907','Av 47 e/ 36 y 38','Mercedes','430599/428457','2324-460429','ji070907@abc.gov.ar',0,0,'NO TIENE',0,'SI','2018-10-05'),
 ('060824000','EP','\"Paula Albarracin\" N°14','Cuartel VI La Tablada','Mercedes','0','2324-560969/679049','@',0,0,'NO TIENE',0,'SI','2018-10-08'),
 ('060825200','EP','\"Bartolome Mitre\" N°25','Cuartel XV','Mercedes(Garcia)','0','2324-695911/695909/514839','pp0700025@abc.gob.ar',0,0,'NO TIENE',0,'SI','2018-10-08'),
 ('060830000','EP','\"Ricardo Gutierrez\" N°27','Cuartel XII','Mercedes','0','2324-695909/562727','pp0700027@abc.gov.ar',0,0,'NO TIENE',0,'SI','2018-10-08'),
 ('060940100','EP','\"Juan Bautista Alberdi\" N°20','0','Mercedes (Gowland)','433546','2324-462161','pp0700020@abc.gov.ar',0,0,'NO TIENE',0,'SI','2018-10-08'),
 ('060940200','JI','\"Jardin de Infantes N° 912\"','calle 34 e/ 131 y 133','Mercedes','427072','2324-560280','ji070912@abc.gov.ar',0,0,'NO TIENE',0,'SI','2018-10-05'),
 ('060958500','EP','\"Escuela de Educacion Primaria N°37\"','Calle 106 esquina 16','Mercedes','420851/433883','2324-586773','pp0700037@abc.gov.ar',22,558,'DESAYUNO Y MERIENDA',558,'SI','2018-10-08'),
 ('060958600','EP','\"Gral Jose de San Martin\"  N°2','Calle 26 N°735','Mercedes','426849','2324-531172','pp070002@abc.gov.ar',0,0,'NO TIENE',0,'SI','2018-10-08'),
 ('060958900','EP','\"Almirante Guillermo Brown\"  N°35','Calle 16 esquina 101','Mercedes','434722/425319','2324-542271','pp0700035@abc.gov.ar',0,0,'NO TIENE',0,'SI','2018-10-08'),
 ('060959000','EP','\"Domingo Faustino Sarmiento\" N°7','Av. 29 N°295','Mercedes','422589/432765','2324-467777','pp070007@abc.gov.ar',0,0,'NO TIENE',0,'SI','2018-10-08'),
 ('060959200','EP','\"Roberto J. Payro\"  N°3','Calle 16 N°1155','Mercedes','420832','2324-519548','pp070003@abc.gov.ar',12,249,'DESAYUNO, ALMUERZO Y MERIENDA',150,'SI','2018-10-08'),
 ('060959300','ADULTO','N° 702','Av. 29 N°295','Mercedes','427415/425788','2324-531172','de0700702@abc.gov.ar',7,141,'SOLO MERIENDA',90,'SI','2018-10-10'),
 ('060959301','ADULTO','N° 704','Calle 55 N° 288','Mercedes','421135','0','odc0700704@abc.gov.ar',4,52,'NO TIENE',0,'SI','2018-10-10'),
 ('060959302','ADULTO','N° 705','Calle 16 esquina 101','Mercedes','428398/428430','0','odc0700705@abc.gov.ar',2,24,'NO TIENE',0,'SI','2018-10-10'),
 ('060959303','ADULTO','N° 706','Calle 102 esquina 35','Mercedes','428257','0','odc0700706@abc.gov.ar',0,0,'NO TIENE',0,'SI','2018-10-10'),
 ('060960400','ISFDYT','\"Inst. Sup. Form. Doc. y Tec. N°7\"','Calle 24 N°338','Mercedes','432390/430587','2324-491259','is070007@abc.gov.ar',27,314,'NO TIENE',0,'SI','2018-10-09'),
 ('060960500','EEST','\"Nstra. Sra. de las Mercedes\" N°1','Calle 31 N°51','Mercedes','434181/421247/434011','2324-466684','mt070001@abc.gov.ar',23,400,'NO TIENE',0,'SI','2018-10-09'),
 ('060961000','JI','\"Ricardo Fortunato Olivera\" N° 910','calle 13 esq 106','Mercedes','434326/433786/425513','2324-551706','ji070910@abc.gob.ar',8,187,'NO TIENE',0,'SI','2018-10-05'),
 ('060961100','JI','\"Cuerpos de Arribeños\" N° 905','calle 31 N° 725','Mercedes','434570/434302','2324-473972','ji070905@abc.gov.ar',10,211,'NO TIENE',0,'SI','2018-10-05'),
 ('061002200','EP','\"Nuestra Señora de las Mercedes\"  N°8','Calle 15 N° 304','Mercedes','427160','2324-463616','pp070008@abc.gov.ar',12,241,'DESAYUNO, ALMUERZO Y MERIENDA',110,'SI','2018-10-08'),
 ('061151900','EP','\"Victor Mercante\"  N°1','Calle 24 N° 338','Mercedes','423384/432118','2324-640335','pp070001@abc.gov.ar',18,384,'NO TIENE',0,'SI','2018-10-08'),
 ('061152000','CENS','\"centro de Educ. de Nivel Superior N°451\"','Calle 6 e/ 31 y 35','Mercedes','432360','2324-693056','dm070451@abc.gov.ar',0,0,'NO TIENE',0,'SI','2018-10-09'),
 ('061152400','EP','\"General Manuel Belgrano\"  N°11','Republica de Chile esquina 54','Mercedes','420670/433087','2324-551395','pp0700011@abc.gov.ar',0,0,'NO TIENE',0,'SI','2018-10-08'),
 ('061152500','EA','\"Escuela de Arte N°2\"','Calle 24 N°464','Mercedes','426549/424213/424286','2324-462901','aa070002@abc.gov.ar',10,188,'NO TIENE',0,'SI','2018-10-09'),
 ('061249500','JI','\"Jardin de Infantes N° 916\"','Prolong 11 y 168','Mercedes','---------------------------------------------','2324-560974/472123','ji070916@abc.gov.ar',0,0,'NO TIENE',0,'SI','2018-10-05'),
 ('061249900','JI','\"Ricardo Puricelli\" N° 917','Calle 805 e/ 808 y 810','Tomas Jofre','------------------------------------------','2324-560975/695896/691838','ji070917@abc.gov.ar',3,21,'DESAYUNO Y ALMUERZO',21,'SI','2018-10-05'),
 ('061253500','EEE','N° 504','Calle 12 N°928','Mercedes','427387/431339','2324-467960','oee0700504@abc.gov.ar',0,0,'NO TIENE',0,'SI','2018-10-09'),
 ('061387200','JI','\"Florencio Molina Campos\" N° 918','Cuartel VI La Tablada','Mercedes','--------------------------------------------','2324-695897/695858/587502','ji070918@abc.gov.ar',1,17,'DESAYUNO Y ALMUERZO',17,'SI','2018-10-05'),
 ('061394200','EP','\"Capitan Gral Justo Jose de Urquiza\" N°38','Av 29 e/36 y 38','Mercedes','423075/428578','2324-525364','pp0700038@abc.gov.ar',0,0,'NO TIENE',0,'SI','2018-10-08'),
 ('061491400','JIRIMM','\"Jardin de Infantes de Matricula Minima N°1\"','Cuartel XIX','Goldney','---------------------------------------------','2324-695896/695906','ojs0700001@abc.gov.ar',0,0,'NO TIENE',0,'SI','2018-10-05'),
 ('061511700','CFI','\"Centro de Form. Laboral\"','Calle 38 e/ 47 y45','Mercedes','428686','2324-535095','sc070001@abc.gov.ar',0,0,'NO TIENE',0,'SI','2018-10-09'),
 ('061511800','CFP','\"Centro de Formacion Profesional\"N°401','Calle 24 esquina 37','Mercedes','428425/428438','2324-588248','df070401@abc.gov.ar',50,808,'NO TIENE',0,'SI','2018-10-09'),
 ('061532300','CEA','\"Centro de Educacion Agraria\"','RUTA 41 Y AV. DORREGO','Mercedes','02324-431816/427827/405016','0','0',7,150,'NO TIENE',0,'SI','2018-11-28'),
 ('061624300','JI','\"Jardin de Infantes N° 919 \"','Calle 119 esq 318','Mercedes','428166','2324-509130','ji070919@abc.gov.ar',3,67,'DESAYUNO Y ALMUERZO',67,'SI','2018-10-05'),
 ('061636300','CEF','\"Centro de Educacion Fisica\" N°40','Calle 30 N°1080','Mercedes','428692','2324-584324/521611','fc070040@abc.gov.ar',89,2005,'NO TIENE',0,'SI','2018-10-09'),
 ('061653900','CEC','C.E.C. N° 801','Calle 36 N°820','Mercedes','421077','2324-519293','sc070001@abc.gov.ar',0,0,'NO TIENE',0,'SI','2018-10-09'),
 ('061713000','EEST','\"Dr. Luis Federico Leloir\" N°2','Calle 509 e/504 y 502','Mercedes (Gowland)','421421','2324-592191','omt0700002@abc.gov.ar',0,0,'NO TIENE',0,'SI','2018-10-09'),
 ('061715400','JIRIMM','SEIMMN°3 (Funciona en P 27)','Cuartel XII, 663 Ex Prolong. 114','Mercedes','---------------------------------------------','2324-586232','ojs0700003@abc.gov.ar',0,0,'NO TIENE',0,'SI','2018-10-05'),
 ('061870900','EES','\"Esc. de Educ. Secundaria N°14\"\"','Calle 26 e/ 13 y 15','Mercedes','426857','2324-478097','0',0,0,'NO TIENE',0,'SI','2018-10-09'),
 ('061871000','EES','\"Esc. de Educ. Secundaria N°12\"','Calle 26 N° 732','Mercedes','0','2324-526322','0',14,329,'NO TIENE',0,'SI','2018-10-09'),
 ('061871100','EES','\"Esc. de Educ. Secundaria N°15\"','Av. 29 N°295','Mercedes','420947/422589','2324-555877','0',8,183,'NO TIENE',0,'SI','2018-10-09'),
 ('061871300','EES','\"Esc. de Educ. Secundaria N°13\"','Calle 6 e/31 y 35','Mercedes','4432360','2324-503301','0',0,0,'NO TIENE',0,'SI','2018-10-09'),
 ('061892000','EES','\"Esc.deEducacion.Secundaria\" N°8','Call23 N°945 e/38 y 40','Mercedes','425951','2324-514878','0',0,0,'NO TIENE',0,'SI','2018-10-08'),
 ('062020100','CFP','\"Centro de Formacion Profesional N°402\"','Av 47 esquina 26','Mercedes','0','2324537154','df070402@abc.gov.ar',0,0,'NO TIENE',0,'SI','2018-10-09'),
 ('062055400','EES','\"Rene Favaloro\" N°9','Calle 34 N°3825','Mercedes','421854','22324-643411','0',0,0,'NO TIENE',0,'SI','2018-10-09'),
 ('062066100','JIRIMM','SEIMM N°4','Cuartel XV','Mercedes','0','2324-541075','ojs0700004@abc.gov.ar',1,6,'SOLO MERIENDA',6,'SI','2018-10-05'),
 ('062091600','CATDI','N°1','0','Mercedes','0','0','0',8,188,'NO TIENE',0,'SI','2018-11-23'),
 ('062091900','JIRIMM','\"Jardin de Infantes de Matricula Minima N° 5\"','Cuartel VII Los Troncos','Mercedes','0','2324-473972','ojs0700005@abc.gov.ar',1,14,'SOLO DESAYUNO',14,'SI','2018-10-05'),
 ('062092000','EEE','Escuela de Educacion Estetica N°1','Calle 11 e/ 9 y 6','Mercedes','0','2324-586773','0',13,178,'NO TIENE',0,'SI','2018-11-05'),
 ('062161700','JIRIMM','\"Jardin de Infantes de Matricula Minima N°2\"','Cuartel XVI Estancia \"La Angelita\"','Mercedes','--------------------------------------------','2324-560976/578999/685749','ojs0700002@abc.gov.ar',0,0,'NO TIENE',0,'SI','2018-10-05'),
 ('062198500','JIRIMM','\"Jardin de Infantes de Matricula Minima N°6\"','Calle 26 Prolong Oeste','Mercedes','0','011-1540600549','ojs0700006@abc.gov.ar',0,0,'NO TIENE',0,'SI','2018-10-05'),
 ('062208400','EES','\"Esc. de Educacion Secundaria \"N°7','Calle55 N°288','Mercedes','421135','2324-675443/512197','0',6,118,'DESAYUNO Y ALMUERZO',118,'SI','2018-10-08'),
 ('062235800','EES','\"Esc. de Educ. Secundaria N°10\"','Call 16 esquina 101','Mercedes','428389','2324-594588','0',0,0,'NO TIENE',0,'SI','2018-10-09'),
 ('062235900','EES','\"Esc. de Educ. Secundaria N°11\"','Calle 619 esquina 626','Mercedes (Altamira)','423017','2324-547976','0',0,0,'NO TIENE',0,'SI','2018-10-09'),
 ('062323100','CEF','\"Centro de Educacion Fisica\"N°193','0','Mercedes (Gowland)','0','2324-516072','0',0,0,'NO TIENE',0,'SI','2018-10-09');
/*!40000 ALTER TABLE `escuela` ENABLE KEYS */;


--
-- Definition of table `escuelapersonal`
--

DROP TABLE IF EXISTS `escuelapersonal`;
CREATE TABLE `escuelapersonal` (
  `idEscuelaPersonal` int(10) unsigned NOT NULL AUTO_INCREMENT,
  `Cue` varchar(9) NOT NULL,
  `IdDirectivo` int(10) unsigned NOT NULL,
  `Turno` varchar(45) NOT NULL,
  `TipoDirectivo` varchar(15) NOT NULL,
  `SituacionRevista` varchar(45) NOT NULL,
  PRIMARY KEY (`idEscuelaPersonal`) USING BTREE,
  KEY `FK_escueeladirectivo_1` (`IdDirectivo`),
  KEY `FK_escueeladirectivo_4` (`Cue`),
  KEY `FK_escueeladirectivo_3` (`Turno`) USING BTREE
) ENGINE=InnoDB AUTO_INCREMENT=315 DEFAULT CHARSET=utf8;

--
-- Dumping data for table `escuelapersonal`
--

/*!40000 ALTER TABLE `escuelapersonal` DISABLE KEYS */;
INSERT INTO `escuelapersonal` (`idEscuelaPersonal`,`Cue`,`IdDirectivo`,`Turno`,`TipoDirectivo`,`SituacionRevista`) VALUES 
 (1,'061870900',27191394,'ALTERNADO','Director','INTERINO'),
 (2,'060245700',23926061,'MAÑANA','Director','INTERINO'),
 (3,'060238500',32844463,'DOBLE TURNO','Director','INTERINO'),
 (4,'061151900',23291716,'ALTERNADO','Director','INTERINO'),
 (5,'060233200',23724448,'TARDE','Director','INTERINO'),
 (6,'060233100',20967156,'MAÑANA','Director','TITULAR'),
 (7,'060810800',23291716,'ALTERNADO','Director','TITULAR'),
 (8,'061002200',21442348,'DOBLE TURNO','Director','INTERINO'),
 (9,'061871100',10152852,'DOBLE TURNO','Director','SUPLENTE'),
 (10,'060761500',16910819,'ALTERNADO','Director','SUPLENTE'),
 (11,'062066100',23091449,'TARDE','Director','TITULAR'),
 (12,'062235900',29489576,'ALTERNADO','Secretario','SUPLENTE'),
 (13,'060233400',20028984,'ALTERNADO','Director','INTERINO'),
 (14,'061624300',28730720,'MAÑANA','Director','INTERINO'),
 (15,'060961100',23724482,'ALTERNADO','Director','INTERINO'),
 (16,'060959200',28730047,'ALTERNADO','Secretario','INTERINO'),
 (17,'060233300',29343777,'ALTERNADO','Secretario','INTERINO'),
 (18,'061151900',22409963,'MAÑANA','Secretario','TITULAR'),
 (19,'060810800',20726867,'ALTERNADO','Secretario','SUPLENTE'),
 (20,'062208400',18339725,'MAÑANA','Secretario','INTERINO'),
 (21,'061871100',16618663,'TARDE','Secretario','INTERINO'),
 (22,'060761500',16548690,'MAÑANA','Secretario','TITULAR'),
 (23,'060961100',26005481,'MAÑANA','Secretario','INTERINO'),
 (24,'060961100',23724482,'ALTERNADO','Director','BAJA'),
 (25,'060610200',35866016,'ALTERNADO','Secretario','INTERINO'),
 (26,'060609500',28730721,'ALTERNADO','Secretario','INTERINO'),
 (27,'060960500',16548459,'ALTERNADO','Secretario','INTERINO'),
 (28,'060238000',25023095,'ALTERNADO','Secretario','INTERINO'),
 (29,'060238000',25023095,'ALTERNADO','Secretario','INTERINO'),
 (30,'061653900',24402123,'ALTERNADO','Secretario','INTERINO'),
 (31,'061713000',27848682,'MAÑANA','Secretario','INTERINO'),
 (32,'061870900',281431158,'ALTERNADO','Secretario','INTERINO'),
 (33,'060961100',26005481,'MAÑANA','Secretario','INTERINO'),
 (34,'060958500',20640441,'ALTERNADO','Director','TITULAR'),
 (35,'060958500',24847611,'MAÑANA','Secretario','TITULAR'),
 (36,'060245500',23291645,'MAÑANA','Director','TITULAR'),
 (37,'060345500',14255531,'ALTERNADO','Director','INTERINO'),
 (38,'060345500',26167521,'ALTERNADO','Secretario','INTERINO'),
 (39,'060960400',26576761,'ALTERNADO','Director','INTERINO'),
 (40,'060238300',17436137,'ALTERNADO','Director','SUPLENTE'),
 (41,'060609400',110466531,'ALTERNADO','Director','TITULAR'),
 (42,'060609400',18462495,'MAÑANA','Secretario','SUPLENTE'),
 (43,'060728300',311414157,'MAÑANA','Auxiliar','TITULAR'),
 (44,'060728300',30537396,'MAÑANA','Auxiliar','TITULAR'),
 (45,'060233400',30342598,'MAÑANA','Auxiliar','TITULAR'),
 (46,'060233400',25807569,'MAÑANA','Auxiliar','TITULAR'),
 (47,'060233400',10732643,'TARDE','Auxiliar','TITULAR'),
 (48,'060961100',25023396,'MAÑANA','Auxiliar','SUPLENTE'),
 (49,'060961100',28598761,'TARDE','Auxiliar','SUPLENTE'),
 (50,'060961100',21715334,'TARDE','Auxiliar','SUPLENTE'),
 (51,'060325900',34991522,'MAÑANA','Auxiliar','TITULAR'),
 (52,'060232800',14524257,'MAÑANA','Auxiliar','TITULAR'),
 (53,'060232800',20726957,'MAÑANA','Auxiliar','SUPLENTE'),
 (54,'060232800',21988267,'TARDE','Auxiliar','MENSUALIZADO'),
 (55,'061624300',11043944,'MAÑANA','Auxiliar','TITULAR'),
 (56,'061624300',12721295,'MAÑANA','Auxiliar','TITULAR'),
 (57,'061624300',17688042,'MAÑANA','Auxiliar','SUPLENTE'),
 (58,'061624300',23003562,'MAÑANA','Auxiliar','TITULAR'),
 (59,'061151900',21467282,'TARDE','Auxiliar','TITULAR'),
 (60,'061151900',27751232,'TARDE','Auxiliar','TITULAR'),
 (61,'061151900',25023165,'MAÑANA','Auxiliar','TITULAR'),
 (62,'061151900',22624360,'MAÑANA','Auxiliar','TITULAR'),
 (63,'061151900',20527097,'MAÑANA','Auxiliar','SUPLENTE'),
 (64,'061151900',18068350,'MAÑANA','Auxiliar','TITULAR'),
 (65,'060959200',1247967,'MAÑANA','Auxiliar','TITULAR'),
 (66,'060959200',13360106,'MAÑANA','Auxiliar','SUPLENTE'),
 (67,'060959200',171179462,'MAÑANA','Auxiliar','TITULAR'),
 (68,'060959200',18344855,'MAÑANA','Auxiliar','SUPLENTE'),
 (69,'060959200',22627199,'TARDE','Auxiliar','TITULAR'),
 (70,'060959200',25807455,'TARDE','Auxiliar','TITULAR'),
 (71,'060959200',26576666,'TARDE','Auxiliar','SUPLENTE'),
 (72,'060959200',27191005,'MAÑANA','Auxiliar','TITULAR'),
 (73,'060959200',32345781,'MAÑANA','Auxiliar','TITULAR'),
 (74,'061002200',11924000,'MAÑANA','Auxiliar','TITULAR'),
 (75,'061002200',13360207,'MAÑANA','Auxiliar','TITULAR'),
 (76,'061002200',13986639,'TARDE','Auxiliar','TITULAR'),
 (77,'061002200',25348490,'MAÑANA','Auxiliar','TITULAR'),
 (78,'061002200',24402126,'TARDE','Auxiliar','TITULAR'),
 (79,'060238300',11046709,'DOBLE TURNO','Auxiliar','TITULAR'),
 (80,'060238300',23962244,'DOBLE TURNO','Auxiliar','SUPLENTE'),
 (81,'060238300',12109598,'DOBLE TURNO','Auxiliar','TITULAR'),
 (82,'060238300',31618629,'DOBLE TURNO','Auxiliar','SUPLENTE'),
 (83,'060238300',20383644,'MAÑANA','Auxiliar','TITULAR'),
 (84,'060238300',24402136,'MAÑANA','Auxiliar','MENSUALIZADO'),
 (85,'060810800',22124670,'MAÑANA','Auxiliar','SUPLENTE'),
 (86,'060810800',23724946,'MAÑANA','Auxiliar','TITULAR'),
 (87,'060810800',27484353,'MAÑANA','Auxiliar','MENSUALIZADO'),
 (88,'060810800',22124748,'MAÑANA','Auxiliar','TITULAR'),
 (89,'060810800',24877720,'MAÑANA','Auxiliar','SUPLENTE'),
 (90,'060810800',12109598,'TARDE','Auxiliar','TITULAR'),
 (91,'060810800',20134821,'TARDE','Auxiliar','TITULAR'),
 (92,'060810800',25348632,'TARDE','Auxiliar','SUPLENTE'),
 (93,'060810800',2962819,'TARDE','Auxiliar','TITULAR'),
 (94,'060238500',11367731,'MAÑANA','Auxiliar','MENSUALIZADO'),
 (95,'060238500',22124531,'DOBLE TURNO','Auxiliar','TITULAR'),
 (96,'060238500',25744487,'DOBLE TURNO','Auxiliar','TITULAR'),
 (97,'060238500',1416904,'DOBLE TURNO','Auxiliar','TITULAR'),
 (98,'060238500',253448673,'DOBLE TURNO','Auxiliar','MENSUALIZADO'),
 (99,'060238500',20991868,'DOBLE TURNO','Auxiliar','TITULAR'),
 (100,'060233200',32141048,'TARDE','Auxiliar','MENSUALIZADO'),
 (101,'060233200',31114356,'VESPERTINO','Auxiliar','MENSUALIZADO'),
 (102,'060233200',21865612,'TARDE','Auxiliar','TITULAR'),
 (103,'060233200',17688073,'MAÑANA','Auxiliar','TITULAR'),
 (104,'060958900',12853811,'DOBLE TURNO','Auxiliar','TITULAR'),
 (105,'060958900',17436169,'DOBLE TURNO','Auxiliar','SUPLENTE'),
 (106,'060958900',14916830,'DOBLE TURNO','Auxiliar','MENSUALIZADO'),
 (107,'060958900',12977813,'MAÑANA','Auxiliar','MENSUALIZADO'),
 (108,'060958900',21670226,'TARDE','Auxiliar','MENSUALIZADO'),
 (109,'060958900',27604115,'MAÑANA','Auxiliar','MENSUALIZADO'),
 (110,'060958900',94283490,'MAÑANA','Auxiliar','MENSUALIZADO'),
 (111,'060958900',29985152,'MAÑANA','Auxiliar','SUPLENTE'),
 (112,'060958500',13360232,'MAÑANA','Auxiliar','TITULAR'),
 (113,'060958500',18188531,'MAÑANA','Auxiliar','TITULAR'),
 (114,'060958500',29343729,'MAÑANA','Auxiliar','SUPLENTE'),
 (115,'060958500',34241091,'MAÑANA','Auxiliar','SUPLENTE'),
 (116,'060958500',28478939,'TARDE','Auxiliar','TITULAR'),
 (117,'060958500',32141215,'TARDE','Auxiliar','TITULAR'),
 (118,'060958500',18068394,'TARDE','Auxiliar','TITULAR'),
 (119,'060958500',20726851,'TARDE','Auxiliar','BAJA'),
 (120,'060958500',23333372,'TARDE','Auxiliar','SUPLENTE'),
 (121,'060958500',22135904,'MAÑANA','Auxiliar','TITULAR'),
 (122,'060245700',21715031,'MAÑANA','Auxiliar','BASTON'),
 (123,'060245700',24847785,'MAÑANA','Auxiliar','MENSUALIZADO'),
 (124,'060245700',12479733,'MAÑANA','Auxiliar','TITULAR'),
 (125,'060232900',13187491,'MAÑANA','Auxiliar','TITULAR'),
 (126,'060609500',18344807,'MAÑANA','Auxiliar','TITULAR'),
 (127,'060609500',23724783,'MAÑANA','Auxiliar','SUPLENTE'),
 (128,'060609500',22124697,'MAÑANA','Auxiliar','TITULAR'),
 (129,'060609500',21725325,'TARDE','Auxiliar','MENSUALIZADO'),
 (130,'060609500',23003633,'TARDE','Auxiliar','SUPLENTE'),
 (131,'060609500',22624470,'VESPERTINO','Auxiliar','TITULAR'),
 (132,'060609500',29343637,'VESPERTINO','Auxiliar','TITULAR'),
 (133,'060761500',14435697,'TARDE','Auxiliar','SUPLENTE'),
 (134,'060761500',27191377,'TARDE','Auxiliar','TITULAR'),
 (135,'060761500',16432970,'TARDE','Auxiliar','TITULAR'),
 (136,'060761500',27523465,'TARDE','Auxiliar','TITULAR'),
 (137,'060761500',11046746,'TARDE','Auxiliar','TITULAR'),
 (138,'060761500',25023507,'MAÑANA','Auxiliar','SUPLENTE'),
 (139,'060761500',13360033,'MAÑANA','Auxiliar','TITULAR'),
 (140,'060761500',23773821,'MAÑANA','Auxiliar','BAJA'),
 (141,'060761500',28730993,'MAÑANA','Auxiliar','SUPLENTE'),
 (142,'060761500',16910878,'MAÑANA','Auxiliar','TITULAR'),
 (143,'062208400',18068324,'MAÑANA','Auxiliar','TITULAR'),
 (144,'062208400',24585255,'MAÑANA','Auxiliar','TITULAR'),
 (145,'062208400',32975278,'MAÑANA','Auxiliar','SUPLENTE'),
 (146,'062208400',12109160,'MAÑANA','Auxiliar','MENSUALIZADO'),
 (147,'062208400',23724464,'MAÑANA','Auxiliar','SUPLENTE'),
 (148,'062208400',18429240,'MAÑANA','Auxiliar','TITULAR'),
 (149,'062235900',11669108,'DOBLE TURNO','Auxiliar','TITULAR'),
 (150,'062235900',13360721,'DOBLE TURNO','Auxiliar','TITULAR'),
 (151,'062235900',16388315,'DOBLE TURNO','Auxiliar','SUPLENTE'),
 (152,'062235900',16618837,'MAÑANA','Auxiliar','TITULAR'),
 (153,'062235900',28143135,'MAÑANA','Auxiliar','TITULAR'),
 (154,'062235900',33134608,'DOBLE TURNO','Auxiliar','SUPLENTE'),
 (155,'061870900',28730534,'TARDE','Auxiliar','TITULAR'),
 (156,'061870900',33134658,'TARDE','Auxiliar','SUPLENTE'),
 (157,'061870900',22972651,'MAÑANA','Auxiliar','TITULAR'),
 (158,'061870900',28143254,'MAÑANA','Auxiliar','SUPLENTE'),
 (159,'061871100',34323217,'MAÑANA','Auxiliar','SUPLENTE'),
 (160,'061871100',23003816,'MAÑANA','Auxiliar','TITULAR'),
 (161,'061871100',92740809,'MAÑANA','Auxiliar','SUPLENTE'),
 (162,'061871100',26940685,'TARDE','Auxiliar','TITULAR'),
 (163,'060238000',12729053,'MAÑANA','Auxiliar','TITULAR'),
 (164,'060238000',12479604,'MAÑANA','Auxiliar','TITULAR'),
 (165,'060238000',13360802,'TARDE','Auxiliar','TITULAR'),
 (166,'060238000',30342674,'MAÑANA','Auxiliar','TITULAR'),
 (167,'060238000',25744528,'ALTERNADO','Auxiliar','TITULAR'),
 (168,'060238000',20028809,'ALTERNADO','Auxiliar','TITULAR'),
 (169,'060238000',27547383,'ALTERNADO','Auxiliar','TITULAR'),
 (170,'061653900',23724422,'TARDE','Auxiliar','SUPLENTE'),
 (171,'061653900',18797683,'MAÑANA','Auxiliar','SUPLENTE'),
 (172,'061653900',13360763,'MAÑANA','Auxiliar','TITULAR'),
 (173,'061653900',18599590,'MAÑANA','Auxiliar','TITULAR'),
 (174,'061653900',16432928,'TARDE','Auxiliar','TITULAR'),
 (175,'061653900',16077561,'MAÑANA','Auxiliar','TITULAR'),
 (176,'061653900',18483258,'MAÑANA','Auxiliar','TITULAR'),
 (177,'061653900',24402074,'MAÑANA','Auxiliar','TITULAR'),
 (178,'060960500',20028862,'MAÑANA','Auxiliar','TITULAR'),
 (179,'060960500',12517428,'MAÑANA','Auxiliar','TITULAR'),
 (180,'060960500',14524445,'MAÑANA','Auxiliar','TITULAR'),
 (181,'060960500',31259343,'MAÑANA','Auxiliar','TITULAR'),
 (182,'060960500',25348307,'MAÑANA','Auxiliar','SUPLENTE'),
 (183,'060960500',20726928,'MAÑANA','Auxiliar','SUPLENTE'),
 (184,'060960500',30342813,'MAÑANA','Auxiliar','SUPLENTE'),
 (185,'060960500',27848539,'TARDE','Auxiliar','TITULAR'),
 (186,'060960500',31114389,'TARDE','Auxiliar','TITULAR'),
 (187,'060960500',21320981,'TARDE','Auxiliar','MENSUALIZADO'),
 (188,'060960500',23418817,'VESPERTINO','Auxiliar','MENSUALIZADO'),
 (189,'060960500',17144748,'TARDE','Auxiliar','SUPLENTE'),
 (190,'060960500',15296085,'MAÑANA','Auxiliar','TITULAR'),
 (191,'061713000',32345816,'MAÑANA','Auxiliar','TITULAR'),
 (192,'061713000',25744477,'MAÑANA','Auxiliar','SUPLENTE'),
 (193,'061713000',14524303,'MAÑANA','Auxiliar','TITULAR'),
 (194,'061713000',23124115,'MAÑANA','Auxiliar','TITULAR'),
 (195,'061713000',26709118,'MAÑANA','Auxiliar','SUPLENTE'),
 (196,'061713000',25023251,'MAÑANA','Auxiliar','TITULAR'),
 (197,'061713000',25348391,'TARDE','Auxiliar','TITULAR'),
 (198,'061713000',36344524,'TARDE','Auxiliar','MENSUALIZADO'),
 (199,'061713000',29343905,'VESPERTINO','Auxiliar','TITULAR'),
 (200,'060610200',12977971,'MAÑANA','Auxiliar','TITULAR'),
 (201,'060610200',12109329,'MAÑANA','Auxiliar','SUPLENTE'),
 (202,'060610200',14524246,'MAÑANA','Auxiliar','TITULAR'),
 (203,'060610200',26709389,'MAÑANA','Auxiliar','SUPLENTE'),
 (204,'060610200',14524267,'TARDE','Auxiliar','MENSUALIZADO'),
 (205,'060610200',21715207,'MAÑANA','Auxiliar','TITULAR'),
 (206,'060610200',21499185,'MAÑANA','Auxiliar','SUPLENTE'),
 (207,'060610200',23331183,'TARDE','Auxiliar','TITULAR'),
 (208,'060610200',25744504,'TARDE','Auxiliar','SUPLENTE'),
 (209,'060610200',22367081,'MAÑANA','Auxiliar','MENSUALIZADO'),
 (210,'060610200',23418889,'MAÑANA','Auxiliar','TITULAR'),
 (211,'060610200',28287662,'MAÑANA','Auxiliar','SUPLENTE'),
 (212,'060610200',25086210,'TARDE','Auxiliar','MENSUALIZADO'),
 (213,'060610200',25348362,'MAÑANA','Auxiliar','TITULAR'),
 (214,'060610200',32141173,'MAÑANA','Auxiliar','TITULAR'),
 (215,'060233300',13986736,'ALTERNADO','Auxiliar','TITULAR'),
 (216,'060233300',11923986,'MAÑANA','Auxiliar','TITULAR'),
 (217,'060233300',25023468,'MAÑANA','Auxiliar','SUPLENTE'),
 (218,'060233300',13850769,'MAÑANA','Auxiliar','TITULAR'),
 (219,'060233300',26162356,'MAÑANA','Auxiliar','SUPLENTE'),
 (220,'060233300',13986488,'ALTERNADO','Auxiliar','TITULAR'),
 (221,'060233300',21670114,'ALTERNADO','Auxiliar','SUPLENTE'),
 (222,'060233300',29343729,'TARDE','Auxiliar','TITULAR'),
 (223,'060345500',13986818,'MAÑANA','Auxiliar','TITULAR'),
 (224,'060345500',25023061,'MAÑANA','Auxiliar','BASTON'),
 (225,'060345500',11669168,'DOBLE TURNO','Auxiliar','TITULAR'),
 (226,'060345500',11046660,'TARDE','Auxiliar','BASTON'),
 (227,'062092000',14738806,'MAÑANA','Auxiliar','TITULAR'),
 (228,'062092000',14435863,'MAÑANA','Auxiliar','BASTON'),
 (229,'062092000',14490774,'ALTERNADO','Auxiliar','TITULAR'),
 (230,'062092000',18188511,'TARDE','Auxiliar','BASTON'),
 (231,'060960400',11046747,'MAÑANA','Auxiliar','TITULAR'),
 (232,'060960400',23579647,'MAÑANA','Auxiliar','SUPLENTE'),
 (233,'060960400',25744041,'VESPERTINO','Auxiliar','TITULAR'),
 (234,'061387200',25895857,'MAÑANA','Director','SUPLENTE'),
 (235,'061387200',25348560,'MAÑANA','Auxiliar','TITULAR'),
 (236,'061636300',23003989,'ALTERNADO','Director','INTERINO'),
 (237,'061636300',27191286,'ALTERNADO','Secretario','SUPLENTE'),
 (238,'060245200',21715028,'MAÑANA','Director','INTERINO'),
 (239,'060506000',21715028,'TARDE','Director','SUPLENTE'),
 (240,'060506000',13360942,'TARDE','Auxiliar','BAJA'),
 (241,'060506000',25023129,'TARDE','Auxiliar','BAJA'),
 (242,'060506000',20991786,'TARDE','Auxiliar','BAJA'),
 (243,'060506000',12729245,'TARDE','Auxiliar','TITULAR'),
 (244,'060245200',25023483,'MAÑANA','Auxiliar','TITULAR'),
 (245,'060245200',25023483,'MAÑANA','Auxiliar','TITULAR'),
 (246,'060245200',17836744,'MAÑANA','Auxiliar','TITULAR'),
 (247,'060959302',17663128,'ALTERNADO','Director','INTERINO'),
 (248,'060959301',17663128,'ALTERNADO','Director','INTERINO'),
 (249,'060959300',17663128,'ALTERNADO','Director','INTERINO'),
 (250,'060959302',18068302,'VESPERTINO','Secretario','INTERINO'),
 (251,'060959301',18068302,'ALTERNADO','Secretario','INTERINO'),
 (252,'060959300',18068302,'VESPERTINO','Secretario','INTERINO'),
 (253,'060959302',27848585,'VESPERTINO','Auxiliar','TITULAR'),
 (254,'060959301',24585212,'VESPERTINO','Auxiliar','TITULAR'),
 (255,'060959300',11669353,'VESPERTINO','Auxiliar','TITULAR'),
 (256,'060959300',21508254,'VESPERTINO','Auxiliar','SUPLENTE'),
 (257,'061871000',18101763,'ALTERNADO','Director','INTERINO'),
 (258,'061871000',16918665,'ALTERNADO','Secretario','INTERINO'),
 (259,'061871000',20527116,'MAÑANA','Auxiliar','MENSUALIZADO'),
 (260,'061871000',24847771,'MAÑANA','Auxiliar','SUPLENTE'),
 (261,'061871000',13360213,'TARDE','Auxiliar','TITULAR'),
 (262,'060245600',32141103,'MAÑANA','Director','TITULAR'),
 (263,'060245600',28300938,'MAÑANA','Auxiliar','TITULAR'),
 (264,'060245600',25348152,'MAÑANA','Auxiliar','TITULAR'),
 (265,'060245600',26576746,'MAÑANA','Auxiliar','SUPLENTE'),
 (266,'060251500',16548509,'TARDE','Director','INTERINO'),
 (267,'060233500',16548509,'MAÑANA','Director','INTERINO'),
 (268,'060233000',20527177,'MAÑANA','Director','TITULAR'),
 (269,'060233000',12479838,'MAÑANA','Auxiliar','TITULAR'),
 (270,'060238400',23935211,'MAÑANA','Director','INTERINO'),
 (271,'060238400',27191289,'TARDE','Auxiliar','TITULAR'),
 (272,'060238400',11367532,'MAÑANA','Auxiliar','TITULAR'),
 (273,'060238400',34241099,'TARDE','Auxiliar','TITULAR'),
 (274,'060238400',25023362,'MAÑANA','Auxiliar','MENSUALIZADO'),
 (275,'060238400',20383962,'MAÑANA','Auxiliar','SUPLENTE'),
 (276,'061511800',25023217,'ALTERNADO','Director','INTERINO'),
 (277,'061511800',22076366,'DOBLE TURNO','Auxiliar','TITULAR'),
 (278,'061511800',20576271,'DOBLE TURNO','Auxiliar','TITULAR'),
 (279,'062091600',24585234,'ALTERNADO','Director','INTERINO'),
 (280,'062091600',13260881,'MAÑANA','Auxiliar','TITULAR'),
 (281,'061152500',12960736,'ALTERNADO','Director','INTERINO'),
 (282,'061152500',13360239,'MAÑANA','Auxiliar','TITULAR'),
 (283,'061152500',23724609,'VESPERTINO','Auxiliar','TITULAR'),
 (284,'061152500',26599287,'TARDE','Auxiliar','TITULAR'),
 (285,'061152500',17086766,'VESPERTINO','Auxiliar','TITULAR'),
 (286,'061532300',14524086,'DOBLE TURNO','Director','INTERINO'),
 (287,'061532300',26271728,'MAÑANA','Auxiliar','TITULAR'),
 (288,'060810700',20526870,'MAÑANA','Director','TITULAR'),
 (289,'060810700',25023393,'MAÑANA','Auxiliar','TITULAR'),
 (290,'060245400',16910916,'MAÑANA','Auxiliar','TITULAR'),
 (291,'060811100',21541255,'DOBLE TURNO','Director','INTERINO'),
 (292,'060811100',31618673,'MAÑANA','Auxiliar','TITULAR'),
 (293,'060811100',13360284,'MAÑANA','Auxiliar','SUPLENTE'),
 (294,'060811100',16548548,'MAÑANA','Auxiliar','TITULAR'),
 (295,'060811100',27735741,'TARDE','Auxiliar','SUPLENTE'),
 (296,'060811100',16260031,'TARDE','Auxiliar','TITULAR'),
 (297,'060811100',29623986,'MAÑANA','Auxiliar','MENSUALIZADO'),
 (298,'060811100',12479640,'MAÑANA','Auxiliar','TITULAR'),
 (299,'060245300',29912900,'TARDE','Director','SUPLENTE'),
 (300,'060245300',21541296,'TARDE','Auxiliar','TITULAR'),
 (301,'060961000',23418671,'ALTERNADO','Director','SUPLENTE'),
 (302,'060961000',27740664,'MAÑANA','Secretario','INTERINO'),
 (303,'060961000',21715046,'MAÑANA','Auxiliar','MENSUALIZADO'),
 (304,'060961000',22124578,'TARDE','Auxiliar','TITULAR'),
 (305,'060961000',26271777,'TARDE','Auxiliar','TITULAR'),
 (306,'060961000',18461799,'TARDE','Auxiliar','TITULAR'),
 (307,'060961000',20726960,'TARDE','Auxiliar','SUPLENTE'),
 (308,'061249900',14435771,'MAÑANA','Auxiliar','TITULAR'),
 (309,'061249900',17086766,'MAÑANA','Director','INTERINO'),
 (310,'060233400',25807569,'MAÑANA','Auxiliar','TITULAR'),
 (311,'060233400',30342598,'MAÑANA','Auxiliar','TITULAR'),
 (312,'060233400',25807455,'MAÑANA','Auxiliar','TITULAR'),
 (313,'060233400',26576666,'TARDE','Auxiliar','SUPLENTE'),
 (314,'060233400',20028984,'ALTERNADO','Director','INTERINO');
/*!40000 ALTER TABLE `escuelapersonal` ENABLE KEYS */;


--
-- Definition of table `factura`
--

DROP TABLE IF EXISTS `factura`;
CREATE TABLE `factura` (
  `idFactura` int(10) unsigned NOT NULL AUTO_INCREMENT,
  `Numero` varchar(45) NOT NULL,
  `Fecha` date NOT NULL,
  `IdProveedor` int(10) unsigned NOT NULL,
  `Cue` varchar(9) NOT NULL,
  `Rubro` varchar(45) NOT NULL,
  `Monto` decimal(10,2) NOT NULL,
  `Cuenta` varchar(15) NOT NULL,
  PRIMARY KEY (`idFactura`),
  KEY `FK_factura_1` (`IdProveedor`),
  KEY `FK_factura_2` (`Cue`),
  KEY `FK_factura_3` (`Rubro`) USING BTREE,
  CONSTRAINT `FK_factura_2` FOREIGN KEY (`Cue`) REFERENCES `escuela` (`Cue`),
  CONSTRAINT `FK_factura_3` FOREIGN KEY (`Rubro`) REFERENCES `rubro` (`Rubro`)
) ENGINE=InnoDB AUTO_INCREMENT=2693 DEFAULT CHARSET=utf8;

--
-- Dumping data for table `factura`
--

/*!40000 ALTER TABLE `factura` DISABLE KEYS */;
INSERT INTO `factura` (`idFactura`,`Numero`,`Fecha`,`IdProveedor`,`Cue`,`Rubro`,`Monto`,`Cuenta`) VALUES 
 (1,'0215','2018-09-29',3,'061152400','PLOMERÍA','4100.00','Compensador'),
 (2,'218','2018-09-29',3,'061002200','PLOMERÍA','950.00','Compensador'),
 (3,'006','2018-09-28',18,'060810800','REPARACIONS GENERALES','4750.00','Compensador'),
 (4,'007','2018-09-28',15,'061151900','PINTURA','4750.00','Compensador'),
 (5,'007','2018-09-28',16,'061151900','PINTURA','475.00','Compensador'),
 (6,'007','2018-09-28',17,'061151900','PINTURA','475.00','Compensador'),
 (7,'013','2018-09-26',88,'060245200','REPARACIONS GENERALES','20000.00','Compensador'),
 (8,'41443','2018-09-07',5,'060245600','REPARACIONS GENERALES','4891.57','Compensador'),
 (9,'25376','2018-09-07',6,'060245600','PLOMERÍA','73.00','Compensador'),
 (10,'1134','2018-09-29',6,'060245600','PLOMERÍA','2175.34','Compensador'),
 (11,'117','2018-09-10',7,'060958500','GAS','7800.00','Compensador'),
 (12,'213','2018-09-12',3,'060728300','PLOMERÍA','4100.00','Compensador'),
 (13,'001','2018-09-28',8,'060958500','GAS','4235.00','Compensador'),
 (14,'031','2018-10-03',9,'060238300','REPARACIONS GENERALES','48150.00','Compensador'),
 (15,'154','2018-08-03',10,'060958500','PLOMERÍA','446.82','Compensador'),
 (16,'46275','2018-08-10',10,'060958500','PLOMERÍA','2813.59','Compensador'),
 (17,'46358','2018-08-10',10,'061394200','PLOMERÍA','1636.97','Compensador'),
 (18,'46359','2018-08-10',10,'060610200','PINTURA','1785.47','Compensador'),
 (19,'46400','2018-08-10',10,'060325900','PLOMERÍA','790.00','Compensador'),
 (20,'46407','2018-08-10',10,'060958500','PLOMERÍA','873.13','Compensador'),
 (21,'46412','2018-08-10',10,'060961000','PLOMERÍA','841.36','Compensador'),
 (22,'46413','2018-08-10',10,'060940100','PLOMERÍA','704.96','Compensador'),
 (23,'46428','2018-08-11',10,'060232700','PLOMERÍA','14414.21','Compensador'),
 (24,'46477','2018-08-14',10,'060609500','PLOMERÍA','2058.20','Compensador'),
 (25,'46503','2018-08-15',10,'060233200','PLOMERÍA','328.65','Compensador'),
 (26,'46579','2018-08-17',10,'060519600','PLOMERÍA','805.75','Compensador'),
 (27,'46580','2018-08-17',10,'060811100','PLOMERÍA','790.00','Compensador'),
 (28,'46582','2018-08-17',10,'061151900','PLOMERÍA','120.00','Compensador'),
 (29,'46596','2018-08-18',10,'060825200','PLOMERÍA','2096.80','Compensador'),
 (30,'46597','2018-08-18',10,'060812900','PLOMERÍA','7227.55','Compensador'),
 (31,'46644','2018-08-22',10,'060238100','PLOMERÍA','673.20','Compensador'),
 (32,'46664','2018-08-23',10,'060959000','PLOMERÍA','5919.14','Compensador'),
 (33,'4','2018-09-12',11,'060233400','REPARACIONS GENERALES','56.00','Compensador'),
 (34,'30','2018-09-24',9,'060238300','REPARACIONS GENERALES','60.00','Compensador'),
 (35,'79','2018-08-17',12,'060958600','GAS','5400.00','Compensador'),
 (36,'143','2018-09-09',13,'060238200','PLOMERÍA','15000.00','Compensador'),
 (37,'18','2018-09-12',3,'060959200','PLOMERÍA','2550.00','Compensador'),
 (38,'211','2018-09-12',3,'060959200','PLOMERÍA','4000.00','Compensador'),
 (39,'184','2018-09-09',14,'061152400','GAS','1300.00','Compensador'),
 (40,'185','2018-08-09',14,'060251500','GAS','900.00','Compensador'),
 (41,'186','2018-08-09',14,'060824000','ELECTRICIDAD','5200.00','Compensador'),
 (42,'187','2018-08-09',14,'060824000','GAS','6300.00','Compensador'),
 (43,'10','2018-09-19',88,'060245700','GAS','7000.00','Compensador'),
 (44,'12','2018-09-19',88,'060940100','GAS','25000.00','Compensador'),
 (45,'53','2018-09-17',43,'060610200','VIDRIOS','20895.00','Compensador'),
 (46,'144','2018-09-12',13,'060238200','PLOMERÍA','12500.00','Compensador'),
 (47,'0145','2018-09-12',13,'060940100','PLOMERÍA','12000.00','Compensador'),
 (48,'29','2018-09-11',9,'060251500','PLOMERÍA','72232.00','Compensador'),
 (49,'6','2018-09-05',15,'061151900','REPARACIONS GENERALES','4750.00','Compensador'),
 (50,'6','2018-09-05',16,'061151900','PINTURA','4750.00','Compensador'),
 (51,'6','2018-09-05',17,'061151900','PINTURA','4750.00','Compensador'),
 (52,'5','2018-08-28',18,'060810800','ELECTRICIDAD','4750.00','Compensador'),
 (53,'358','2018-07-11',19,'060232800','REPARACIONS GENERALES','803.44','Compensador'),
 (54,'370','2018-08-16',19,'060238300','REPARACIONS GENERALES','2009.00','Compensador'),
 (55,'371','2018-08-16',19,'060609400','REPARACIONS GENERALES','2009.00','Compensador'),
 (56,'222','2018-08-21',23,'060325900','GAS','1050.00','Compensador'),
 (57,'223','2018-08-21',23,'060940100','GAS','250.00','Compensador'),
 (58,'225','2018-08-21',23,'061870900','GAS','1500.00','Compensador'),
 (59,'643','2018-08-03',2,'060610200','ELECTRICIDAD','824.90','Compensador'),
 (60,'653','2018-08-06',2,'060610200','ELECTRICIDAD','545.70','Compensador'),
 (61,'682','2018-08-09',2,'060610200','ELECTRICIDAD','5584.00','Compensador'),
 (62,'705','2018-08-13',2,'060610200','ELECTRICIDAD','1787.00','Compensador'),
 (63,'707','2018-08-13',2,'060610200','ELECTRICIDAD','1856.60','Compensador'),
 (64,'733','2018-08-17',2,'060610200','ELECTRICIDAD','12043.85','Compensador'),
 (65,'045615','2018-07-04',10,'060238300','PLOMERÍA','695.78','Compensador'),
 (66,'45615','2018-07-10',10,'060958500','PLOMERÍA','97.94','Compensador'),
 (67,'45830','2018-07-10',10,'060245700','PLOMERÍA','1271.32','Compensador'),
 (68,'45833','2018-07-13',10,'060233200','PLOMERÍA','257.19','Compensador'),
 (69,'45835','2018-07-13',10,'060940100','PLOMERÍA','55.35','Compensador'),
 (70,'007','2018-08-03',88,'060238100','REPARACIONS GENERALES','2500.00','Compensador'),
 (71,'003','2018-08-29',14,'060233400','REPARACIONS GENERALES','10000.00','Compensador'),
 (72,'203','2018-08-14',3,'061871300','PLOMERÍA','3700.00','Compensador'),
 (73,'204','2018-08-16',3,'062235800','REPARACIONS GENERALES','600.00','Compensador'),
 (74,'0206','2018-08-16',3,'060825200','REPARACIONS GENERALES','950.00','Compensador'),
 (75,'207','2018-08-16',3,'060232800','REPARACIONS GENERALES','2450.00','Compensador'),
 (76,'208','2018-08-16',3,'060232800','ELECTRICIDAD','1950.00','Compensador'),
 (77,'274','2018-07-03',20,'060245300','CERRAJERIA','1990.00','Compensador'),
 (78,'295','2018-08-16',20,'060519700','CERRAJERIA','1700.00','Compensador'),
 (79,'296','2018-08-16',20,'060519600','CERRAJERIA','910.00','Compensador'),
 (80,'298','2018-08-21',20,'060959000','CERRAJERIA','4490.00','Compensador'),
 (81,'8','2018-08-14',21,'060609500','PLOMERÍA','1050.00','Compensador'),
 (82,'9','2018-08-14',21,'060940100','PLOMERÍA','2200.00','Compensador'),
 (83,'10','2018-08-16',21,'060238500','PLOMERÍA','1500.00','Compensador'),
 (84,'1050,00','2018-08-16',21,'061152500','PLOMERÍA','11.00','Compensador'),
 (85,'12','2018-08-17',21,'060519600','GAS','600.00','Compensador'),
 (86,'13','2018-08-17',21,'062235900','GAS','1000.00','Compensador'),
 (87,'14','2018-10-16',21,'062235900','PLOMERÍA','1200.00','Compensador'),
 (88,'54287','2018-05-26',22,'061151900','PINTURA','9248.52','Compensador'),
 (89,'54602','2018-05-26',22,'060958600','PINTURA','11457.75','Compensador'),
 (90,'54614','2018-07-16',22,'060961000','PINTURA','3298.48','Compensador'),
 (91,'220','2018-08-21',23,'060810800','GAS','3500.00','Compensador'),
 (92,'221','2018-08-21',23,'062235800','GAS','6000.00','Compensador'),
 (93,'209','2018-08-23',3,'060233400','REPARACIONS GENERALES','1500.00','Compensador'),
 (94,'210','2018-08-23',3,'061713000','REPARACIONS GENERALES','1200.00','Compensador'),
 (95,'102','2018-06-28',24,'061624300','GAS','8500.00','Compensador'),
 (96,'510','2018-08-03',2,'060238100','ELECTRICIDAD','995.03','Compensador'),
 (97,'511','2018-08-03',2,'060233200','ELECTRICIDAD','282.00','Compensador'),
 (98,'641','2018-08-03',2,'060610200','ELECTRICIDAD','14985.49','Compensador'),
 (99,'642','2018-08-03',2,'060958500','ELECTRICIDAD','104.08','Compensador'),
 (100,'278','2018-07-31',25,'060609500','ELECTRICIDAD','2700.00','Compensador'),
 (101,'282','2018-07-31',25,'062208400','ELECTRICIDAD','2600.00','Compensador'),
 (102,'4601','2018-07-18',67,'060609500','VIDRIOS','850.00','Compensador'),
 (103,'4602','2018-07-18',67,'060609500','VIDRIOS','360.00','Compensador'),
 (104,'4672','2018-07-18',67,'061653900','VIDRIOS','1900.00','Compensador'),
 (105,'300','2018-07-11',19,'060238500','MATAFUEGOS','2678.62','Compensador'),
 (106,'301','2018-08-03',19,'061387200','MATAFUEGOS','382.66','Compensador'),
 (107,'345','2018-07-11',19,'062066100','MATAFUEGOS','401.80','Compensador'),
 (108,'357','2018-07-11',19,'060233400','MATAFUEGOS','2812.04','Compensador'),
 (109,'45025','2018-07-06',10,'060958600','PLOMERÍA','990.75','Compensador'),
 (110,'45213','2018-07-06',10,'060519700','PLOMERÍA','231.52','Compensador'),
 (111,'45223','2018-07-06',10,'060824000','PLOMERÍA','150.00','Compensador'),
 (112,'45224','2018-07-06',10,'060958600','PLOMERÍA','477.52','Compensador'),
 (113,'45225','2018-07-06',10,'060812900','PLOMERÍA','277.56','Compensador'),
 (114,'45226','2018-07-06',10,'060958900','PLOMERÍA','169.00','Compensador'),
 (115,'45227','2018-07-06',10,'060233400','PLOMERÍA','535.28','Compensador'),
 (116,'45421','2018-06-26',10,'060610200','PLOMERÍA','280.00','Compensador'),
 (117,'45474','2018-06-28',10,'060245300','PLOMERÍA','836.42','Compensador'),
 (118,'45504','2018-07-06',10,'060812900','PLOMERÍA','601.86','Compensador'),
 (119,'45505','2018-07-06',10,'060238100','PLOMERÍA','352.29','Compensador'),
 (120,'45506','2018-07-06',10,'060238500','PLOMERÍA','152.57','Compensador'),
 (121,'45687','2018-07-06',10,'061871300','PLOMERÍA','7088.06','Compensador'),
 (122,'45700','2018-07-06',10,'060610200','PLOMERÍA','194.48','Compensador'),
 (123,'10945','2018-06-01',27,'060610200','REPARACIONS GENERALES','2310.00','Compensador'),
 (124,'52900','2018-05-26',22,'061151900','PINTURA','2182.26','Compensador'),
 (125,'53632','2018-05-26',22,'061151900','PINTURA','4671.10','Compensador'),
 (126,'204761','2018-08-08',28,'060245600','COMBUSTIBLE','1930.01','Compensador'),
 (127,'204762','2018-08-08',28,'060233000','COMBUSTIBLE','1998.27','Compensador'),
 (128,'021','2018-08-21',23,'060811100','GAS','3500.00','Compensador'),
 (129,'219','2018-08-21',23,'062235800','GAS','3250.00','Compensador'),
 (130,'224','2018-08-21',23,'060811100','GAS','1500.00','Compensador'),
 (131,'006','2018-08-03',88,'061151900','GAS','2500.00','Compensador'),
 (132,'45915','2018-02-11',22,'060519700','PINTURA','3350.00','Compensador'),
 (133,'51937','2018-05-26',22,'060519700','PINTURA','1477.52','Compensador'),
 (134,'052474','2018-05-26',22,'060958600','PINTURA','6616.49','Compensador'),
 (135,'52781','2018-05-26',22,'060761500','PINTURA','2487.69','Compensador'),
 (136,'52848','2018-05-26',22,'061871000','PINTURA','5764.90','Compensador'),
 (137,'11021','2018-07-03',27,'060245700','REPARACIONS GENERALES','3810.00','Compensador'),
 (138,'41077','2018-07-27',5,'060245400','REPARACIONS GENERALES','2953.00','Compensador'),
 (139,'001','2018-08-15',11,'060610200','REPARACIONS GENERALES','37000.00','Compensador'),
 (140,'002','2018-08-15',11,'060728300','REPARACIONS GENERALES','20000.00','Compensador'),
 (141,'180','2018-06-18',14,'060958900','ELECTRICIDAD','900.00','Compensador'),
 (142,'181','2018-06-18',14,'060232800','REPARACIONS GENERALES','4300.00','Compensador'),
 (143,'021','2018-07-23',9,'060960500','PLOMERÍA','16000.00','Compensador'),
 (144,'025','2018-08-13',9,'060609400','REPARACIONS GENERALES','53000.00','Compensador'),
 (145,'285','2018-07-10',1,'060519700','PLOMERÍA','1000.00','Compensador'),
 (146,'286','2018-07-10',1,'061151900','PLOMERÍA','1200.00','Compensador'),
 (147,'288','2018-07-10',1,'060958500','PLOMERÍA','1400.00','Compensador'),
 (148,'289','2018-07-10',1,'060958600','PLOMERÍA','1100.00','Compensador'),
 (149,'290','2018-07-10',1,'060238100','PLOMERÍA','1400.00','Compensador'),
 (150,'291','2018-07-10',1,'060506000','PLOMERÍA','2000.00','Compensador'),
 (151,'292','2018-07-11',1,'061002200','PLOMERÍA','900.00','Compensador'),
 (152,'293','2018-07-14',1,'060810700','PLOMERÍA','1200.00','Compensador'),
 (153,'0307','2018-08-01',71,'060958900','PLOMERÍA','850.00','Compensador'),
 (154,'308','2018-07-30',71,'060232800','GAS','450.00','Compensador'),
 (155,'309','2018-07-29',71,'060825200','GAS','1600.00','Compensador'),
 (156,'310','2018-07-29',71,'062055400','GAS','410.00','Compensador'),
 (157,'311','2018-07-30',71,'060610200','GAS','900.00','Compensador'),
 (158,'165','2018-06-30',20,'061871000','CERRAJERIA','650.00','Compensador'),
 (159,'265','2018-06-08',20,'061002200','CERRAJERIA','1400.00','Compensador'),
 (160,'268','2018-06-08',20,'060245300','CERRAJERIA','1950.00','Compensador'),
 (161,'273','2018-07-13',20,'060609500','CERRAJERIA','1250.00','Compensador'),
 (162,'275','2018-07-13',20,'061151900','CERRAJERIA','2500.00','Compensador'),
 (163,'276','2018-07-13',20,'060810800','CERRAJERIA','2440.00','Compensador'),
 (164,'277','2018-07-13',20,'060233200','CERRAJERIA','550.00','Compensador'),
 (165,'278','2018-07-13',20,'061152500','CERRAJERIA','800.00','Compensador'),
 (166,'285','2018-07-26',20,'060233200','CERRAJERIA','1060.00','Compensador'),
 (167,'289','2018-08-07',20,'060959000','CERRAJERIA','2900.00','Compensador'),
 (168,'290','2018-08-09',20,'060609500','CERRAJERIA','850.00','Compensador'),
 (169,'291','2018-08-08',20,'060940100','CERRAJERIA','1200.00','Compensador'),
 (170,'292','2018-08-08',20,'061511700','CERRAJERIA','750.00','Compensador'),
 (171,'293','2018-08-09',20,'061152500','CERRAJERIA','2000.00','Compensador'),
 (172,'0354','2018-06-18',21,'060233400','PLOMERÍA','1100.00','Compensador'),
 (173,'356','2018-06-22',21,'061151900','PLOMERÍA','900.00','Compensador'),
 (174,'361','2018-07-10',21,'061152400','PLOMERÍA','2900.00','Compensador'),
 (175,'0362','2018-06-11',21,'062055400','PLOMERÍA','2000.00','Compensador'),
 (176,'367','2018-07-13',21,'060233400','PLOMERÍA','1900.00','Compensador'),
 (177,'367','2018-07-13',21,'060233400','PLOMERÍA','1900.00','Compensador'),
 (178,'385','2018-07-13',21,'060238400','PLOMERÍA','1800.00','Compensador'),
 (179,'0001','2018-08-01',21,'060940100','PLOMERÍA','1800.00','Compensador'),
 (180,'142','2018-08-14',13,'060960500','PLOMERÍA','25000.00','Compensador'),
 (181,'9','2018-07-06',41,'060233200','ELECTRICIDAD','400.00','Compensador'),
 (182,'10','2018-07-10',41,'060245200','ELECTRICIDAD','400.00','Compensador'),
 (183,'11','2018-07-31',41,'060958500','ELECTRICIDAD','400.00','Compensador'),
 (184,'13','2018-08-02',41,'060610200','ELECTRICIDAD','2200.00','Compensador'),
 (185,'14','2018-08-04',41,'060610200','ELECTRICIDAD','6500.00','Compensador'),
 (186,'15','2018-08-07',41,'061871300','ELECTRICIDAD','6100.00','Compensador'),
 (187,'16','2018-08-07',41,'060958500','ELECTRICIDAD','500.00','Compensador'),
 (188,'18','2018-08-08',41,'060610200','ELECTRICIDAD','3200.00','Compensador'),
 (189,'19','2018-08-08',41,'060609400','ELECTRICIDAD','1500.00','Compensador'),
 (190,'172','2018-03-02',3,'060233400','ELECTRICIDAD','450.00','Compensador'),
 (192,'199','2018-08-06',3,'060245500','ELECTRICIDAD','1300.00','Compensador'),
 (193,'200','2018-08-06',3,'060245700','ELECTRICIDAD','4000.00','Compensador'),
 (194,'201','2018-06-06',3,'060958500','ELECTRICIDAD','1200.00','Compensador'),
 (195,'','2018-07-18',50,'060610200','CORTE DE PASTO','4750.00','Compensador'),
 (196,'5','2018-07-30',60,'060958600','PINTURA','4750.00','Compensador'),
 (197,'005','2018-07-30',90,'060238300','REPARACIONS GENERALES','4750.00','Compensador'),
 (198,'008','2018-07-30',61,'062208400','PINTURA','4750.00','Compensador'),
 (199,'007','2018-07-30',59,'061871000','REPARACIONS GENERALES','4266.00','Compensador'),
 (200,'004','2018-07-18',47,'060610200','CORTE DE PASTO','4750.00','Compensador'),
 (201,'004','2018-07-18',48,'060610200','COMBUSTIBLE','4750.00','Compensador'),
 (202,'004','2018-07-18',49,'060610200','CORTE DE PASTO','4750.00','Compensador'),
 (203,'004','2018-07-18',46,'060610200','CORTE DE PASTO','4750.00','Compensador'),
 (204,'005','2018-08-01',17,'061151900','PINTURA','4750.00','Compensador'),
 (205,'005','2018-08-01',15,'061151900','REPARACIONS GENERALES','4750.00','Compensador'),
 (206,'005','2018-08-01',16,'061151900','PINTURA','4750.00','Compensador'),
 (207,'216','2018-08-07',23,'060610200','GAS','7000.00','Compensador'),
 (208,'217','2018-08-07',23,'061394200','GAS','5500.00','Compensador'),
 (209,'218','2018-08-08',23,'060958500','GAS','12000.00','Compensador'),
 (210,'075','2018-07-10',12,'060940100','PLOMERÍA','2800.00','Compensador'),
 (211,'076','2018-07-10',12,'060233200','PLOMERÍA','3400.00','Compensador'),
 (212,'253','2018-07-25',92,'060251500','REPARACIONS GENERALES','5000.00','Compensador'),
 (213,'202','2018-07-18',23,'060609500','GAS','3250.00','Compensador'),
 (214,'204','2018-07-02',23,'060940100','GAS','1500.00','Compensador'),
 (215,'205','2018-07-18',23,'060961100','GAS','1750.00','Compensador'),
 (216,'206','2018-07-18',23,'061653900','GAS','3250.00','Compensador'),
 (217,'207','2018-07-18',23,'060960400','GAS','1750.00','Compensador'),
 (218,'208','2018-07-18',23,'061151900','GAS','2750.00','Compensador'),
 (219,'210','2018-07-18',23,'060238500','ELECTRICIDAD','700.00','Compensador'),
 (220,'211','2018-07-18',23,'060238100','PLOMERÍA','800.00','Compensador'),
 (221,'215','2018-07-30',23,'061892000','GAS','24750.00','Compensador'),
 (222,'022','2018-07-23',9,'060238200','REPARACIONS GENERALES','30000.00','Compensador'),
 (223,'020','2018-07-23',9,'060238200','REPARACIONS GENERALES','53000.00','Compensador'),
 (224,'201','2018-07-18',23,'060519600','GAS','500.00','Compensador'),
 (225,'203','2018-07-18',23,'060958500','GAS','1000.00','Compensador'),
 (226,'209','2018-07-18',23,'060958500','GAS','1000.00','Compensador'),
 (227,'212','2018-07-18',23,'060238300','GAS','600.00','Compensador'),
 (228,'213','2018-07-18',23,'060325900','GAS','1500.00','Compensador'),
 (229,'101992','2018-06-29',93,'060610200','COMBUSTIBLE','9000.00','Compensador'),
 (230,'008','2018-07-04',41,'060960400','ELECTRICIDAD','1400.00','Compensador'),
 (231,'011','2018-03-21',2,'060961100','ELECTRICIDAD','1162.08','Compensador'),
 (232,'012','2018-03-21',2,'060958500','ELECTRICIDAD','1425.72','Compensador'),
 (233,'013','2018-03-21',2,'060961100','ELECTRICIDAD','311.47','Compensador'),
 (234,'014','2018-03-21',2,'060238100','ELECTRICIDAD','798.71','Compensador'),
 (235,'015','2018-03-21',2,'062055400','ELECTRICIDAD','790.03','Compensador'),
 (236,'016','2018-03-21',2,'062235800','ELECTRICIDAD','3745.84','Compensador'),
 (237,'017','2018-03-21',2,'060238300','ELECTRICIDAD','795.21','Compensador'),
 (238,'018','2018-03-21',2,'060940200','ELECTRICIDAD','1812.17','Compensador'),
 (239,'019','2018-03-21',2,'060958500','ELECTRICIDAD','509.12','Compensador'),
 (240,'020','2018-03-21',2,'060238300','ELECTRICIDAD','1082.39','Compensador'),
 (241,'021','2018-03-21',2,'061636300','ELECTRICIDAD','2426.65','Compensador'),
 (242,'022','2018-03-21',2,'060940100','ELECTRICIDAD','270.84','Compensador'),
 (243,'030','2018-03-21',2,'060519700','ELECTRICIDAD','3002.37','Compensador'),
 (244,'031','2018-03-21',2,'060961100','ELECTRICIDAD','1667.01','Compensador'),
 (245,'063','2018-03-26',2,'060961100','ELECTRICIDAD','176.37','Compensador'),
 (246,'064','2018-03-26',2,'060961100','ELECTRICIDAD','319.65','Compensador'),
 (247,'390','2018-06-11',2,'060519600','ELECTRICIDAD','291.72','Compensador'),
 (248,'391','2018-06-11',2,'060245500','ELECTRICIDAD','515.60','Compensador'),
 (249,'424','2018-06-18',2,'060191100','ELECTRICIDAD','1065.82','Compensador'),
 (250,'435','2018-06-19',2,'060961100','ELECTRICIDAD','191.00','Compensador'),
 (251,'436','2018-06-19',2,'060824000','ELECTRICIDAD','1214.33','Compensador'),
 (252,'439','2018-06-21',2,'061152400','ELECTRICIDAD','3218.94','Compensador'),
 (253,'488','2018-07-02',2,'061152400','ELECTRICIDAD','695.45','Compensador'),
 (254,'496','2018-07-03',2,'060960400','ELECTRICIDAD','1605.78','Compensador'),
 (255,'045','2018-04-20',70,'060810800','ELECTRICIDAD','1400.00','Compensador'),
 (256,'046','2018-04-06',70,'060609500','ELECTRICIDAD','600.00','Compensador'),
 (257,'047','2018-04-20',70,'061152500','GAS','2400.00','Compensador'),
 (258,'048','2018-04-25',70,'060238500','PLOMERÍA','2700.00','Compensador'),
 (259,'049','2018-04-25',70,'060519600','GAS','600.00','Compensador'),
 (260,'055','2018-05-03',4,'060238100','REPARACIONS GENERALES','1500.00','Compensador'),
 (261,'056','2018-05-07',70,'060238300','ELECTRICIDAD','700.00','Compensador'),
 (262,'057','2018-05-10',70,'061152500','ELECTRICIDAD','3300.00','Compensador'),
 (263,'059','2018-05-24',70,'060238500','ELECTRICIDAD','700.00','Compensador'),
 (264,'060','2018-05-24',70,'060238500','ELECTRICIDAD','900.00','Compensador'),
 (265,'061','2018-05-30',70,'061152400','PLOMERÍA','600.00','Compensador'),
 (266,'062','2018-05-31',70,'060961000','ELECTRICIDAD','800.00','Compensador'),
 (267,'1318','2018-04-24',74,'060155000','MATAFUEGOS','1524.60','Compensador'),
 (268,'1386','2018-05-23',74,'060245200','MATAFUEGOS','1415.70','Compensador'),
 (269,'1387','2018-05-23',74,'061249500','MATAFUEGOS','471.90','Compensador'),
 (270,'266','2018-06-07',25,'060728300','ELECTRICIDAD','2600.00','Compensador'),
 (271,'267','2018-06-07',25,'060609500','ELECTRICIDAD','700.00','Compensador'),
 (272,'265','2018-06-08',25,'060245500','ELECTRICIDAD','1100.00','Compensador'),
 (273,'269','2018-06-12',25,'061152500','ELECTRICIDAD','1400.00','Compensador'),
 (274,'274','2018-06-22',25,'062235900','ELECTRICIDAD','2800.00','Compensador'),
 (275,'327','2018-06-07',19,'060519700','MATAFUEGOS','1851.30','Compensador'),
 (276,'328','2018-06-07',19,'062235900','MATAFUEGOS','3288.08','Compensador'),
 (277,'188','2018-06-04',3,'061871300','REPARACIONS GENERALES','950.00','Compensador'),
 (278,'189','2018-06-04',3,'061871300','REPARACIONS GENERALES','3900.00','Compensador'),
 (279,'190','2018-06-07',3,'060245300','PLOMERÍA','950.00','Compensador'),
 (280,'191','2018-06-07',3,'060238200','PLOMERÍA','600.00','Compensador'),
 (281,'193','2018-06-18',3,'060245300','PLOMERÍA','1150.00','Compensador'),
 (282,'196','2018-06-28',3,'060232800','PLOMERÍA','500.00','Compensador'),
 (283,'197','2018-06-28',3,'060610200','PLOMERÍA','500.00','Compensador'),
 (284,'198','2018-06-28',3,'060824000','PLOMERÍA','950.00','Compensador'),
 (285,'099','2018-05-22',24,'060238400','REPARACIONS GENERALES','2500.00','Compensador'),
 (286,'044479','2018-05-03',10,'060238000','PLOMERÍA','383.00','Compensador'),
 (287,'44515','2018-05-04',10,'060519700','PLOMERÍA','250.44','Compensador'),
 (288,'44563','2018-05-08',10,'060958500','PLOMERÍA','614.25','Compensador'),
 (289,'44578','2018-05-09',10,'060233200','PLOMERÍA','194.50','Compensador'),
 (290,'44602','2018-05-10',10,'061253500','PLOMERÍA','284.95','Compensador'),
 (291,'44820','2018-05-22',10,'060811100','PLOMERÍA','214.11','Compensador'),
 (292,'44841','2018-05-23',10,'060609500','PLOMERÍA','437.55','Compensador'),
 (293,'44795','2018-05-21',10,'060238200','PLOMERÍA','739.57','Compensador'),
 (294,'44905','2018-05-28',10,'060811100','PLOMERÍA','420.77','Compensador'),
 (295,'44906','2018-05-28',10,'060961000','PLOMERÍA','484.76','Compensador'),
 (296,'44908','2018-05-28',10,'060810800','PLOMERÍA','399.00','Compensador'),
 (297,'44909','2018-05-28',10,'060812900','PLOMERÍA','373.50','Compensador'),
 (298,'44910','2018-05-28',10,'060728300','PLOMERÍA','1962.12','Compensador'),
 (299,'44911','2018-05-28',10,'060609400','PLOMERÍA','525.00','Compensador'),
 (300,'44912','2018-05-28',10,'060245300','PLOMERÍA','1984.65','Compensador'),
 (301,'44929','2018-05-29',10,'061253500','PLOMERÍA','219.00','Compensador'),
 (302,'44940','2018-05-29',10,'061871300','PLOMERÍA','772.98','Compensador'),
 (303,'44973','2018-05-30',10,'061152400','PLOMERÍA','41.67','Compensador'),
 (305,'433','2018-04-12',66,'060825200','PLOMERÍA','295.00','Compensador'),
 (306,'443','2018-05-02',66,'061151900','ELECTRICIDAD','4530.00','Compensador'),
 (307,'444','2018-05-02',66,'060519600','ELECTRICIDAD','800.00','Compensador'),
 (308,'449','2018-05-05',66,'060812900','ELECTRICIDAD','2470.00','Compensador'),
 (309,'477','2018-05-31',66,'061151900','ELECTRICIDAD','8318.50','Compensador'),
 (310,'480','2018-05-31',66,'060519700','PLOMERÍA','798.00','Compensador'),
 (311,'481','2018-05-31',66,'060824000','ELECTRICIDAD','1890.50','Compensador'),
 (312,'482','2018-06-05',66,'061151900','ELECTRICIDAD','13747.00','Compensador'),
 (313,'342','2018-05-05',21,'060191100','GAS','2750.00','Compensador'),
 (314,'343','2018-05-06',21,'060233400','PLOMERÍA','2600.00','Compensador'),
 (315,'344','2018-06-08',21,'060238300','GAS','2750.00','Compensador'),
 (316,'346','2018-06-08',21,'060940200','GAS','500.00','Compensador'),
 (317,'347','2018-06-13',21,'060959200','PLOMERÍA','1150.00','Compensador'),
 (318,'348','2018-06-13',21,'060519700','PLOMERÍA','900.00','Compensador'),
 (319,'349','2018-06-14',21,'062235800','GAS','1000.00','Compensador'),
 (320,'350','2018-06-14',21,'060958900','GAS','4500.00','Compensador'),
 (321,'351','2018-06-15',21,'060812900','PLOMERÍA','1400.00','Compensador'),
 (322,'352','2018-06-15',21,'060810700','GAS','850.00','Compensador'),
 (323,'353','2018-06-15',21,'061002200','GAS','4250.00','Compensador'),
 (324,'355','2018-06-19',21,'061152400','GAS','750.00','Compensador'),
 (325,'299','2018-06-05',71,'060519700','GAS','1600.00','Compensador'),
 (326,'300','2018-06-05',71,'060958900','GAS','1200.00','Compensador'),
 (327,'301','2018-06-05',71,'061892000','GAS','500.00','Compensador'),
 (328,'141','2018-06-29',13,'060961000','ELECTRODOMESTICOS','2000.00','Compensador'),
 (329,'017','2018-07-05',9,'060238200','REPARACIONS GENERALES','91585.00','Compensador'),
 (330,'019','2018-07-05',9,'060238200','REPARACIONS GENERALES','41000.00','Compensador'),
 (331,'004','2018-06-29',29,'060824000','CORTE DE PASTO','4750.00','Compensador'),
 (332,'004','2018-06-29',30,'060824000','CORTE DE PASTO','4750.00','Compensador'),
 (333,'004','2018-06-29',31,'060824000','CORTE DE PASTO','4750.00','Compensador'),
 (334,'007','2018-06-29',32,'060824000','CORTE DE PASTO','4750.00','Compensador'),
 (335,'006','2018-07-03',59,'062208400','REPARACIONS GENERALES','3200.00','Compensador'),
 (336,'003','2018-07-03',90,'062208400','PINTURA','4750.00','Compensador'),
 (337,'004','2018-07-03',60,'061871000','PINTURA','47580.00','Compensador'),
 (338,'004','2018-07-03',90,'061871000','REPARACIONS GENERALES','4750.00','Compensador'),
 (339,'007','2018-07-03',61,'061871000','REPARACIONS GENERALES','4000.00','Compensador'),
 (340,'003','2018-06-28',62,'060824000','CORTE DE PASTO','2850.00','Compensador'),
 (341,'004','2018-07-02',15,'061151900','PINTURA','4750.00','Compensador'),
 (342,'004','2018-07-02',16,'061151900','REPARACIONS GENERALES','4750.00','Compensador'),
 (343,'004','2018-07-02',17,'061151900','PINTURA','4750.00','Compensador'),
 (344,'004','2018-07-02',18,'061151900','PLOMERÍA','2850.00','Compensador'),
 (345,'008','2018-07-02',39,'061151900','ELECTRICIDAD','2850.00','Compensador'),
 (347,'51100','2018-05-14',22,'060191100','PINTURA','1020.76','Compensador'),
 (348,'50670','2018-05-04',22,'061871000','PINTURA','3988.79','Compensador'),
 (349,'51431','2018-05-18',22,'061871000','PINTURA','5872.97','Compensador'),
 (350,'51432','2018-05-18',22,'061151900','PINTURA','7161.83','Compensador'),
 (351,'51433','2018-05-18',22,'060191100','PINTURA','3160.84','Compensador'),
 (352,'324','2018-05-07',21,'060238500','PLOMERÍA','1050.00','Compensador'),
 (353,'325','2018-05-09',21,'061253500','GAS','1600.00','Compensador'),
 (354,'326','2018-06-18',22,'061152500','GAS','800.00','Compensador'),
 (355,'327','2018-10-19',22,'060728300','PLOMERÍA','1250.00','Compensador'),
 (356,'328','2018-05-21',22,'060325900','GAS','900.00','Compensador'),
 (357,'329','2018-05-21',22,'060245300','GAS','1950.00','Compensador'),
 (358,'330','2018-05-21',22,'060959200','GAS','4500.00','Compensador'),
 (359,'331','2018-05-22',22,'060609400','GAS','4800.00','Compensador'),
 (360,'333','2018-05-22',22,'060609400','PINTURA','1800.00','Compensador'),
 (361,'334','2018-05-24',22,'060812900','PINTURA','2800.00','Compensador'),
 (362,'335','2018-05-24',22,'060233400','PINTURA','3500.00','Compensador'),
 (363,'336','2018-05-28',22,'061387200','PINTURA','350.00','Compensador'),
 (364,'337','2018-05-28',22,'060824000','PINTURA','1400.00','Compensador'),
 (365,'338','2018-05-28',22,'060155000','PINTURA','2250.00','Compensador'),
 (366,'339','2018-05-28',22,'060810800','PINTURA','5500.00','Compensador'),
 (367,'340','2018-05-28',22,'061152400','PINTURA','2750.00','Compensador'),
 (368,'341','2018-05-28',22,'060245300','PINTURA','800.00','Compensador'),
 (369,'167','2018-05-04',14,'060610200','ELECTRICIDAD','8100.00','Compensador'),
 (370,'168','2018-05-04',14,'061870900','GAS','3100.00','Compensador'),
 (371,'169','2018-05-07',14,'062208400','ELECTRICIDAD','2900.00','Compensador'),
 (372,'170','2018-05-08',14,'060245700','ELECTRICIDAD','24700.00','Compensador'),
 (373,'172','2018-05-10',14,'060245700','ELECTRICIDAD','3100.00','Compensador'),
 (374,'175','2018-05-21',14,'060238200','PLOMERÍA','2800.00','Compensador'),
 (375,'177','2018-05-29',14,'061253500','PLOMERÍA','900.00','Compensador'),
 (376,'178','2018-05-30',14,'060728300','GAS','3000.00','Compensador'),
 (377,'199','2018-06-04',23,'060959000','GAS','2750.00','Compensador'),
 (378,'197','2018-06-04',23,'061871000','GAS','4000.00','Compensador'),
 (379,'198','2018-06-04',23,'060958600','GAS','2500.00','Compensador'),
 (380,'200','2018-06-04',23,'061871100','GAS','1500.00','Compensador'),
 (381,'001','2018-06-12',41,'060519600','ELECTRICIDAD','620.00','Compensador'),
 (382,'002','2018-06-13',41,'060191100','ELECTRICIDAD','500.00','Compensador'),
 (383,'003','2018-06-14',41,'060238100','ELECTRICIDAD','300.00','Compensador'),
 (384,'004','2018-06-18',41,'060824000','ELECTRICIDAD','700.00','Compensador'),
 (385,'005','2018-06-20',41,'060961100','ELECTRICIDAD','900.00','Compensador'),
 (386,'006','2018-06-22',41,'061152400','ELECTRICIDAD','3800.00','Compensador'),
 (387,'007','2018-06-23',41,'060245200','ELECTRICIDAD','400.00','Compensador'),
 (388,'263','2018-05-29',25,'060761500','ELECTRICIDAD','900.00','Compensador'),
 (389,'209','2018-05-14',94,'060238500','REPARACIONS GENERALES','3500.00','Compensador'),
 (390,'211','2018-05-24',94,'060238500','REPARACIONS GENERALES','1800.00','Compensador'),
 (391,'212','2018-05-24',94,'060238100','REPARACIONS GENERALES','2000.00','Compensador'),
 (392,'001','2018-07-02',94,'060233200','REPARACIONS GENERALES','1300.00','Compensador'),
 (393,'002','2018-07-02',94,'060233200','REPARACIONS GENERALES','2200.00','Compensador'),
 (394,'045','2018-06-28',43,'060610200','VIDRIOS','10220.60','Compensador'),
 (395,'187','2018-05-14',23,'060958500','REPARACIONS GENERALES','15000.00','Compensador'),
 (396,'191','2018-05-17',23,'060958600','PLOMERÍA','5500.00','Compensador'),
 (397,'196','2018-05-28',23,'060961000','PLOMERÍA','5400.00','Compensador'),
 (398,'43873','2018-03-27',10,'060825200','PLOMERÍA','5096.62','Compensador'),
 (400,'43972','2018-04-04',10,'060824000','PLOMERÍA','892.86','Compensador'),
 (401,'43973','2018-04-04',10,'060825200','PLOMERÍA','2177.95','Compensador'),
 (402,'44059','2018-04-09',10,'062161700','PLOMERÍA','1090.00','Compensador'),
 (403,'44090','2018-04-11',10,'060958500','PLOMERÍA','1068.30','Compensador'),
 (404,'44127','2018-04-12',10,'060519600','PLOMERÍA','380.25','Compensador'),
 (405,'44128','2018-04-12',10,'060961000','PLOMERÍA','763.02','Compensador'),
 (406,'44129','2018-04-12',10,'062235900','PLOMERÍA','596.91','Compensador'),
 (407,'44130','2018-04-12',10,'060959000','PLOMERÍA','1166.40','Compensador'),
 (408,'44131','2018-04-12',10,'060519600','PLOMERÍA','497.10','Compensador'),
 (409,'44132','2018-04-12',10,'061151900','PLOMERÍA','82.65','Compensador'),
 (410,'44226','2018-04-16',10,'060824000','PLOMERÍA','2200.00','Compensador'),
 (411,'44227','2018-04-16',10,'060959000','PLOMERÍA','1133.16','Compensador'),
 (412,'44382','2018-04-20',10,'060232900','PLOMERÍA','762.58','Compensador'),
 (413,'44379','2018-04-25',10,'060958600','PLOMERÍA','1133.40','Compensador'),
 (414,'44389','2018-04-25',10,'061871000','PLOMERÍA','400.05','Compensador'),
 (415,'44390','2018-06-25',10,'060519700','PLOMERÍA','102.32','Compensador'),
 (416,'44411','2018-04-26',10,'061871000','PLOMERÍA','438.84','Compensador'),
 (417,'44425','2018-04-27',10,'060811100','PLOMERÍA','1746.38','Compensador'),
 (418,'44433','2018-04-27',10,'060811100','PLOMERÍA','155.01','Compensador'),
 (419,'204717','2018-05-31',28,'060610200','COMBUSTIBLE','1998.01','Compensador'),
 (420,'899','2018-03-31',6,'060609500','PLOMERÍA','5284.07','Compensador'),
 (421,'600','2018-05-03',20,'061870900','CERRAJERIA','1200.00','Compensador'),
 (422,'257','2018-05-16',20,'060238300','CERRAJERIA','750.00','Compensador'),
 (423,'258','2018-05-17',20,'060609500','CERRAJERIA','1600.00','Compensador'),
 (424,'0259','2018-05-15',20,'061653900','CERRAJERIA','820.00','Compensador'),
 (425,'261','2018-05-28',20,'060238100','CERRAJERIA','1800.00','Compensador'),
 (426,'067','2018-05-17',45,'060960500','REPARACIONS GENERALES','10080.00','Compensador'),
 (427,'003','2018-06-19',46,'060238200','CORTE DE PASTO','4750.00','Compensador'),
 (428,'003','2018-06-19',47,'060811100','CORTE DE PASTO','4750.00','Compensador'),
 (429,'003','2018-06-19',48,'060238200','CORTE DE PASTO','4750.00','Compensador'),
 (430,'003','2018-06-19',49,'060610200','CORTE DE PASTO','4750.00','Compensador'),
 (431,'003','2018-06-19',50,'060811100','CORTE DE PASTO','4750.00','Compensador'),
 (432,'016','2018-06-21',9,'061870900','REPARACIONS GENERALES','161500.00','Compensador'),
 (433,'003','2018-05-31',59,'062208400','PINTURA','4750.00','Compensador'),
 (434,'003','2018-06-06',16,'060728300','REPARACIONS GENERALES','4750.00','Compensador'),
 (435,'003','2018-06-06',17,'060728300','REPARACIONS GENERALES','4750.00','Compensador'),
 (436,'003','2018-06-06',15,'060728300','REPARACIONS GENERALES','4750.00','Compensador'),
 (437,'003','2018-05-28',29,'060245600','CORTE DE PASTO','4750.00','Compensador'),
 (438,'006','2018-05-28',32,'060245600','CORTE DE PASTO','4750.00','Compensador'),
 (439,'003','2018-05-30',39,'060811100','ELECTRICIDAD','2850.00','Compensador'),
 (440,'003','2018-05-31',60,'061871000','REPARACIONS GENERALES','4750.00','Compensador'),
 (441,'004','2018-05-31',90,'061871000','REPARACIONS GENERALES','4750.00','Compensador'),
 (442,'003','2018-05-31',61,'061871000','REPARACIONS GENERALES','2850.00','Compensador'),
 (443,'002','2018-05-24',62,'060245200','CORTE DE PASTO','2850.00','Compensador'),
 (444,'003','2018-05-31',90,'061871000','CORTE DE PASTO','4750.00','Compensador'),
 (445,'003','2018-05-28',30,'060245600','CORTE DE PASTO','4750.00','Compensador'),
 (446,'003','2018-05-28',31,'060245600','CORTE DE PASTO','4750.00','Compensador'),
 (447,'4086','2018-04-04',65,'060245600','CORTE DE PASTO','122.46','Compensador'),
 (448,'429','2018-04-12',66,'060958500','ELECTRICIDAD','2479.50','Compensador'),
 (449,'430','2018-04-12',66,'060245600','ELECTRICIDAD','2985.60','Compensador'),
 (450,'431','2018-04-12',66,'060238200','ELECTRICIDAD','1185.00','Compensador'),
 (451,'432','2018-04-09',1,'060238400','ELECTRICIDAD','2798.00','Compensador'),
 (452,'280','2018-05-20',1,'060233200','PLOMERÍA','1500.00','Compensador'),
 (453,'283','2018-05-30',1,'061151900','PLOMERÍA','1100.00','Compensador'),
 (454,'318','2018-05-22',19,'061511700','MATAFUEGOS','3440.34','Compensador'),
 (455,'319','2018-05-22',19,'060519600','MATAFUEGOS','764.52','Compensador'),
 (456,'230','2018-05-22',1,'060519700','MATAFUEGOS','1146.78','Compensador'),
 (457,'322','2018-05-22',19,'061491400','MATAFUEGOS','1146.78','Compensador'),
 (458,'323','2018-05-22',19,'060961100','MATAFUEGOS','1146.78','Compensador'),
 (459,'4502','2018-04-13',67,'060609500','VIDRIOS','400.00','Compensador'),
 (460,'4545','2018-05-15',67,'060238500','VIDRIOS','840.00','Compensador'),
 (461,'158','2018-04-09',14,'060958600','ELECTRICIDAD','2400.00','Compensador'),
 (462,'163','2018-04-18',14,'061653900','ELECTRICIDAD','2200.00','Compensador'),
 (463,'166','2018-04-20',14,'060958600','ELECTRICIDAD','1200.00','Compensador'),
 (464,'518','2018-05-21',68,'060238300','REPARACIONS GENERALES','450.00','Compensador'),
 (465,'519','2018-05-21',68,'060233200','REPARACIONS GENERALES','1350.00','Compensador'),
 (466,'520','2018-05-21',68,'060245600','REPARACIONS GENERALES','900.00','Compensador'),
 (467,'521','2018-05-21',68,'062235900','REPARACIONS GENERALES','900.00','Compensador'),
 (468,'522','2018-05-21',68,'060245700','REPARACIONS GENERALES','3800.00','Compensador'),
 (469,'264','2018-05-11',2,'061152500','ELECTRICIDAD','375.94','Compensador'),
 (470,'265','2018-05-11',2,'060245700','ELECTRICIDAD','1071.30','Compensador'),
 (471,'279','2018-05-15',2,'060961000','ELECTRICIDAD','1520.46','Compensador'),
 (472,'297','2018-05-18',2,'060824000','ELECTRICIDAD','1749.77','Compensador'),
 (473,'328','2018-05-28',2,'060238500','ELECTRICIDAD','268.74','Compensador'),
 (474,'066','2018-06-05',23,'060761500','REPARACIONS GENERALES','20000.00','Compensador'),
 (475,'94','2018-03-06',23,'060609400','REPARACIONS GENERALES','700.00','Compensador'),
 (476,'095','2018-03-09',23,'061151900','REPARACIONS GENERALES','3500.00','Compensador'),
 (478,'035','2018-03-21',70,'060238500','PLOMERÍA','850.00','Compensador'),
 (479,'036','2018-03-21',70,'060940100','ELECTRICIDAD','930.00','Compensador'),
 (480,'037','2018-03-22',70,'060519700','ELECTRICIDAD','1600.00','Compensador'),
 (481,'038','2018-03-27',53,'060245200','ELECTRICIDAD','800.00','Compensador'),
 (482,'039','2018-03-27',70,'061152400','ELECTRICIDAD','600.00','Compensador'),
 (483,'040','2018-03-28',70,'060238100','ELECTRICIDAD','600.00','Compensador'),
 (484,'041','2018-04-03',70,'060245200','ELECTRICIDAD','800.00','Compensador'),
 (485,'043','2018-04-04',53,'060245200','ELECTRICIDAD','900.00','Compensador'),
 (486,'044','2018-04-17',70,'060245200','ELECTRICIDAD','1500.00','Compensador'),
 (487,'49127','2018-04-05',22,'060325900','PINTURA','1665.44','Compensador'),
 (488,'49536','2018-04-13',22,'060958600','PINTURA','4077.25','Compensador'),
 (489,'49686','2018-04-16',22,'060728300','PINTURA','749.58','Compensador'),
 (490,'49687','2018-04-16',22,'060519700','PINTURA','1179.26','Compensador'),
 (491,'50224','2018-04-25',22,'061871000','PINTURA','2477.08','Compensador'),
 (492,'50229','2018-04-25',22,'060191100','PINTURA','1677.43','Compensador'),
 (493,'182','2018-05-16',3,'060233400','PLOMERÍA','2000.00','Compensador'),
 (494,'183','2018-05-16',3,'060519700','REPARACIONS GENERALES','1300.00','Compensador'),
 (495,'184','2018-05-16',3,'060519700','REPARACIONS GENERALES','1100.00','Compensador'),
 (496,'185','2018-05-16',3,'060233400','REPARACIONS GENERALES','1150.00','Compensador'),
 (497,'187','2018-05-23',3,'060609500','PLOMERÍA','2450.00','Compensador'),
 (498,'317','2018-04-13',21,'060238500','ELECTRICIDAD','850.00','Compensador'),
 (499,'318','2018-04-16',21,'060959000','PLOMERÍA','900.00','Compensador'),
 (500,'319','2018-04-16',21,'060519600','PLOMERÍA','1100.00','Compensador'),
 (501,'320','2018-04-17',21,'060959000','PLOMERÍA','1550.00','Compensador'),
 (502,'321','2018-04-17',21,'060245200','PLOMERÍA','700.00','Compensador'),
 (503,'322','2018-04-17',21,'060506000','PLOMERÍA','1700.00','Compensador'),
 (504,'323','2018-05-02',21,'060233200','PLOMERÍA','3800.00','Compensador'),
 (505,'041','2018-05-28',43,'060238300','REPARACIONS GENERALES','5612.00','Compensador'),
 (506,'281','2018-05-24',72,'060238300','REPARACIONS GENERALES','33159.00','Compensador'),
 (507,'4713','2018-05-16',28,'060610200','COMBUSTIBLE','1929.00','Compensador'),
 (508,'002','2018-05-21',50,'060245400','CORTE DE PASTO','4750.00','Compensador'),
 (509,'002','2018-05-21',47,'060245400','CORTE DE PASTO','4750.00','Compensador'),
 (510,'002','2018-05-21',48,'060245400','CORTE DE PASTO','4750.00','Compensador'),
 (511,'002','2018-05-21',46,'060245400','CORTE DE PASTO','4750.00','Compensador'),
 (512,'002','2018-05-11',16,'060191100','REPARACIONS GENERALES','2850.00','Compensador'),
 (513,'002','2018-05-11',15,'060191100','REPARACIONS GENERALES','2850.00','Compensador'),
 (514,'002','2018-05-11',17,'060191100','REPARACIONS GENERALES','2850.00','Compensador'),
 (515,'002','2018-05-21',49,'060245400','CORTE DE PASTO','4750.00','Compensador'),
 (516,'155','2018-04-18',2,'060506000','ELECTRICIDAD','2572.00','Compensador'),
 (517,'170','2018-04-23',2,'060245200','ELECTRICIDAD','2558.47','Compensador'),
 (518,'171','2018-04-23',2,'061871300','ELECTRICIDAD','1579.80','Compensador'),
 (519,'182','2018-04-26',2,'061152400','ELECTRICIDAD','1447.53','Compensador'),
 (520,'232','2018-05-04',2,'061653900','ELECTRICIDAD','183.94','Compensador'),
 (521,'246','2018-05-07',2,'060233200','ELECTRICIDAD','2569.67','Compensador'),
 (522,'247','2018-07-05',2,'060610200','ELECTRICIDAD','909.05','Compensador'),
 (523,'250','2018-05-08',2,'061152500','ELECTRICIDAD','1952.42','Compensador'),
 (524,'1','2018-05-09',51,'060609500','REPARACIONS GENERALES','1000.00','Compensador'),
 (525,'1','2018-05-09',56,'060245600','REPARACIONS GENERALES','1000.00','Compensador'),
 (526,'1','2018-05-09',52,'061002200','PLOMERÍA','1000.00','Compensador'),
 (527,'1','2018-05-09',53,'060958600','REPARACIONS GENERALES','1000.00','Compensador'),
 (528,'1','2018-05-09',54,'061151900','REPARACIONS GENERALES','1000.00','Compensador'),
 (529,'1','2018-05-09',55,'061871300','REPARACIONS GENERALES','1000.00','Compensador'),
 (530,'10780','2018-04-06',97,'060610200','REPARACIONS GENERALES','3780.00','Compensador'),
 (531,'10901','2018-05-16',97,'060610200','REPARACIONS GENERALES','3270.00','Compensador'),
 (532,'39723','2018-03-26',5,'060238300','REPARACIONS GENERALES','409.67','Compensador'),
 (533,'40287','2018-05-14',5,'060958900','REPARACIONS GENERALES','3048.24','Compensador'),
 (534,'40','2018-05-19',43,'060960500','VIDRIOS','4830.00','Compensador'),
 (535,'4','2018-05-03',98,'060961100','PLOMERÍA','4275.00','Compensador'),
 (536,'2','2018-05-03',18,'060961100','PLOMERÍA','4275.00','Compensador'),
 (537,'2','2018-04-27',31,'060824000','CORTE DE PASTO','4750.00','Compensador'),
 (538,'2','2018-04-27',30,'060824000','CORTE DE PASTO','4750.00','Compensador'),
 (539,'2','2018-05-03',61,'060958600','PINTURA','7100.00','Compensador'),
 (540,'2','2018-05-03',90,'060958600','PINTURA','7100.00','Compensador'),
 (541,'2','2018-05-03',60,'060958600','PINTURA','7100.00','Compensador'),
 (542,'2','2018-05-03',90,'060958600','OTROS','7100.00','Compensador'),
 (543,'2','2018-04-13',59,'060958600','PINTURA','2375.00','Compensador'),
 (544,'2','2018-04-27',32,'060824000','CORTE DE PASTO','4750.00','Compensador'),
 (545,'2','2018-04-27',29,'060824000','CORTE DE PASTO','4750.00','Compensador'),
 (546,'271','2018-04-12',1,'060238100','PLOMERÍA','1200.00','Compensador'),
 (547,'27','2018-04-12',1,'061870900','PLOMERÍA','2500.00','Compensador'),
 (548,'273','2018-04-12',1,'060238000','PLOMERÍA','1000.00','Compensador'),
 (549,'274','2018-04-18',1,'060238500','PLOMERÍA','1000.00','Compensador'),
 (550,'275','2018-04-18',1,'060959000','PLOMERÍA','1000.00','Compensador'),
 (551,'276','2018-04-18',1,'060155000','PLOMERÍA','2500.00','Compensador'),
 (552,'277','2018-05-04',1,'060609500','PLOMERÍA','800.00','Compensador'),
 (553,'278','2018-05-04',1,'060609500','PLOMERÍA','900.00','Compensador'),
 (554,'261','2018-03-23',1,'061152500','PLOMERÍA','2800.00','Compensador'),
 (555,'262','2018-03-23',1,'062055400','PINTURA','1100.00','Compensador'),
 (556,'263','2018-03-23',1,'060519700','PLOMERÍA','1000.00','Compensador'),
 (557,'264','2018-03-23',1,'060958600','PLOMERÍA','2200.00','Compensador'),
 (558,'265','2018-03-23',1,'061002200','PLOMERÍA','1000.00','Compensador'),
 (559,'266','2018-03-23',1,'060958500','PLOMERÍA','1500.00','Compensador'),
 (560,'267','2018-03-23',1,'060728300','PLOMERÍA','900.00','Compensador'),
 (561,'269','2018-03-27',1,'060958600','PLOMERÍA','1500.00','Compensador'),
 (562,'309','2018-03-23',21,'060238100','PLOMERÍA','1050.00','Compensador'),
 (563,'310','2018-03-23',21,'060609500','PLOMERÍA','3800.00','Compensador'),
 (564,'311','2018-03-23',21,'062235900','MATAFUEGOS','3750.00','Compensador'),
 (565,'312','2018-04-03',21,'060233400','PLOMERÍA','2200.00','Compensador'),
 (566,'313','2018-04-03',21,'060960500','PLOMERÍA','1250.00','Compensador'),
 (567,'314','2018-04-04',21,'060812900','PLOMERÍA','950.00','Compensador'),
 (568,'315','2018-04-04',21,'060238100','PLOMERÍA','800.00','Compensador'),
 (569,'316','2018-04-12',21,'060959200','PLOMERÍA','1050.00','Compensador'),
 (570,'283','2018-02-05',71,'060961100','GAS','850.00','Compensador'),
 (571,'284','2018-02-05',71,'061871000','GAS','850.00','Compensador'),
 (572,'0285','2018-02-05',71,'061152400','GAS','2900.00','Compensador'),
 (573,'286','2018-02-05',71,'061152400','GAS','850.00','Compensador'),
 (574,'0290','2018-03-01',19,'060345500','MATAFUEGOS','765.32','Compensador'),
 (575,'307','2018-04-13',19,'060958500','MATAFUEGOS','2909.85','Compensador'),
 (576,'242','2018-03-15',20,'060238400','CERRAJERIA','2870.00','Compensador'),
 (577,'245','2018-03-20',20,'061871000','CERRAJERIA','2830.00','Compensador'),
 (578,'3320','2018-04-05',67,'061871000','VIDRIOS','1980.00','Compensador'),
 (579,'207','2018-04-17',1,'061152400','REPARACIONS GENERALES','1500.00','Compensador'),
 (580,'208','2018-04-23',42,'060961000','REPARACIONS GENERALES','5900.00','Compensador'),
 (581,'175','2018-04-16',3,'060825200','PLOMERÍA','2800.00','Compensador'),
 (582,'176','2018-04-16',3,'060824000','PLOMERÍA','3400.00','Compensador'),
 (583,'177','2018-04-17',3,'060824000','ELECTRICIDAD','2600.00','Compensador'),
 (584,'178','2018-04-17',3,'060728300','REPARACIONS GENERALES','1500.00','Compensador'),
 (585,'179','2018-04-18',3,'060519700','REPARACIONS GENERALES','950.00','Compensador'),
 (586,'180','2018-04-18',3,'060519700','ELECTRICIDAD','1100.00','Compensador'),
 (587,'157','2018-04-09',14,'061636300','PLOMERÍA','2100.00','Compensador'),
 (588,'151900,00','2018-04-11',14,'061653900','ELECTRICIDAD','0.00','Compensador'),
 (589,'160','2018-04-11',14,'061870900','PLOMERÍA','4600.00','Compensador'),
 (590,'165','2018-04-12',14,'061870900','ELECTRICIDAD','5900.00','Compensador'),
 (591,'47378','2018-03-12',22,'060191100','PINTURA','1903.65','Compensador'),
 (592,'47622','2018-03-15',22,'061713000','PINTURA','1819.29','Compensador'),
 (593,'47733','2018-03-16',22,'060191100','PINTURA','758.91','Compensador'),
 (594,'47909','2018-03-19',22,'060191100','PINTURA','595.07','Compensador'),
 (595,'176','2018-03-26',23,'061002200','PLOMERÍA','3100.00','Compensador'),
 (596,'177','2018-03-26',23,'060238100','GAS','700.00','Compensador'),
 (597,'178','2018-03-26',23,'060810800','GAS','700.00','Compensador'),
 (598,'180','2018-04-11',23,'061394200','PLOMERÍA','400.00','Compensador'),
 (599,'181','2018-04-23',23,'060958600','PLOMERÍA','1600.00','Compensador'),
 (600,'182','2018-04-23',23,'061151900','PLOMERÍA','600.00','Compensador'),
 (601,'183','2018-04-23',23,'060961000','REPARACIONS GENERALES','3500.00','Compensador'),
 (602,'184','2018-04-23',23,'060825200','REPARACIONS GENERALES','9500.00','Compensador'),
 (603,'185','2018-05-03',23,'061871000','PLOMERÍA','1700.00','Compensador'),
 (604,'186','2018-05-03',23,'060958600','PLOMERÍA','1000.00','Compensador'),
 (605,'4698','2018-04-20',28,'060610200','COMBUSTIBLE','1997.40','Compensador'),
 (606,'104','2018-04-06',2,'060958500','ELECTRICIDAD','2420.19','Compensador'),
 (607,'114','2018-04-09',2,'061870900','ELECTRICIDAD','116.22','Compensador'),
 (608,'122','2018-04-11',2,'060811100','ELECTRICIDAD','2636.17','Compensador'),
 (609,'138','2018-04-13',2,'060232900','ELECTRICIDAD','1970.04','Compensador'),
 (610,'001','2018-04-13',61,'060958600','PINTURA','1750.00','Compensador'),
 (611,'001','2018-04-13',90,'060958600','PINTURA','1750.00','Compensador'),
 (612,'001','2018-04-13',60,'060958600','PINTURA','1750.00','Compensador'),
 (613,'001','2018-04-13',90,'060958600','PINTURA','1425.00','Compensador'),
 (614,'001','2018-04-13',59,'060958600','PINTURA','1425.00','Compensador'),
 (615,'4690','2018-04-17',28,'060610200','COMBUSTIBLE','1978.15','Compensador'),
 (616,'4390','2018-03-12',67,'060609500','VIDRIOS','2950.00','Compensador'),
 (617,'4405','2018-03-16',67,'060609500','VIDRIOS','2600.00','Compensador'),
 (618,'296','2018-02-02',21,'060960400','PLOMERÍA','2700.00','Compensador'),
 (619,'297','2018-03-01',21,'060959200','PLOMERÍA','2100.00','Compensador'),
 (620,'298','2018-08-09',21,'061151900','PLOMERÍA','3900.00','Compensador'),
 (622,'301','2018-03-12',21,'060245200','PLOMERÍA','1900.00','Compensador'),
 (623,'302','2018-03-13',21,'060810800','PLOMERÍA','2200.00','Compensador'),
 (625,'303','2018-03-14',21,'060961000','PLOMERÍA','3800.00','Compensador'),
 (626,'304','2018-03-16',21,'060812900','PLOMERÍA','1800.00','Compensador'),
 (627,'305','2018-03-19',21,'060155000','PLOMERÍA','1200.00','Compensador'),
 (628,'306','2018-03-19',21,'060238400','PLOMERÍA','850.00','Compensador'),
 (629,'307','2018-03-20',21,'060958600','PLOMERÍA','2300.00','Compensador'),
 (630,'308','2018-03-20',21,'060811100','PLOMERÍA','750.00','Compensador'),
 (631,'43611','2018-03-14',10,'060958900','PLOMERÍA','4646.00','Compensador'),
 (632,'43612','2018-03-14',10,'060958900','PLOMERÍA','2759.77','Compensador'),
 (633,'43713','2018-03-19',10,'061002200','PLOMERÍA','589.06','Compensador'),
 (634,'43730','2018-03-20',10,'061002200','PLOMERÍA','402.79','Compensador'),
 (635,'43800','2018-03-23',10,'060609500','PLOMERÍA','1010.98','Compensador'),
 (636,'43801','2018-03-23',10,'061152400','PLOMERÍA','323.02','Compensador'),
 (637,'43802','2018-03-23',10,'060958600','PLOMERÍA','380.83','Compensador'),
 (638,'43804','2018-03-23',10,'060961100','PLOMERÍA','530.47','Compensador'),
 (639,'10525','2018-03-24',73,'060238300','REPARACIONS GENERALES','1968.00','Compensador'),
 (640,'173','2018-03-19',23,'060958900','PLOMERÍA','3600.00','Compensador'),
 (641,'1203','2018-03-09',74,'060959000','MATAFUEGOS','1706.10','Compensador'),
 (642,'1204','2018-03-09',65,'060959200','MATAFUEGOS','1270.50','Compensador'),
 (643,'179','2018-04-09',23,'061253500','REPARACIONS GENERALES','2200.00','Compensador'),
 (644,'174','2018-03-14',23,'060958500','PLOMERÍA','13300.00','Compensador'),
 (645,'171','2018-02-22',23,'060238400','PLOMERÍA','1300.00','Compensador'),
 (646,'172','2018-03-14',23,'060238500','PLOMERÍA','900.00','Compensador'),
 (647,'173','2018-03-14',23,'060519700','PLOMERÍA','2200.00','Compensador'),
 (648,'175','2018-03-14',23,'061871000','PLOMERÍA','5600.00','Compensador'),
 (649,'206','2018-04-04',94,'061871000','REPARACIONS GENERALES','3200.00','Compensador'),
 (650,'19','2018-02-08',70,'060245200','ELECTRICIDAD','700.00','Compensador'),
 (651,'21','2018-02-14',70,'061253500','ELECTRICIDAD','1400.00','Compensador'),
 (652,'23','2018-02-20',70,'060609500','ELECTRICIDAD','1400.00','Compensador'),
 (653,'24','2018-02-27',70,'060958500','ELECTRICIDAD','800.00','Compensador'),
 (654,'25','2018-03-05',70,'060958500','ELECTRICIDAD','450.00','Compensador'),
 (655,'26','2018-03-07',70,'060958500','ELECTRICIDAD','2400.00','Compensador'),
 (656,'28','2018-03-08',70,'060761500','ELECTRICIDAD','1200.00','Compensador'),
 (657,'29','2018-03-09',70,'060958600','PLOMERÍA','700.00','Compensador'),
 (658,'030','2018-03-14',70,'060506000','ELECTRICIDAD','300.00','Compensador'),
 (659,'031','2018-03-14',70,'060961100','ELECTRICIDAD','1300.00','Compensador'),
 (660,'032','2018-03-16',70,'060961100','ELECTRICIDAD','700.00','Compensador'),
 (661,'033','2018-03-19',70,'060961100','ELECTRICIDAD','1050.00','Compensador'),
 (662,'034','2018-03-21',70,'060728300','PLOMERÍA','500.00','Compensador'),
 (663,'151','2018-03-23',14,'060238400','ELECTRICIDAD','2800.00','Compensador'),
 (664,'153','2018-03-27',14,'061871000','PLOMERÍA','3100.00','Compensador'),
 (665,'154','2018-03-27',14,'060238400','PLOMERÍA','1600.00','Compensador'),
 (666,'001','2018-04-20',62,'060609500','CORTE DE PASTO','2850.00','Compensador'),
 (667,'001','2018-04-20',48,'060609500','CORTE DE PASTO','5925.00','Compensador'),
 (668,'001','2018-04-20',49,'060960500','CORTE DE PASTO','5925.00','Compensador'),
 (669,'001','2018-04-20',47,'060960500','CORTE DE PASTO','5925.00','Compensador'),
 (670,'001','2018-04-20',50,'060960500','CORTE DE PASTO','5925.00','Compensador'),
 (671,'001','2018-04-20',46,'060245400','CORTE DE PASTO','5925.00','Compensador'),
 (672,'001','2018-03-28',15,'060728300','PINTURA','4750.00','Compensador'),
 (673,'001','2018-03-27',75,'061624300','CORTE DE PASTO','1425.00','Compensador'),
 (674,'1','2018-03-27',77,'060245600','CORTE DE PASTO','1425.00','Compensador'),
 (675,'1','2018-03-28',29,'060245600','CORTE DE PASTO','2613.00','Compensador'),
 (676,'1','2018-03-28',30,'060609500','CORTE DE PASTO','2613.00','Compensador'),
 (677,'1','2018-03-28',31,'060609500','CORTE DE PASTO','2613.00','Compensador'),
 (678,'001','2018-03-28',17,'060191100','REPARACIONS GENERALES','4750.00','Compensador'),
 (679,'001','2018-03-28',16,'060191100','REPARACIONS GENERALES','4750.00','Compensador'),
 (680,'001','2018-03-28',18,'060940200','REPARACIONS GENERALES','4750.00','Compensador'),
 (681,'003','2018-03-28',39,'062055400','REPARACIONS GENERALES','4750.00','Compensador'),
 (682,'687','2018-03-07',99,'060238100','ELECTRICIDAD','132.50','Compensador'),
 (683,'691','2018-03-09',99,'060238500','ELECTRICIDAD','1724.00','Compensador'),
 (684,'701','2018-03-15',99,'060958900','ELECTRICIDAD','15.00','Compensador'),
 (685,'702','2018-03-15',99,'060961100','ELECTRICIDAD','100.00','Compensador'),
 (686,'705','2018-03-19',99,'060824000','ELECTRICIDAD','1145.00','Compensador'),
 (687,'204688','2018-04-04',28,'060960500','COMBUSTIBLE','1987.55','Compensador'),
 (688,'162','2018-01-10',23,'060958900','PLOMERÍA','2000.00','Compensador'),
 (689,'165','2018-01-10',23,'060958500','PLOMERÍA','300.00','Compensador'),
 (690,'166','2018-01-10',23,'060728300','PLOMERÍA','3000.00','Compensador'),
 (691,'168','2018-02-22',23,'061253500','PLOMERÍA','1500.00','Compensador'),
 (692,'169','2018-02-22',23,'060609500','GAS','800.00','Compensador'),
 (693,'170','2018-02-22',23,'061253500','PLOMERÍA','1200.00','Compensador'),
 (694,'42688','2018-01-10',10,'060958600','PLOMERÍA','188.72','Compensador'),
 (695,'42768','2018-01-16',10,'061253500','PLOMERÍA','976.48','Compensador'),
 (696,'43115','2018-02-02',10,'060610200','PLOMERÍA','42.44','Compensador'),
 (697,'43123','2018-02-02',10,'060825200','PLOMERÍA','7181.92','Compensador'),
 (698,'43216','2018-02-07',10,'060959200','PLOMERÍA','1011.26','Compensador'),
 (699,'43332','2018-03-02',10,'061871000','PLOMERÍA','351.86','Compensador'),
 (700,'43472','2018-03-08',10,'061871000','PLOMERÍA','5324.79','Compensador'),
 (701,'43483','2018-03-08',10,'061871000','PLOMERÍA','258.83','Compensador'),
 (702,'43511','2018-03-09',10,'061871000','PLOMERÍA','343.37','Compensador'),
 (703,'46044','2018-02-23',22,'060245300','PINTURA','972.36','Compensador'),
 (705,'46409','2018-02-28',22,'060958600','PINTURA','605.84','Compensador'),
 (706,'47089','2018-03-08',22,'060958600','PLOMERÍA','1141.30','Compensador'),
 (707,'47084','2018-03-08',22,'060960400','PINTURA','3375.73','Compensador'),
 (708,'47126','2018-03-08',22,'060191100','PINTURA','967.92','Compensador'),
 (709,'237','2018-03-01',20,'060959000','CERRAJERIA','2720.00','Compensador'),
 (710,'235','2018-02-23',20,'060238100','CERRAJERIA','1900.00','Compensador'),
 (711,'225','2018-01-17',20,'060609500','CERRAJERIA','850.00','Compensador'),
 (712,'557','2018-03-20',20,'060958600','CERRAJERIA','70.00','Compensador'),
 (713,'4350','2018-02-23',67,'060958600','VIDRIOS','2400.00','Compensador'),
 (714,'4357','2018-02-27',67,'060609500','CERRAJERIA','2300.00','Compensador'),
 (715,'4381','2018-03-07',67,'060761500','VIDRIOS','5300.00','Compensador'),
 (716,'171','2018-03-01',3,'060609400','PLOMERÍA','1400.00','Compensador'),
 (717,'174','2018-03-21',3,'060958500','PLOMERÍA','1100.00','Compensador'),
 (718,'658','2018-02-21',78,'061253500','PLOMERÍA','227.00','Compensador'),
 (719,'654','2018-02-19',78,'060519700','PLOMERÍA','222.00','Compensador'),
 (720,'669','2018-02-27',78,'060609500','ELECTRICIDAD','372.00','Compensador'),
 (721,'677','2018-02-28',78,'060609500','PLOMERÍA','1921.00','Compensador'),
 (722,'678','2018-02-28',78,'061002200','PLOMERÍA','746.00','Compensador'),
 (723,'682','2018-03-02',78,'062235800','ELECTRICIDAD','42.00','Compensador'),
 (724,'685','2018-03-06',78,'062055400','PLOMERÍA','448.00','Compensador'),
 (725,'58','2018-03-01',69,'060609400','REPARACIONS GENERALES','800.00','Compensador'),
 (726,'202','2018-03-09',94,'060609500','REPARACIONS GENERALES','1200.00','Compensador'),
 (727,'20','2018-03-08',94,'060940200','REPARACIONS GENERALES','1300.00','Compensador'),
 (728,'203','2018-03-15',94,'061871100','REPARACIONS GENERALES','2200.00','Compensador'),
 (729,'054','2018-03-07',79,'060811100','CORTE DE PASTO','3700.00','Compensador'),
 (730,'014','2018-03-19',9,'060238300','REPARACIONS GENERALES','20300.00','Compensador'),
 (731,'10727','2018-03-16',27,'060610200','REPARACIONS GENERALES','5570.00','Compensador'),
 (732,'159','2018-01-10',23,'060233200','GAS','2000.00','Compensador'),
 (733,'160','2018-01-10',23,'060238500','ELECTRICIDAD','2400.00','Compensador'),
 (734,'161','2018-01-10',23,'060958600','PLOMERÍA','3500.00','Compensador'),
 (735,'020','2018-03-08',70,'061511800','ELECTRICIDAD','900.00','Compensador'),
 (736,'027','2018-03-08',23,'060238500','PLOMERÍA','800.00','Compensador'),
 (737,'850','2018-02-15',6,'060245400','REPARACIONS GENERALES','1329.56','Compensador'),
 (738,'279','2018-02-05',71,'060251500','GAS','730.00','Compensador'),
 (739,'281','2018-02-05',71,'061653900','GAS','1600.00','Compensador'),
 (740,'282','2018-02-05',71,'061002200','GAS','1300.00','Compensador'),
 (741,'140','2018-03-22',13,'061151900','REPARACIONS GENERALES','14000.00','Compensador'),
 (742,'46481','2018-03-01',22,'061713000','PINTURA','2273.28','Compensador'),
 (743,'22440','2018-02-25',22,'060238200','PINTURA','4989.45','Compensador'),
 (744,'46758','2018-03-05',22,'060824000','PINTURA','3007.43','Compensador'),
 (745,'46763','2018-03-05',22,'060238300','PINTURA','2522.03','Compensador'),
 (746,'39569','2018-03-13',5,'061636300','REPARACIONS GENERALES','2944.50','Compensador'),
 (747,'39530','2018-03-09',5,'061249900','REPARACIONS GENERALES','2735.40','Compensador'),
 (748,'204642','2018-03-07',28,'060610200','COMBUSTIBLE','1949.50','Compensador'),
 (749,'42824','2018-01-18',10,'060238400','PLOMERÍA','52.50','Compensador'),
 (750,'42986','2018-01-26',10,'060238400','PLOMERÍA','282.00','Compensador'),
 (751,'204639','2018-02-28',28,'060960500','COMBUSTIBLE','1575.60','Compensador'),
 (752,'295','2018-01-08',21,'061002200','GAS','700.00','Compensador'),
 (753,'277','2018-01-03',71,'060824000','GAS','2400.00','Compensador'),
 (754,'278','2018-01-03',71,'062066100','GAS','230.00','Compensador'),
 (755,'851','2018-02-16',6,'060610200','REPARACIONS GENERALES','449.76','Compensador'),
 (756,'407','2018-02-17',6,'060610200','REPARACIONS GENERALES','105.79','Compensador'),
 (757,'46254','2018-02-26',22,'061151900','PINTURA','2705.51','Compensador'),
 (758,'46255','2018-02-26',22,'060958600','PINTURA','953.05','Compensador'),
 (759,'46293','2018-02-27',22,'061871000','PINTURA','1986.90','Compensador'),
 (760,'3029','2018-02-21',65,'060610200','REPARACIONS GENERALES','593.56','Compensador'),
 (761,'052','2018-01-11',79,'060519700','CORTE DE PASTO','2000.00','Compensador'),
 (762,'053','2018-01-11',79,'060238400','CORTE DE PASTO','2000.00','Compensador'),
 (763,'013','2018-02-23',97,'060610200','REPARACIONS GENERALES','900.00','Compensador'),
 (764,'13632','2018-02-23',97,'060610200','REPARACIONS GENERALES','13250.00','Compensador'),
 (765,'006','2018-09-15',90,'061871000','REPARACIONS GENERALES','2613.00','Compensador'),
 (766,'204814','2018-10-03',28,'060610200','COMBUSTIBLE','1995.00','Compensador'),
 (767,'008','2018-09-15',59,'061871000','REPARACIONS GENERALES','2613.00','Compensador'),
 (768,'009','2018-09-15',37,'061871000','PINTURA','2613.00','Compensador'),
 (769,'004','2018-10-31',62,'060811100','CORTE DE PASTO','6000.00','Compensador'),
 (770,'007','2018-10-29',18,'061151900','ELECTRICIDAD','6000.00','Compensador'),
 (771,'005','2018-10-31',46,'060728300','CORTE DE PASTO','6000.00','Compensador'),
 (772,'005','2018-11-27',49,'060728300','CORTE DE PASTO','6000.00','Compensador'),
 (773,'005','2018-10-31',48,'060811100','CORTE DE PASTO','4500.00','Compensador'),
 (774,'005','2018-10-31',50,'060811100','CORTE DE PASTO','6000.00','Compensador'),
 (775,'005','2018-10-31',47,'061624300','CORTE DE PASTO','6000.00','Compensador'),
 (776,'006','2018-10-01',11,'060233400','REPARACIONS GENERALES','17500.00','Compensador'),
 (779,'103138','2018-11-05',101,'060245600','GAS','1800.00','Compensador'),
 (780,'103139','2018-11-05',101,'060245600','GAS','1800.00','Compensador'),
 (781,'103140','2018-11-05',101,'060245600','GAS','1800.00','Compensador'),
 (782,'103141','2018-11-05',101,'060233100','GAS','1800.00','Compensador'),
 (783,'103142','2018-11-05',101,'060233100','GAS','1800.00','Compensador'),
 (784,'103143','2018-11-05',101,'060233100','GAS','1800.00','Compensador'),
 (785,'103144','2018-11-05',101,'060232700','GAS','1800.00','Compensador'),
 (786,'103145','2018-11-05',101,'060232700','GAS','1800.00','Compensador'),
 (787,'103146','2018-11-05',101,'060232700','GAS','1800.00','Compensador'),
 (788,'103147','2018-11-05',101,'060245600','GAS','1800.00','Compensador'),
 (789,'103148','2018-11-05',101,'060232700','GAS','1800.00','Compensador'),
 (790,'103149','2018-11-05',101,'060232700','GAS','1800.00','Compensador'),
 (791,'020','2018-08-09',41,'061152400','ELECTRICIDAD','500.00','Compensador'),
 (792,'021','2018-08-10',41,'060245600','ELECTRICIDAD','900.00','Compensador'),
 (793,'022','2018-08-10',41,'061152400','ELECTRICIDAD','4900.00','Compensador'),
 (794,'023','2018-08-10',41,'060811100','ELECTRICIDAD','1400.00','Compensador'),
 (795,'024','2018-08-13',41,'060958600','ELECTRICIDAD','500.00','Compensador'),
 (796,'025','2018-08-14',41,'060609500','ELECTRICIDAD','1250.00','Compensador'),
 (797,'026','2018-08-14',41,'061002200','ELECTRICIDAD','1100.00','Compensador'),
 (798,'028','2018-08-14',41,'060961000','ELECTRICIDAD','1800.00','Compensador'),
 (799,'029','2018-08-15',41,'060609400','ELECTRICIDAD','1000.00','Compensador'),
 (800,'030','2018-08-17',41,'061152400','ELECTRICIDAD','500.00','Compensador'),
 (801,'032','2018-08-18',41,'060610200','ELECTRICIDAD','2500.00','Compensador'),
 (802,'011','2018-08-21',42,'060958600','HERRERIA','2000.00','Compensador'),
 (803,'012','2018-08-21',42,'060233200','HERRERIA','1200.00','Compensador'),
 (804,'372','2018-08-16',19,'061653900','MATAFUEGOS','401.80','Compensador'),
 (805,'376','2018-08-29',19,'060761500','MATAFUEGOS','2410.80','Compensador'),
 (806,'377','2018-08-29',19,'062055400','MATAFUEGOS','803.60','Compensador'),
 (807,'378','2018-08-29',19,'060961000','MATAFUEGOS','1607.20','Compensador'),
 (808,'379','2018-08-29',19,'060830000','MATAFUEGOS','1607.20','Compensador'),
 (809,'188','2018-08-13',14,'060233300','GAS','19000.00','Compensador'),
 (810,'197','2018-09-14',14,'060232700','GAS','7500.00','Compensador'),
 (811,'006','2018-08-13',21,'060245200','PLOMERÍA','3200.00','Compensador'),
 (812,'007','2018-08-13',21,'060519600','GAS','1900.00','Compensador'),
 (813,'015','2018-08-27',21,'060959200','GAS','2200.00','Compensador'),
 (814,'016','2018-08-10',21,'061870900','GAS','2500.00','Compensador'),
 (815,'017','2018-08-10',21,'060519700','PLOMERÍA','1800.00','Compensador');
INSERT INTO `factura` (`idFactura`,`Numero`,`Fecha`,`IdProveedor`,`Cue`,`Rubro`,`Monto`,`Cuenta`) VALUES 
 (816,'018','2018-08-13',21,'061253500','GAS','2200.00','Compensador'),
 (817,'019','2018-08-14',21,'060958600','PLOMERÍA','1800.00','Compensador'),
 (818,'020','2018-08-14',21,'060811100','PLOMERÍA','2500.00','Compensador'),
 (819,'005','2018-10-01',11,'060233400','REPARACIONS GENERALES','17500.00','Compensador'),
 (820,'228','2018-09-02',23,'061151900','GAS','2350.00','Compensador'),
 (821,'231','2018-09-10',23,'060233200','GAS','3500.00','Compensador'),
 (822,'227','2018-09-02',23,'060810800','GAS','5500.00','Compensador'),
 (823,'009','2018-08-21',42,'060609500','HERRERIA','2200.00','Compensador'),
 (824,'010','2018-08-21',42,'060238100','HERRERIA','2200.00','Compensador'),
 (825,'080','2018-08-27',12,'061253500','GAS','5300.00','Compensador'),
 (826,'014','2018-10-02',88,'060245600','REPARACIONS GENERALES','2200.00','Compensador'),
 (827,'015','2018-10-10',12,'060245600','GAS','2700.00','Compensador'),
 (828,'216','2018-09-25',3,'060191100','PLOMERÍA','3800.00','Compensador'),
 (829,'220','2018-09-27',3,'061002200','PLOMERÍA','950.00','Compensador'),
 (830,'682','2018-08-16',20,'062208400','CERRAJERIA','2500.00','Compensador'),
 (831,'683','2018-08-16',20,'062235800','CERRAJERIA','1250.00','Compensador'),
 (832,'024','2018-07-04',102,'060345500','GAS','4620.00','Compensador'),
 (833,'026','2018-07-26',102,'060610200','GAS','3200.00','Compensador'),
 (834,'027','2018-07-25',102,'060610200','GAS','4800.00','Compensador'),
 (835,'553','2018-08-31',66,'060245200','ELECTRICIDAD','982.00','Compensador'),
 (836,'555','2018-08-31',66,'060810800','ELECTRICIDAD','6221.00','Compensador'),
 (837,'558','2018-08-31',66,'060191100','ELECTRICIDAD','873.00','Compensador'),
 (838,'002','2018-08-06',21,'060958500','GAS','800.00','Compensador'),
 (839,'003','2018-08-08',21,'060958500','GAS','5200.00','Compensador'),
 (840,'004','2018-08-13',21,'060961000','GAS','2000.00','Compensador'),
 (841,'008','2018-09-07',16,'060191100','PINTURA','1250.00','Compensador'),
 (842,'008','2018-09-07',15,'060155000','PINTURA','1250.00','Compensador'),
 (843,'008','2018-09-07',17,'061253500','PINTURA','1250.00','Compensador'),
 (844,'032','2018-10-03',9,'060238300','REPARACIONS GENERALES','48150.00','Compensador'),
 (845,'190','2018-08-13',14,'060812900','GAS','1300.00','Compensador'),
 (846,'191','2018-08-13',14,'061653900','GAS','6500.00','Compensador'),
 (847,'215','2018-09-25',3,'061152400','PLOMERÍA','4100.00','Compensador'),
 (848,'007','2018-09-15',60,'061871000','PINTURA','2613.00','Compensador'),
 (850,'25586','2018-09-14',6,'060940100','OTROS','115.90','Compensador'),
 (851,'25887','2018-09-14',6,'060610200','OTROS','862.50','Compensador'),
 (856,'006','2018-11-28',50,'060245400','CORTE DE PASTO','6000.00','Compensador'),
 (857,'006','2018-11-28',49,'060830000','CORTE DE PASTO','6000.00','Compensador'),
 (858,'006','2018-11-28',46,'060245400','CORTE DE PASTO','6000.00','Compensador'),
 (859,'006','2018-11-28',48,'060238200','CORTE DE PASTO','3000.00','Compensador'),
 (860,'4710','2018-08-10',67,'060811100','VIDRIOS','1700.00','Compensador'),
 (861,'4718','2018-08-14',67,'060940100','VIDRIOS','1480.00','Compensador'),
 (862,'4744','2018-08-22',67,'060609400','VIDRIOS','119.67','Compensador'),
 (863,'4931','2018-11-12',67,'060609500','VIDRIOS','1590.00','Compensador'),
 (864,'4932','2018-11-12',67,'060958500','VIDRIOS','420.00','Compensador'),
 (865,'103150','2018-11-05',101,'060245600','GAS','1950.00','Compensador'),
 (866,'103151','2018-11-05',101,'060232700','GAS','1950.00','Compensador'),
 (867,'103152','2018-11-05',101,'060245600','GAS','1950.00','Compensador'),
 (868,'103153','2018-11-05',101,'060238400','GAS','1950.00','Compensador'),
 (869,'103154','2018-11-05',101,'060238400','GAS','1950.00','Compensador'),
 (870,'103155','2018-11-05',101,'060232700','GAS','1950.00','Compensador'),
 (871,'103156','2018-11-05',101,'060245600','GAS','1950.00','Compensador'),
 (872,'006','2018-11-28',47,'060233400','CORTE DE PASTO','4800.00','Compensador'),
 (873,'008','2018-10-09',11,'060238200','REPARACIONS GENERALES','19500.00','Compensador'),
 (874,'007','2019-02-19',11,'060233400','REPARACIONS GENERALES','19500.00','Compensador'),
 (875,'005','2018-11-28',62,'060238200','CORTE DE PASTO','3300.00','Compensador'),
 (876,'192','2019-02-19',14,'060238400','PLOMERÍA','7100.00','Compensador'),
 (877,'193','2018-08-23',14,'060824000','GAS','3500.00','Compensador'),
 (878,'194','2018-08-23',14,'060825200','GAS','4500.00','Compensador'),
 (879,'25587','2019-02-19',6,'060940100','REPARACIONS GENERALES','862.50','Compensador'),
 (880,'280','2018-08-07',21,'060609500','ELECTRICIDAD','1400.00','Compensador'),
 (881,'287','2018-09-28',81,'061871100','ELECTRICIDAD','3100.00','Compensador'),
 (882,'280','2018-08-07',81,'060609500','ELECTRICIDAD','1400.00','Compensador'),
 (883,'027','2018-08-17',41,'060238200','ELECTRICIDAD','500.00','Compensador'),
 (884,'034','2018-08-21',41,'060610200','ELECTRICIDAD','500.00','Compensador'),
 (885,'035','2018-08-21',41,'060961000','ELECTRICIDAD','500.00','Compensador'),
 (886,'037','2018-08-22',41,'060961000','ELECTRICIDAD','750.00','Compensador'),
 (887,'038','2018-08-23',41,'061152400','ELECTRICIDAD','850.00','Compensador'),
 (888,'040','2018-08-24',41,'060238400','ELECTRICIDAD','1400.00','Compensador'),
 (889,'041','2018-08-24',41,'060810800','ELECTRICIDAD','1500.00','Compensador'),
 (890,'042','2018-08-24',41,'060251500','ELECTRICIDAD','750.00','Compensador'),
 (891,'043','2018-08-27',41,'060811100','ELECTRICIDAD','1200.00','Compensador'),
 (892,'044','2018-08-27',41,'060959200','ELECTRICIDAD','500.00','Compensador'),
 (893,'045','2018-08-27',41,'060245600','ELECTRICIDAD','1750.00','Compensador'),
 (894,'046','2018-08-27',41,'060940100','ELECTRICIDAD','500.00','Compensador'),
 (895,'049','2018-09-03',41,'062055400','ELECTRICIDAD','1250.00','Compensador'),
 (896,'050','2018-09-07',41,'060245600','ELECTRICIDAD','2500.00','Compensador'),
 (897,'051','2018-09-12',41,'060609400','ELECTRICIDAD','1200.00','Compensador'),
 (898,'053','2018-09-18',41,'060940100','ELECTRICIDAD','750.00','Compensador'),
 (899,'057','2018-09-25',41,'060958500','ELECTRICIDAD','1500.00','Compensador'),
 (900,'058','2018-09-26',41,'060506000','ELECTRICIDAD','500.00','Compensador'),
 (901,'059','2018-09-26',41,'060959000','ELECTRICIDAD','500.00','Compensador'),
 (902,'060','2018-09-27',41,'060958600','ELECTRICIDAD','500.00','Compensador'),
 (903,'062','2018-09-28',41,'060940100','ELECTRICIDAD','750.00','Compensador'),
 (904,'063','2018-10-01',41,'060325900','ELECTRICIDAD','1750.00','Compensador'),
 (905,'065','2018-10-02',41,'060825200','ELECTRICIDAD','1700.00','Compensador'),
 (906,'068','2019-02-20',41,'060238300','ELECTRICIDAD','1100.00','Compensador'),
 (907,'069','2018-10-10',41,'060155000','ELECTRICIDAD','750.00','Compensador'),
 (908,'070','2018-10-11',41,'060610200','ELECTRICIDAD','500.00','Compensador'),
 (909,'075','2018-10-23',41,'062055400','ELECTRICIDAD','1300.00','Compensador'),
 (910,'076','2018-10-23',41,'060960500','ELECTRICIDAD','1400.00','Compensador'),
 (911,'077','2018-10-25',41,'060238500','ELECTRICIDAD','2000.00','Compensador'),
 (912,'081','2018-10-30',41,'060251500','ELECTRICIDAD','750.00','Compensador'),
 (913,'083','2018-11-01',41,'060958600','ELECTRICIDAD','1500.00','Compensador'),
 (914,'084','2018-11-02',41,'060958500','ELECTRICIDAD','750.00','Compensador'),
 (915,'085','2018-11-06',41,'060191100','ELECTRICIDAD','750.00','Compensador'),
 (916,'089','2018-11-08',41,'060958500','ELECTRICIDAD','2000.00','Compensador'),
 (917,'090','2018-11-09',41,'060824000','ELECTRICIDAD','2000.00','Compensador'),
 (918,'46686','2018-08-27',10,'060191100','PLOMERÍA','139.10','Compensador'),
 (919,'46687','2018-08-24',10,'061151900','PLOMERÍA','165.93','Compensador'),
 (920,'46776','2018-08-30',10,'060728300','PLOMERÍA','359.48','Compensador'),
 (921,'46799','2018-08-30',10,'061151900','PLOMERÍA','458.52','Compensador'),
 (922,'46800','2018-08-30',10,'060810800','PLOMERÍA','790.00','Compensador'),
 (923,'46801','2018-08-30',10,'061871000','PLOMERÍA','632.97','Compensador'),
 (924,'46825','2018-08-31',10,'060728300','PLOMERÍA','246.66','Compensador'),
 (925,'46911','2018-09-05',10,'060233400','PLOMERÍA','256.60','Compensador'),
 (926,'46913','2018-09-05',10,'060245600','PLOMERÍA','322.47','Compensador'),
 (927,'46941','2018-09-06',10,'060728300','PLOMERÍA','1453.21','Compensador'),
 (928,'46958','2018-09-07',10,'060728300','PLOMERÍA','728.21','Compensador'),
 (929,'46971','2018-09-07',10,'060959200','PLOMERÍA','1315.40','Compensador'),
 (930,'46974','2018-09-07',10,'060958500','PLOMERÍA','461.00','Compensador'),
 (931,'47009','2018-09-10',10,'061253500','PLOMERÍA','898.77','Compensador'),
 (932,'47012','2018-09-10',10,'060958600','PLOMERÍA','187.44','Compensador'),
 (933,'47083','2018-09-13',10,'060958600','PLOMERÍA','243.20','Compensador'),
 (934,'47405','2018-10-10',10,'061002200','PLOMERÍA','623.70','Compensador'),
 (935,'47577','2018-10-10',10,'062055400','PLOMERÍA','244.96','Compensador'),
 (936,'47723','2018-10-20',10,'060245600','PLOMERÍA','537.33','Compensador'),
 (937,'47832','2018-10-27',10,'060191100','PLOMERÍA','185.32','Compensador'),
 (938,'47952','2018-11-02',10,'060961100','PLOMERÍA','418.00','Compensador'),
 (939,'47984','2018-11-06',10,'061387200','PLOMERÍA','415.00','Compensador'),
 (940,'48074','2018-11-10',10,'060191100','PLOMERÍA','320.64','Compensador'),
 (941,'48131','2018-11-14',10,'060810800','PLOMERÍA','420.74','Compensador'),
 (942,'021','2018-09-24',21,'060959200','PLOMERÍA','2100.00','Compensador'),
 (943,'022','2018-09-24',21,'062092000','PLOMERÍA','1100.00','Compensador'),
 (944,'023','2018-09-24',21,'060961000','PLOMERÍA','2300.00','Compensador'),
 (945,'024','2018-09-28',21,'062235900','PLOMERÍA','550.00','Compensador'),
 (946,'0226','2018-08-20',23,'060233400','GAS','13500.00','Compensador'),
 (947,'0229','2018-09-10',23,'060245600','GAS','4100.00','Compensador'),
 (948,'0681','2018-08-28',20,'060959000','CERRAJERIA','1700.00','Compensador'),
 (949,'0306','2018-09-29',20,'060940100','CERRAJERIA','1100.00','Compensador'),
 (950,'0307','2018-09-27',20,'061002200','CERRAJERIA','1700.00','Compensador'),
 (951,'008','2018-11-28',18,'061151900','REPARACIONS GENERALES','6000.00','Compensador'),
 (952,'047','2018-08-28',41,'061713000','ELECTRICIDAD','6000.00','Compensador'),
 (953,'048','2018-08-28',41,'061002200','ELECTRICIDAD','3900.00','Compensador'),
 (954,'054','2018-09-18',41,'061152000','ELECTRICIDAD','5150.00','Compensador'),
 (955,'064','2018-10-01',41,'060958600','ELECTRICIDAD','3600.00','Compensador'),
 (956,'067','2018-10-08',41,'060245400','ELECTRICIDAD','3400.00','Compensador'),
 (957,'071','2018-10-16',41,'061871000','ELECTRICIDAD','2150.00','Compensador'),
 (958,'072','2018-10-16',41,'060958900','ELECTRICIDAD','2000.00','Compensador'),
 (959,'073','2018-10-16',41,'061892000','ELECTRICIDAD','2000.00','Compensador'),
 (960,'074','2018-10-18',41,'060232800','ELECTRICIDAD','2000.00','Compensador'),
 (961,'078','2018-10-26',41,'060519700','ELECTRICIDAD','9200.00','Compensador'),
 (962,'079','2018-10-26',41,'060238500','ELECTRICIDAD','3000.00','Compensador'),
 (963,'080','2018-10-30',41,'060238400','ELECTRICIDAD','1900.00','Compensador'),
 (964,'082','2018-10-30',41,'061713000','ELECTRICIDAD','5250.00','Compensador'),
 (965,'088','2018-11-07',41,'060610200','ELECTRICIDAD','3000.00','Compensador'),
 (966,'644','2018-08-03',2,'060609500','ELECTRICIDAD','5420.14','Compensador'),
 (967,'670','2018-08-07',2,'060610200','ELECTRICIDAD','2097.47','Compensador'),
 (968,'675','2018-08-08',2,'060232700','ELECTRICIDAD','2509.28','Compensador'),
 (969,'706','2018-08-13',2,'060245600','ELECTRICIDAD','242.72','Compensador'),
 (970,'734','2018-08-17',2,'060609400','ELECTRICIDAD','3655.67','Compensador'),
 (971,'736','2018-08-17',2,'060609400','ELECTRICIDAD','695.49','Compensador'),
 (972,'737','2018-08-17',2,'061002200','ELECTRICIDAD','26.03','Compensador'),
 (973,'764','2018-08-24',2,'060238100','ELECTRICIDAD','1474.86','Compensador'),
 (974,'765','2018-08-24',2,'060812900','ELECTRICIDAD','116.20','Compensador'),
 (975,'767','2018-08-24',2,'060958500','ELECTRICIDAD','867.10','Compensador'),
 (976,'771','2018-08-24',2,'061152400','ELECTRICIDAD','642.90','Compensador'),
 (977,'798','2018-08-29',2,'061002200','ELECTRICIDAD','225.23','Compensador'),
 (978,'800','2018-08-29',2,'060233000','ELECTRICIDAD','655.00','Compensador'),
 (979,'874','2018-09-10',2,'060245600','ELECTRICIDAD','301.90','Compensador'),
 (980,'987','2018-10-03',2,'060959000','ELECTRICIDAD','48.56','Compensador'),
 (981,'1023','2018-10-10',2,'060245400','ELECTRICIDAD','106.24','Compensador'),
 (982,'41720','2018-10-08',5,'060245400','OTROS','4028.67','Compensador'),
 (983,'219','2018-09-27',3,'061152400','PLOMERÍA','1000.00','Compensador'),
 (984,'221','2018-09-27',3,'061713000','PLOMERÍA','1000.00','Compensador'),
 (985,'222','2018-09-27',3,'061152400','REPARACIONS GENERALES','1000.00','Compensador'),
 (986,'224','2018-10-10',3,'060245400','PLOMERÍA','2250.00','Compensador'),
 (987,'217','2018-09-25',3,'060728300','PLOMERÍA','1500.00','Compensador'),
 (988,'025','2018-10-01',21,'061871100','PLOMERÍA','2300.00','Compensador'),
 (989,'026','2018-10-02',21,'060959200','PLOMERÍA','1300.00','Compensador'),
 (990,'029','2018-11-01',21,'060958900','PLOMERÍA','800.00','Compensador'),
 (991,'030','2018-11-01',21,'062055400','PLOMERÍA','1300.00','Compensador'),
 (992,'592','2018-09-29',66,'060958600','ELECTRICIDAD','2779.00','Compensador'),
 (993,'622','2018-11-21',66,'060825200','ELECTRICIDAD','792.00','Compensador'),
 (994,'296','2018-09-10',1,'060238400','PLOMERÍA','1500.00','Compensador'),
 (995,'297','2018-09-10',1,'061871300','PLOMERÍA','1700.00','Compensador'),
 (996,'298','2018-09-10',1,'060959000','PLOMERÍA','1800.00','Compensador'),
 (997,'299','2018-09-10',1,'060958600','PLOMERÍA','1800.00','Compensador'),
 (998,'300','2018-09-10',1,'061253500','PLOMERÍA','3700.00','Compensador'),
 (999,'301','2018-09-19',1,'060238300','PLOMERÍA','1300.00','Compensador'),
 (1000,'669','2018-08-07',2,'061871300','ELECTRICIDAD','9211.27','Compensador'),
 (1001,'768','2018-08-24',2,'060245200','ELECTRICIDAD','4073.78','Compensador'),
 (1002,'769','2018-09-24',2,'060610200','ELECTRICIDAD','2545.95','Compensador'),
 (1003,'770','2018-08-24',2,'060961000','ELECTRICIDAD','1269.03','Compensador'),
 (1004,'801','2018-08-29',2,'061871100','ELECTRICIDAD','2479.56','Compensador'),
 (1005,'873','2018-09-10',2,'060238200','ELECTRICIDAD','3530.58','Compensador'),
 (1006,'885','2018-09-13',2,'060238200','ELECTRICIDAD','1586.70','Compensador'),
 (1007,'980','2018-10-03',2,'060245500','ELECTRICIDAD','4592.04','Compensador'),
 (1008,'1021','2018-10-10',2,'060155000','ELECTRICIDAD','656.90','Compensador'),
 (1009,'031','2018-08-17',41,'060245200','ELECTRICIDAD','10200.00','Compensador'),
 (1010,'033','2018-08-20',41,'060245200','ELECTRICIDAD','11100.00','Compensador'),
 (1011,'009','2018-12-28',18,'061151900','ELECTRICIDAD','6000.00','Compensador'),
 (1012,'009','2018-12-28',17,'060811100','CORTE DE PASTO','2100.00','Compensador'),
 (1013,'007','2018-12-28',49,'060245200','CORTE DE PASTO','6000.00','Compensador'),
 (1014,'007','2018-12-28',46,'060958900','CORTE DE PASTO','6000.00','Compensador'),
 (1015,'007','2018-12-28',50,'060609500','CORTE DE PASTO','6000.00','Compensador'),
 (1016,'007','2018-12-28',47,'060811100','CORTE DE PASTO','6000.00','Compensador'),
 (1017,'4015','2018-09-10',10,'061253500','PLOMERÍA','2318.14','Compensador'),
 (1018,'46720','2018-08-27',10,'060958600','PLOMERÍA','3332.10','Compensador'),
 (1019,'47175','2018-09-19',10,'060958600','PLOMERÍA','569.00','Compensador'),
 (1020,'47174','2018-09-19',10,'060811100','PLOMERÍA','2436.00','Compensador'),
 (1021,'46795','2018-08-30',10,'060728300','PLOMERÍA','2340.27','Compensador'),
 (1022,'46826','2018-08-31',10,'060238200','PLOMERÍA','8652.83','Compensador'),
 (1023,'46858','2018-09-03',10,'060233400','PLOMERÍA','4629.86','Compensador'),
 (1024,'46912','2018-09-05',10,'060238400','PLOMERÍA','3860.56','Compensador'),
 (1025,'46965','2018-09-07',10,'060232900','PLOMERÍA','2527.26','Compensador'),
 (1026,'46970','2018-09-07',10,'060940100','PLOMERÍA','3034.36','Compensador'),
 (1027,'46973','2018-09-07',10,'060958500','PLOMERÍA','7591.59','Compensador'),
 (1028,'46988','2018-09-08',10,'060961000','PLOMERÍA','2834.30','Compensador'),
 (1029,'49991','2018-09-08',10,'060238300','PLOMERÍA','415.20','Compensador'),
 (1030,'47168','2018-09-18',10,'060825200','PLOMERÍA','2480.06','Compensador'),
 (1031,'034','2018-10-31',9,'061152500','REPARACIONS GENERALES','11000.00','Compensador'),
 (1032,'308','2018-10-01',20,'060961000','CERRAJERIA','2410.00','Compensador'),
 (1033,'310','2018-10-08',20,'060810800','CERRAJERIA','1250.00','Compensador'),
 (1034,'311','2018-10-10',20,'060245700','CERRAJERIA','4000.00','Compensador'),
 (1035,'320','2018-11-20',20,'062208400','CERRAJERIA','1000.00','Compensador'),
 (1036,'321','2018-11-20',20,'060519600','CERRAJERIA','1100.00','Compensador'),
 (1037,'325','2018-11-26',20,'060233200','CERRAJERIA','1900.00','Compensador'),
 (1038,'326','2018-11-27',20,'061871300','CERRAJERIA','1900.00','Compensador'),
 (1039,'032','2018-11-08',21,'060959200','PLOMERÍA','900.00','Compensador'),
 (1040,'033','2018-11-15',21,'062208400','PLOMERÍA','1950.00','Compensador'),
 (1041,'034','2018-11-16',21,'060238100','PLOMERÍA','1550.00','Compensador'),
 (1042,'035','2018-11-16',21,'060245600','PLOMERÍA','1600.00','Compensador'),
 (1043,'036','2018-12-07',21,'060959200','PLOMERÍA','800.00','Compensador'),
 (1044,'051','2018-12-28',32,'060609500','CORTE DE PASTO','1800.00','Compensador'),
 (1045,'230','2018-09-10',23,'060233400','GAS','20500.00','Compensador'),
 (1046,'232','2018-09-10',23,'060233400','GAS','13000.00','Compensador'),
 (1047,'223','2018-10-10',3,'061152500','REPARACIONS GENERALES','2850.00','Compensador'),
 (1048,'225','2018-10-10',3,'061002200','PLOMERÍA','2800.00','Compensador'),
 (1049,'0226','2018-10-24',3,'060191100','PLOMERÍA','1500.00','Compensador'),
 (1050,'0227','2018-10-24',3,'060609500','PLOMERÍA','1200.00','Compensador'),
 (1051,'0228','2018-10-24',3,'060610200','REPARACIONS GENERALES','1250.00','Compensador'),
 (1052,'0405','2018-11-06',19,'060245700','MATAFUEGOS','401.80','Compensador'),
 (1053,'0406','2018-11-06',19,'061624300','MATAFUEGOS','1607.20','Compensador'),
 (1054,'0408','2018-11-06',19,'060958600','MATAFUEGOS','803.60','Compensador'),
 (1055,'0409','2018-11-06',19,'060960400','MATAFUEGOS','803.60','Compensador'),
 (1056,'0410','2018-11-06',19,'060610200','MATAFUEGOS','3520.00','Compensador'),
 (1057,'0288','2018-09-28',81,'061871100','ELECTRICIDAD','3300.00','Compensador'),
 (1058,'0200','2018-12-12',14,'062055400','REPARACIONS GENERALES','3400.00','Compensador'),
 (1059,'1022','2018-10-10',2,'060238300','ELECTRICIDAD','1567.53','Compensador'),
 (1060,'1024','2018-10-10',2,'060959200','ELECTRICIDAD','650.19','Compensador'),
 (1061,'1069','2018-10-23',2,'060960500','ELECTRICIDAD','100.14','Compensador'),
 (1062,'1143','2018-11-09',2,'060191100','ELECTRICIDAD','2291.75','Compensador'),
 (1063,'1144','2018-11-09',2,'062055400','ELECTRICIDAD','1673.63','Compensador'),
 (1064,'1146','2018-10-23',2,'061713000','ELECTRICIDAD','671.63','Compensador'),
 (1065,'1147','2018-11-09',2,'060238500','ELECTRICIDAD','1248.79','Compensador'),
 (1066,'0303','2018-10-08',1,'060761500','PLOMERÍA','1500.00','Compensador'),
 (1067,'0304','2018-10-05',1,'062235800','PLOMERÍA','1500.00','Compensador'),
 (1068,'0305','2018-10-05',1,'060232800','ELECTRICIDAD','4000.00','Compensador'),
 (1069,'0306','2018-10-19',1,'061871100','PLOMERÍA','2200.00','Compensador'),
 (1070,'0307','2018-10-19',1,'061713000','PLOMERÍA','1700.00','Compensador'),
 (1071,'0308','2018-10-19',1,'061892000','PLOMERÍA','900.00','Compensador'),
 (1072,'0309','2018-10-19',1,'061151900','PLOMERÍA','2500.00','Compensador'),
 (1073,'039','2018-08-23',41,'060958500','ELECTRICIDAD','19100.00','Compensador'),
 (1074,'052','2018-09-06',41,'060940100','ELECTRICIDAD','8450.00','Compensador'),
 (1075,'055','2018-09-20',41,'060825200','ELECTRICIDAD','8650.00','Compensador'),
 (1076,'066','2018-10-04',41,'060233100','ELECTRICIDAD','8400.00','Compensador'),
 (1077,'087','2018-11-06',41,'060191100','ELECTRICIDAD','7650.00','Compensador'),
 (1078,'091','2018-11-09',41,'062055400','ELECTRICIDAD','8200.00','Compensador'),
 (1079,'1653','2018-09-10',74,'060233000','MATAFUEGOS','1600.00','Compensador'),
 (1080,'56418','2018-08-17',22,'060812900','PINTURA','953.49','Compensador'),
 (1081,'56441','2018-08-17',22,'060233400','PINTURA','2235.32','Compensador'),
 (1082,'57954','2018-09-11',22,'060233400','PINTURA','2721.50','Compensador'),
 (1083,'58330','2018-09-17',22,'061151900','PINTURA','1888.44','Compensador'),
 (1084,'58458','2018-09-18',22,'060191100','PINTURA','2373.85','Compensador'),
 (1085,'59972','2018-10-10',22,'060812900','PINTURA','1740.26','Compensador'),
 (1086,'47176','2018-09-19',10,'061870900','PLOMERÍA','117.38','Compensador'),
 (1087,'47184','2018-09-19',10,'061152400','PINTURA','8316.96','Compensador'),
 (1088,'47185','2018-08-19',10,'061152400','PLOMERÍA','2369.57','Compensador'),
 (1089,'47186','2018-09-19',10,'060191100','PLOMERÍA','434.40','Compensador'),
 (1090,'47201','2018-09-20',10,'060960500','PLOMERÍA','590.30','Compensador'),
 (1091,'47202','2018-09-20',10,'060610200','PLOMERÍA','1280.57','Compensador'),
 (1092,'47204','2018-09-28',10,'061152400','PLOMERÍA','456.72','Compensador'),
 (1093,'47239','2018-09-21',10,'060245700','PLOMERÍA','5240.35','Compensador'),
 (1094,'47241','2018-09-21',10,'060940100','PLOMERÍA','5353.76','Compensador'),
 (1095,'47314','2018-09-26',10,'060940100','PLOMERÍA','2353.55','Compensador'),
 (1096,'47329','2018-09-27',10,'061152400','PLOMERÍA','2511.35','Compensador'),
 (1097,'47330','2018-09-27',10,'060728300','PLOMERÍA','3917.87','Compensador'),
 (1098,'47339','2018-09-27',10,'060245200','PLOMERÍA','3420.69','Compensador'),
 (1099,'47403','2018-10-01',10,'060810700','PLOMERÍA','380.00','Compensador'),
 (1100,'47404','2018-10-01',10,'061002200','PLOMERÍA','380.00','Compensador'),
 (1101,'47543','2018-10-09',10,'060245300','PLOMERÍA','1075.69','Compensador'),
 (1102,'47548','2018-10-09',10,'060519700','PLOMERÍA','1430.00','Compensador'),
 (1103,'47872','2018-10-30',10,'060238400','PLOMERÍA','1640.49','Compensador'),
 (1104,'47873','2018-10-30',10,'060245600','PLOMERÍA','2559.40','Compensador'),
 (1105,'47983','2018-11-06',10,'060238500','PLOMERÍA','2913.04','Compensador'),
 (1106,'47985','2018-11-06',10,'060961100','PLOMERÍA','4248.36','Compensador'),
 (1107,'47994','2018-11-06',10,'060610200','PLOMERÍA','2312.92','Compensador'),
 (1108,'48073','2018-11-10',10,'060961100','PLOMERÍA','152.50','Compensador'),
 (1109,'48132','2018-11-14',10,'062208400','PLOMERÍA','1330.74','Compensador'),
 (1110,'48180','2018-11-16',10,'060191100','PLOMERÍA','5312.20','Compensador'),
 (1111,'235','2018-09-18',23,'060245700','PLOMERÍA','15000.00','Compensador'),
 (1112,'052','2019-01-29',32,'060238100','CORTE DE PASTO','6000.00','Compensador'),
 (1113,'008','2019-01-29',46,'060245200','CORTE DE PASTO','6000.00','Compensador'),
 (1114,'008','2019-01-29',50,'060811100','CORTE DE PASTO','6000.00','Compensador'),
 (1115,'008','2019-01-29',47,'060238200','CORTE DE PASTO','6000.00','Compensador'),
 (1116,'008','2019-01-29',49,'060245200','CORTE DE PASTO','6000.00','Compensador'),
 (1117,'010','2019-01-29',17,'060609500','CORTE DE PASTO','6000.00','Compensador'),
 (1118,'745','2018-08-21',2,'060245200','ELECTRICIDAD','10215.50','Compensador'),
 (1119,'799','2018-08-29',2,'061713000','ELECTRICIDAD','14478.70','Compensador'),
 (1120,'884','2018-09-13',2,'060940100','ELECTRICIDAD','14276.25','Compensador'),
 (1121,'1087','2018-10-26',2,'060519700','ELECTRICIDAD','7963.04','Compensador'),
 (1122,'586','2018-09-29',66,'060233100','ELECTRICIDAD','3239.00','Compensador'),
 (1123,'587','2018-09-29',66,'060940100','ELECTRICIDAD','3162.00','Compensador'),
 (1124,'588','2018-09-29',66,'060958600','ELECTRICIDAD','12148.50','Compensador'),
 (1125,'620','2018-11-21',66,'061871000','ELECTRICIDAD','6005.00','Compensador'),
 (1126,'312','2018-11-22',1,'060811100','PLOMERÍA','1500.00','Compensador'),
 (1127,'313','2018-11-22',1,'061713000','PLOMERÍA','1000.00','Compensador'),
 (1128,'314','2018-11-22',1,'062235900','PLOMERÍA','3000.00','Compensador'),
 (1129,'315','2018-11-22',1,'060155000','PLOMERÍA','1500.00','Compensador'),
 (1130,'316','2018-11-22',1,'060610200','PLOMERÍA','2000.00','Compensador'),
 (1131,'317','2018-12-03',1,'060233200','PLOMERÍA','1700.00','Compensador'),
 (1132,'318','2018-12-03',1,'061249900','PLOMERÍA','1800.00','Compensador'),
 (1133,'319','2018-12-03',1,'060238100','PLOMERÍA','1500.00','Compensador'),
 (1134,'320','2018-12-03',1,'061151900','PLOMERÍA','1600.00','Compensador'),
 (1135,'331','2018-12-11',20,'061002200','CERRAJERIA','2150.00','Compensador'),
 (1136,'332','2018-12-07',20,'061151900','CERRAJERIA','620.00','Compensador'),
 (1137,'711','2018-11-26',68,'060245600','GAS','1100.00','Compensador'),
 (1138,'712','2018-11-26',68,'062235900','ELECTRICIDAD','1800.00','Compensador'),
 (1139,'010','2019-01-28',18,'060238300','ELECTRICIDAD','6000.00','Compensador'),
 (1140,'324','2018-12-12',1,'060958900','PLOMERÍA','1700.00','Compensador'),
 (1141,'325','2018-12-17',1,'060961000','PLOMERÍA','2500.00','Compensador'),
 (1142,'45107','2018-06-08',10,'060245600','PLOMERÍA','335.06','Compensador'),
 (1143,'45330','2018-06-21',10,'061151900','PLOMERÍA','387.36','Compensador'),
 (1144,'45331','2018-06-21',10,'060959200','PLOMERÍA','218.40','Compensador'),
 (1145,'45403','2018-06-25',10,'060238100','PLOMERÍA','549.79','Compensador'),
 (1146,'45422','2018-06-26',10,'060958500','PLOMERÍA','1449.66','Compensador'),
 (1147,'45848','2018-07-14',10,'062055400','PLOMERÍA','10677.36','Compensador'),
 (1148,'45928','2018-07-18',10,'061871300','PLOMERÍA','4647.36','Compensador'),
 (1149,'45929','2018-07-18',10,'060519600','PLOMERÍA','1981.94','Compensador'),
 (1150,'45931','2018-07-18',10,'061892000','PLOMERÍA','9950.90','Compensador'),
 (1151,'46127','2018-07-28',10,'060610200','PLOMERÍA','1949.15','Compensador'),
 (1152,'46222','2018-08-01',10,'061892000','PLOMERÍA','300.49','Compensador'),
 (1153,'46223','2018-08-01',10,'061653900','PLOMERÍA','770.72','Compensador'),
 (1154,'46224','2018-08-01',10,'060609400','PLOMERÍA','1134.00','Compensador'),
 (1155,'46357','2018-08-07',10,'060238100','PLOMERÍA','1230.00','Compensador'),
 (1156,'46578','2018-08-17',10,'062235800','PLOMERÍA','1613.55','Compensador'),
 (1157,'46598','2018-08-18',10,'060233400','PLOMERÍA','4492.56','Compensador'),
 (1158,'46619','2018-08-21',10,'061152500','PLOMERÍA','822.57','Compensador'),
 (1159,'46620','2018-08-21',10,'060961100','PLOMERÍA','805.75','Compensador'),
 (1160,'46621','2018-08-21',10,'060191100','PLOMERÍA','108.88','Compensador'),
 (1161,'46622','2018-08-21',10,'060810800','PLOMERÍA','148.88','Compensador'),
 (1162,'46626','2018-08-21',10,'062235900','PLOMERÍA','999.34','Compensador'),
 (1163,'46627','2018-08-21',10,'060519600','PLOMERÍA','494.96','Compensador'),
 (1164,'48200','2018-11-28',10,'060238500','PLOMERÍA','1816.52','Compensador'),
 (1165,'187','2018-03-29',80,'060238100','REPARACIONS GENERALES','1500.00','Compensador'),
 (1166,'188','2018-03-29',80,'060238100','REPARACIONS GENERALES','1800.00','Compensador'),
 (1167,'11367','2018-10-31',73,'060959200','REPARACIONS GENERALES','117.50','Compensador'),
 (1168,'11368','2018-10-31',73,'060191100','REPARACIONS GENERALES','126.70','Compensador'),
 (1169,'11423','2018-11-14',73,'060191100','REPARACIONS GENERALES','94.50','Compensador'),
 (1170,'11424','2018-11-14',73,'060812900','REPARACIONS GENERALES','115.90','Compensador'),
 (1171,'1567','2018-08-16',103,'061871300','MATERIALES','497.76','Compensador'),
 (1172,'1680','2018-11-06',103,'060238300','MATERIALES','2799.17','Compensador'),
 (1173,'1681','2018-11-06',103,'060825200','MATERIALES','1852.12','Compensador'),
 (1174,'1682','2018-11-06',103,'060825200','MATERIALES','1208.92','Compensador'),
 (1175,'1683','2018-11-06',103,'060245700','MATERIALES','4582.17','Compensador'),
 (1176,'1687','2018-11-06',103,'060810800','MATERIALES','372.11','Compensador'),
 (1177,'1689','2018-11-06',103,'060810800','MATERIALES','9678.36','Compensador'),
 (1178,'1685','2018-11-06',103,'061152400','MATERIALES','32123.13','Compensador'),
 (1179,'1686','2018-11-06',103,'061152400','MATERIALES','3776.25','Compensador'),
 (1180,'1690','2018-11-06',103,'060940100','MATERIALES','3456.20','Compensador'),
 (1181,'009','2019-02-26',47,'061871300','CORTE DE PASTO','6000.00','Compensador'),
 (1182,'012','2019-02-26',17,'060824000','CORTE DE PASTO','6000.00','Compensador'),
 (1183,'009','2019-02-26',49,'060238200','CORTE DE PASTO','6000.00','Compensador'),
 (1184,'009','2019-02-26',50,'060811100','CORTE DE PASTO','6000.00','Compensador'),
 (1185,'009','2019-02-26',46,'061152400','CORTE DE PASTO','6000.00','Compensador'),
 (1186,'054','2019-02-26',32,'060519700','CORTE DE PASTO','6000.00','Compensador'),
 (1187,'1567','2019-02-11',2,'061253500','ELECTRICIDAD','776.61','Compensador'),
 (1188,'1568','2019-02-11',2,'060191100','ELECTRICIDAD','150.85','Compensador'),
 (1189,'1569','2019-02-11',2,'061151900','ELECTRICIDAD','3987.96','Compensador'),
 (1190,'016','2018-12-12',104,'060961100','PLOMERÍA','950.00','Compensador'),
 (1191,'017','2018-12-12',104,'060610200','PLOMERÍA','1600.00','Compensador'),
 (1192,'018','2018-12-12',104,'060245600','GAS','1850.00','Compensador'),
 (1193,'019','2018-12-12',104,'060960500','GAS','1850.00','Compensador'),
 (1194,'021','2018-12-21',104,'062235900','GAS','2100.00','Compensador'),
 (1195,'027','2019-01-09',104,'060811100','PLOMERÍA','3200.00','Compensador'),
 (1196,'035','2019-02-01',104,'060959200','PLOMERÍA','1000.00','Compensador'),
 (1197,'005','2018-11-20',104,'062235900','GAS','1000.00','Compensador'),
 (1198,'006','2018-11-21',104,'060506000','PLOMERÍA','1200.00','Compensador'),
 (1199,'010','2018-11-22',104,'060232800','GAS','2200.00','Compensador'),
 (1200,'011','2018-11-29',104,'060825200','GAS','3600.00','Compensador'),
 (1201,'013','2018-11-30',104,'060233200','GAS','1200.00','Compensador'),
 (1202,'015','2018-12-06',104,'060232800','GAS','1250.00','Compensador'),
 (1203,'125','2018-10-09',104,'060245300','GAS','2200.00','Compensador'),
 (1204,'126','2018-10-09',104,'060609500','GAS','800.00','Compensador'),
 (1205,'127','2018-10-16',104,'062055400','GAS','1200.00','Compensador'),
 (1206,'131','2018-10-30',104,'060811100','PLOMERÍA','800.00','Compensador'),
 (1207,'132','2018-11-05',104,'060238500','GAS','1250.00','Compensador'),
 (1208,'133','2018-11-06',104,'060958500','GAS','1600.00','Compensador'),
 (1209,'134','2018-11-06',104,'060958500','GAS','600.00','Compensador'),
 (1210,'135','2018-11-07',104,'060961100','PLOMERÍA','4950.00','Compensador'),
 (1211,'118','2018-09-10',104,'060961000','GAS','4500.00','Compensador'),
 (1212,'124','2018-10-08',104,'060609500','GAS','1000.00','Compensador'),
 (1213,'117','2018-09-10',104,'060958500','GAS','7800.00','Compensador'),
 (1214,'4105','2018-01-03',67,'060609400','VIDRIOS','2490.00','Compensador'),
 (1215,'0133','2018-01-15',13,'061511700','REPARACIONS GENERALES','9000.00','Compensador'),
 (1216,'134','2018-01-15',13,'061511700','REPARACIONS GENERALES','9000.00','Compensador'),
 (1217,'135','2018-01-15',13,'061511700','REPARACIONS GENERALES','9000.00','Compensador'),
 (1218,'1684','2018-11-06',103,'060233400','MATERIALES','12453.71','Compensador'),
 (1219,'621','2018-11-21',66,'061871000','ELECTRICIDAD','13931.00','Compensador'),
 (1220,'623','2018-11-21',66,'060825200','ELECTRICIDAD','8157.00','Compensador'),
 (1221,'624','2018-11-21',66,'060825200','ELECTRICIDAD','1980.00','Compensador'),
 (1222,'0625','2018-11-21',66,'061871000','ELECTRICIDAD','2380.00','Compensador'),
 (1223,'626','2018-11-21',66,'060610200','ELECTRICIDAD','1783.00','Compensador'),
 (1224,'627','2018-11-21',66,'060519700','ELECTRICIDAD','3153.00','Compensador'),
 (1225,'236','2019-02-20',105,'060191100','REPARACIONS GENERALES','3000.00','Compensador'),
 (1226,'239','2019-02-28',105,'060610200','REPARACIONS GENERALES','3500.00','Compensador'),
 (1227,'002','2019-03-19',105,'060940100','REPARACIONS GENERALES','1500.00','Compensador'),
 (1228,'233','2018-09-10',3,'061871300','GAS','750.00','Compensador'),
 (1229,'252','2019-03-08',3,'061002200','PLOMERÍA','2200.00','Compensador'),
 (1230,'253','2019-03-08',3,'060506000','GAS','2500.00','Compensador'),
 (1231,'254','2019-03-08',3,'060191100','GAS','1500.00','Compensador'),
 (1232,'255','2019-03-08',3,'060610200','PLOMERÍA','2200.00','Compensador'),
 (1233,'103541','2019-02-28',101,'060245700','COMBUSTIBLE','2000.00','Compensador'),
 (1234,'103542','2019-02-28',101,'060825200','COMBUSTIBLE','2000.00','Compensador'),
 (1235,'103561','2019-03-15',101,'060238400','COMBUSTIBLE','2000.00','Compensador'),
 (1236,'103562','2019-03-15',101,'060245600','COMBUSTIBLE','2000.00','Compensador'),
 (1237,'010','2019-03-14',11,'060238300','REPARACIONS GENERALES','95000.00','Compensador'),
 (1238,'073','2019-03-25',43,'060960500','VIDRIOS','14760.00','Compensador'),
 (1239,'009','2019-03-14',11,'060238300','REPARACIONS GENERALES','18750.00','Compensador'),
 (1240,'012','2019-03-20',11,'060238300','REPARACIONS GENERALES','25000.00','Compensador'),
 (1241,'0008','2019-03-20',88,'060824000','GAS','4000.00','Compensador'),
 (1243,'0547','2019-03-15',106,'060609400','PLOMERÍA','5851.40','Compensador'),
 (1244,'0546','2019-03-15',106,'060609500','PLOMERÍA','602.96','Compensador'),
 (1245,'545','2019-03-15',106,'060812900','PLOMERÍA','68.38','Compensador'),
 (1246,'544','2019-03-15',106,'060609500','PLOMERÍA','298.46','Compensador'),
 (1247,'540','2019-03-14',106,'060238400','PLOMERÍA','2280.24','Compensador'),
 (1248,'538','2019-03-14',106,'060811100','PLOMERÍA','567.33','Compensador'),
 (1249,'537','2019-03-14',106,'060238400','PLOMERÍA','852.44','Compensador'),
 (1250,'532','2019-03-13',106,'060959200','PLOMERÍA','1043.15','Compensador'),
 (1251,'522','2019-03-07',106,'061002200','PLOMERÍA','2823.55','Compensador'),
 (1252,'504','2019-03-07',106,'060245200','PLOMERÍA','2751.04','Compensador'),
 (1253,'0498','2019-03-06',106,'060824000','PLOMERÍA','1865.55','Compensador'),
 (1254,'495','2019-03-06',106,'060233400','PLOMERÍA','1279.05','Compensador'),
 (1255,'463','2019-02-25',106,'060233400','PLOMERÍA','914.88','Compensador'),
 (1256,'462','2019-02-25',106,'061152400','PLOMERÍA','411.18','Compensador'),
 (1257,'461','2019-02-25',106,'061152400','PLOMERÍA','460.42','Compensador'),
 (1258,'460','2019-02-25',106,'060728300','PLOMERÍA','1198.93','Compensador'),
 (1259,'459','2019-02-25',106,'060960400','PLOMERÍA','1794.40','Compensador'),
 (1260,'458','2019-02-25',106,'060238000','PLOMERÍA','109.00','Compensador'),
 (1261,'012','2019-03-28',18,'060810800','CORTE DE PASTO','6000.00','Compensador'),
 (1262,'0001','2019-03-27',50,'060811100','CORTE DE PASTO','4200.00','Compensador'),
 (1263,'154','2019-04-01',13,'060610200','REPARACIONS GENERALES','17000.00','Compensador'),
 (1264,'0001','2019-03-27',32,'060519700','CORTE DE PASTO','5700.00','Compensador'),
 (1265,'013','2019-03-21',11,'060238300','REPARACIONS GENERALES','25000.00','Compensador'),
 (1266,'001','2019-04-01',106,'060728300','CORTE DE PASTO','4200.00','Compensador'),
 (1267,'001','2019-03-27',32,'060958500','CORTE DE PASTO','5700.00','Compensador'),
 (1268,'153','2019-03-25',13,'060609400','REPARACIONS GENERALES','12600.00','Compensador'),
 (1269,'155','2019-04-08',13,'060191100','REPARACIONS GENERALES','12000.00','Compensador'),
 (1270,'014','2019-04-04',11,'060609400','REPARACIONS GENERALES','25000.00','Compensador'),
 (1271,'015','2019-04-04',11,'060610200','REPARACIONS GENERALES','24000.00','Compensador'),
 (1272,'015','2019-04-18',107,'060610200','REPARACIONS GENERALES','19500.00','Compensador'),
 (1273,'016','2019-04-09',11,'060609500','REPARACIONS GENERALES','30000.00','Compensador'),
 (1274,'156','2019-04-16',13,'060191100','REPARACIONS GENERALES','13300.00','Compensador'),
 (1275,'017','2019-04-09',11,'060825200','REPARACIONS GENERALES','30000.00','Compensador'),
 (1276,'364','2019-03-29',106,'061870900','PLOMERÍA','658.26','Compensador'),
 (1277,'638','2019-03-30',106,'061871100','PLOMERÍA','1934.96','Compensador'),
 (1278,'642','2019-03-30',106,'061871100','PLOMERÍA','194.42','Compensador'),
 (1279,'643','2019-04-01',106,'060232700','PLOMERÍA','396.55','Compensador'),
 (1280,'653','2019-04-01',106,'061871100','PLOMERÍA','50.82','Compensador'),
 (1281,'658','2019-04-03',106,'061871300','PLOMERÍA','2024.00','Compensador'),
 (1282,'659','2019-04-03',106,'062055400','PLOMERÍA','491.40','Compensador'),
 (1283,'661','2019-03-29',106,'062092000','PLOMERÍA','13913.96','Compensador'),
 (1284,'663','2019-04-03',106,'062092000','PLOMERÍA','2568.63','Compensador'),
 (1285,'667','2019-04-03',106,'060609500','PLOMERÍA','149.23','Compensador'),
 (1286,'677','2019-04-04',106,'060079100','PLOMERÍA','177.14','Compensador'),
 (1287,'716','2019-04-11',106,'062092000','PLOMERÍA','2592.09','Compensador'),
 (1288,'718','2019-04-12',106,'060812900','PLOMERÍA','363.13','Compensador'),
 (1289,'719','2019-04-12',106,'061870900','PLOMERÍA','109.54','Compensador'),
 (1290,'722','2019-04-12',106,'060812900','PLOMERÍA','744.44','Compensador'),
 (1291,'724','2019-04-12',106,'061870900','PLOMERÍA','473.28','Compensador'),
 (1292,'725','2019-04-12',106,'061870900','PLOMERÍA','156.31','Compensador'),
 (1293,'737','2019-04-16',106,'062092000','PLOMERÍA','97.11','Compensador'),
 (1294,'739','2019-04-16',106,'060812900','PLOMERÍA','441.03','Compensador'),
 (1295,'740','2019-04-16',106,'060609500','PLOMERÍA','3551.69','Compensador'),
 (1296,'741','2019-04-16',106,'060609500','PLOMERÍA','1114.09','Compensador'),
 (1297,'763','2019-04-18',106,'060609500','PLOMERÍA','38.04','Compensador'),
 (1298,'002','2019-04-26',32,'060960500','CORTE DE PASTO','6250.00','Compensador'),
 (1299,'092','2018-11-13',41,'062055400','ELECTRICIDAD','2800.00','Compensador'),
 (1300,'093','2018-11-13',41,'060610200','ELECTRICIDAD','1800.00','Compensador'),
 (1301,'094','2018-11-14',41,'060961000','ELECTRICIDAD','750.00','Compensador'),
 (1302,'095','2018-11-14',41,'060238100','ELECTRICIDAD','1000.00','Compensador'),
 (1303,'096','2018-11-14',41,'060191100','ELECTRICIDAD','750.00','Compensador'),
 (1304,'097','2018-11-16',41,'060519700','ELECTRICIDAD','750.00','Compensador'),
 (1305,'098','2018-11-16',41,'062055400','ELECTRICIDAD','4050.00','Compensador'),
 (1306,'101','2018-11-23',41,'060958500','ELECTRICIDAD','2500.00','Compensador'),
 (1307,'102','2018-11-10',41,'060519700','ELECTRICIDAD','900.00','Compensador'),
 (1308,'103','2018-12-14',41,'061653900','ELECTRICIDAD','2000.00','Compensador'),
 (1309,'104','2018-11-14',41,'060961100','ELECTRICIDAD','2000.00','Compensador'),
 (1310,'105','2018-12-14',41,'060961000','ELECTRICIDAD','750.00','Compensador'),
 (1311,'106','2018-12-18',41,'061253500','ELECTRICIDAD','750.00','Compensador'),
 (1312,'107','2018-12-27',41,'060609400','ELECTRICIDAD','2000.00','Compensador'),
 (1313,'003','2019-04-12',105,'060238000','REPARACIONS GENERALES','900.00','Compensador'),
 (1314,'004','2019-04-12',105,'060958600','REPARACIONS GENERALES','1200.00','Compensador'),
 (1315,'005','2019-04-17',105,'060728300','REPARACIONS GENERALES','1200.00','Compensador'),
 (1316,'009','2019-05-06',105,'060238000','REPARACIONS GENERALES','4800.00','Compensador'),
 (1317,'037','2019-02-22',104,'060728300','GAS','3110.00','Compensador'),
 (1318,'041','2019-03-15',104,'060238400','PLOMERÍA','7800.00','Compensador'),
 (1319,'043','2019-03-19',104,'061253500','PLOMERÍA','5000.00','Compensador'),
 (1320,'044','2019-03-21',104,'060238200','PLOMERÍA','4800.00','Compensador'),
 (1321,'018','2019-04-26',11,'060238300','REPARACIONS GENERALES','30000.00','Compensador'),
 (1322,'001','2019-03-13',108,'060238500','ELECTRICIDAD','3300.00','Compensador'),
 (1323,'339','2019-02-14',20,'060810800','CERRAJERIA','1600.00','Compensador'),
 (1324,'340','2019-02-14',20,'060519600','CERRAJERIA','4820.00','Compensador'),
 (1325,'5090','2019-02-28',67,'060238400','VIDRIOS','2350.00','Compensador'),
 (1326,'002','2019-03-29',71,'060245700','PLOMERÍA','1200.00','Compensador'),
 (1327,'003','2019-03-29',71,'060824000','PLOMERÍA','900.00','Compensador'),
 (1328,'004','2019-03-29',71,'060233400','PLOMERÍA','950.00','Compensador'),
 (1329,'5064','2019-02-14',67,'060238400','VIDRIOS','700.00','Compensador'),
 (1330,'5089','2019-02-28',67,'060959000','VIDRIOS','2650.00','Compensador'),
 (1331,'0003','2019-03-29',71,'060245700','GAS','900.00','Compensador'),
 (1332,'008','2019-05-05',105,'060728300','PLOMERÍA','3000.00','Compensador'),
 (1333,'075','2019-05-14',43,'060238300','VIDRIOS','4910.75','Compensador'),
 (1334,'162','2019-05-14',13,'060233200','REPARACIONS GENERALES','6000.00','Compensador'),
 (1335,'015','2019-03-01',100,'060519600','REPARACIONS GENERALES','4200.00','Compensador'),
 (1336,'019','2019-05-07',11,'060238200','REPARACIONS GENERALES','8000.00','Compensador'),
 (1337,'020','2019-05-08',11,'060238300','REPARACIONS GENERALES','18000.00','Compensador'),
 (1338,'2141','2019-04-15',74,'060191100','MATAFUEGOS','1440.00','Compensador'),
 (1339,'2146','2019-04-14',74,'060812900','MATAFUEGOS','1440.00','Compensador'),
 (1340,'2148','2019-04-17',74,'060811100','MATAFUEGOS','1609.40','Compensador'),
 (1341,'2149','2019-04-17',74,'060325900','MATAFUEGOS','1109.40','Compensador'),
 (1342,'2157','2019-04-23',74,'061636300','MATAFUEGOS','960.00','Compensador'),
 (1343,'549','2019-03-15',106,'060959000','PLOMERÍA','33227.63','Compensador'),
 (1344,'758','2019-04-18',106,'060609500','GAS','1465.90','Compensador'),
 (1345,'766','2019-04-20',106,'060609500','REPARACIONS GENERALES','590.02','Compensador'),
 (1346,'779','2019-04-23',106,'060810800','PLOMERÍA','515.28','Compensador'),
 (1347,'782','2019-04-24',106,'060609500','REPARACIONS GENERALES','822.42','Compensador'),
 (1348,'799','2019-04-25',106,'060609500','REPARACIONS GENERALES','79.08','Compensador'),
 (1349,'838','2019-05-03',106,'060609500','REPARACIONS GENERALES','82.76','Compensador'),
 (1350,'158','2019-05-06',13,'060233200','REPARACIONS GENERALES','31634.00','Compensador'),
 (1351,'256','2019-03-08',69,'061152400','PLOMERÍA','2500.00','Compensador'),
 (1352,'257','2019-03-11',69,'060958600','GAS','2200.00','Compensador'),
 (1353,'258','2019-03-11',69,'060810700','GAS','2600.00','Compensador'),
 (1354,'259','2019-03-11',69,'060810800','PLOMERÍA','1200.00','Compensador'),
 (1355,'260','2019-03-12',69,'060960400','PLOMERÍA','2300.00','Compensador'),
 (1356,'003','2019-05-27',32,'060830000','CORTE DE PASTO','6250.00','Compensador'),
 (1357,'009','2019-04-12',21,'062055400','PLOMERÍA','850.00','Compensador'),
 (1358,'334','2019-04-04',1,'060959200','PLOMERÍA','1200.00','Compensador'),
 (1359,'335','2019-03-18',1,'062055400','PLOMERÍA','1400.00','Compensador'),
 (1360,'336','2019-04-04',1,'061002200','PLOMERÍA','1600.00','Compensador'),
 (1361,'337','2019-04-04',1,'060519600','PLOMERÍA','1800.00','Compensador'),
 (1362,'339','2019-04-12',1,'060761500','PLOMERÍA','2000.00','Compensador'),
 (1363,'071','2019-04-03',68,'060824000','GAS','1500.00','Compensador'),
 (1364,'072','2019-04-03',68,'060811100','PLOMERÍA','1100.00','Compensador'),
 (1365,'097','2019-05-14',68,'060325900','GAS','1200.00','Compensador'),
 (1366,'459','2019-03-29',19,'060958900','MATAFUEGOS','1920.00','Compensador'),
 (1367,'460','2019-03-29',19,'060345500','MATAFUEGOS','1440.00','Compensador'),
 (1368,'461','2019-03-29',19,'060345500','MATAFUEGOS','960.00','Compensador'),
 (1369,'462','2019-03-29',19,'060959200','MATAFUEGOS','1440.00','Compensador'),
 (1370,'463','2019-03-29',19,'060233300','MATAFUEGOS','6240.00','Compensador'),
 (1371,'464','2019-04-16',19,'060238500','MATAFUEGOS','3840.00','Compensador'),
 (1372,'465','2019-04-16',19,'061387200','MATAFUEGOS','480.00','Compensador'),
 (1373,'466','2019-04-16',19,'060958900','MATAFUEGOS','1920.00','Compensador'),
 (1374,'019','2019-06-26',81,'060609500','ELECTRICIDAD','3700.00','Compensador'),
 (1375,'022','2019-06-05',81,'060609500','ELECTRICIDAD','3500.00','Compensador'),
 (1376,'0261','2019-03-20',23,'060812900','PLOMERÍA','1800.00','Compensador'),
 (1377,'262','2019-03-20',23,'060245200','PLOMERÍA','700.00','Compensador'),
 (1378,'266','2019-03-22',23,'060238000','PLOMERÍA','2500.00','Compensador'),
 (1379,'12042','2019-04-01',73,'060609400','REPARACIONS GENERALES','1074.74','Compensador'),
 (1380,'12043','2019-04-01',73,'060610200','REPARACIONS GENERALES','4610.00','Compensador'),
 (1381,'12044','2019-04-04',73,'060610200','REPARACIONS GENERALES','357.00','Compensador'),
 (1382,'12051','2019-04-03',73,'060610200','REPARACIONS GENERALES','1423.02','Compensador'),
 (1383,'12063','2019-04-05',73,'060191100','REPARACIONS GENERALES','504.50','Compensador'),
 (1384,'12096','2019-04-12',73,'060728300','REPARACIONS GENERALES','107.18','Compensador'),
 (1385,'12097','2019-08-12',73,'060728300','REPARACIONS GENERALES','2098.00','Compensador'),
 (1386,'022','2019-06-04',11,'060609400','REPARACIONS GENERALES','95000.00','Compensador'),
 (1387,'004','2019-06-21',32,'060824000','CORTE DE PASTO','5300.00','Compensador'),
 (1388,'004','2019-06-21',50,'061871300','CORTE DE PASTO','6250.00','Compensador'),
 (1389,'014','2019-06-07',105,'060238000','REPARACIONS GENERALES','3700.00','Compensador'),
 (1390,'015','2019-06-07',105,'060238000','PLOMERÍA','1200.00','Compensador'),
 (1391,'016','2019-06-08',105,'060238000','PLOMERÍA','3600.00','Compensador'),
 (1392,'742','2019-04-16',106,'060959200','GAS','4887.66','Compensador'),
 (1393,'792','2019-08-12',106,'060079100','PLOMERÍA','5513.28','Compensador'),
 (1394,'797','2019-04-25',106,'060810800','PLOMERÍA','855.66','Compensador'),
 (1395,'803','2019-04-26',106,'061870900','PLOMERÍA','488.13','Compensador'),
 (1396,'804','2019-04-26',106,'061151900','PLOMERÍA','5080.14','Compensador'),
 (1397,'809','2019-04-27',106,'060251500','PLOMERÍA','831.20','Compensador'),
 (1398,'839','2019-05-03',106,'060728300','PLOMERÍA','328.24','Compensador'),
 (1399,'843','2019-05-03',106,'060728300','PLOMERÍA','419.04','Compensador'),
 (1400,'866','2019-05-09',106,'060728300','PLOMERÍA','840.25','Compensador'),
 (1401,'867','2019-05-09',106,'060238000','PLOMERÍA','1061.79','Compensador'),
 (1402,'868','2019-05-09',106,'060958900','PLOMERÍA','784.12','Compensador'),
 (1403,'891','2019-05-15',106,'060245200','PLOMERÍA','321.06','Compensador'),
 (1404,'892','2019-05-15',106,'061871300','PLOMERÍA','1432.50','Compensador'),
 (1405,'912','2019-05-20',106,'060811100','PLOMERÍA','2079.45','Compensador'),
 (1406,'925','2019-05-23',106,'062092000','PINTURA','1170.88','Compensador'),
 (1407,'931','2019-05-23',106,'062092000','PLOMERÍA','295.44','Compensador'),
 (1408,'932','2019-05-23',106,'060811100','PLOMERÍA','345.72','Compensador'),
 (1409,'933','2019-05-23',106,'060811100','PINTURA','1193.46','Compensador'),
 (1410,'047','2019-03-29',104,'060812900','GAS','870.00','Compensador'),
 (1411,'052','2019-04-22',104,'061870900','PLOMERÍA','1900.00','Compensador'),
 (1412,'053','2019-04-26',104,'060810800','PLOMERÍA','4600.00','Compensador'),
 (1413,'055','2019-04-29',104,'061151900','PLOMERÍA','7250.00','Compensador'),
 (1414,'057','2019-04-30',104,'061870900','PLOMERÍA','1450.00','Compensador'),
 (1415,'060','2019-05-08',104,'060238400','PLOMERÍA','3210.00','Compensador'),
 (1416,'32662','2019-06-07',6,'062235900','REPARACIONS GENERALES','293.33','Compensador'),
 (1417,'32663','2019-06-07',6,'060238200','VIDRIOS','2091.00','Compensador'),
 (1418,'001','2019-06-03',109,'060812900','REPARACIONS GENERALES','3200.00','Compensador'),
 (1419,'003','2019-06-07',109,'062235900','REPARACIONS GENERALES','2900.00','Compensador'),
 (1420,'004','2019-06-07',109,'061871100','REPARACIONS GENERALES','4450.00','Compensador'),
 (1421,'016','2019-05-31',109,'060958600','ELECTRICIDAD','600.00','Compensador'),
 (1422,'017','2019-05-31',109,'060959300','ELECTRICIDAD','3300.00','Compensador'),
 (1423,'018','2019-06-03',109,'062092000','ELECTRICIDAD','1500.00','Compensador'),
 (1424,'019','2019-06-03',109,'060811100','ELECTRICIDAD','5900.00','Compensador'),
 (1425,'016','2019-05-06',100,'060238100','REPARACIONS GENERALES','5000.00','Compensador'),
 (1426,'2158','2019-04-23',74,'061152500','MATAFUEGOS','1440.00','Compensador'),
 (1427,'2172','2019-04-26',74,'060810700','MATAFUEGOS','3360.00','Compensador'),
 (1428,'21898','2019-05-03',74,'060245400','MATAFUEGOS','960.00','Compensador'),
 (1429,'2205','2019-05-11',74,'061152500','MATAFUEGOS','960.00','Compensador'),
 (1430,'2221','2019-05-22',74,'060238400','MATAFUEGOS','960.00','Compensador'),
 (1431,'340','2019-04-12',1,'060761500','PLOMERÍA','2000.00','Compensador'),
 (1432,'341','2019-04-12',1,'062055400','PLOMERÍA','1600.00','Compensador'),
 (1433,'342','2019-04-12',1,'060233400','PLOMERÍA','4000.00','Compensador'),
 (1434,'343','2019-04-16',1,'060519700','PLOMERÍA','1700.00','Compensador'),
 (1435,'61421','2018-11-02',22,'060245500','PINTURA','409.59','Compensador'),
 (1436,'69795','2019-03-06',22,'060191100','PINTURA','9391.71','Compensador'),
 (1437,'71292','2019-03-30',22,'061624300','PINTURA','1969.14','Compensador'),
 (1438,'3515','2019-03-29',67,'060761500','VIDRIOS','2300.00','Compensador'),
 (1439,'3516','2019-03-29',67,'060609500','VIDRIOS','1600.00','Compensador'),
 (1440,'5221','2019-05-03',67,'060609500','VIDRIOS','3500.00','Compensador'),
 (1441,'062','2019-05-09',104,'060958900','GAS','800.00','Compensador'),
 (1442,'079','2019-06-11',104,'062235900','GAS','9750.00','Compensador'),
 (1443,'081','2019-06-26',104,'060961100','GAS','8500.00','Compensador'),
 (1444,'071','2019-06-06',104,'061151900','GAS','12400.00','Compensador'),
 (1445,'072','2019-06-06',104,'060960400','GAS','3195.00','Compensador'),
 (1446,'075','2019-06-06',104,'060238300','GAS','4000.00','Compensador'),
 (1447,'077','2019-06-06',104,'060238200','GAS','4600.00','Compensador'),
 (1448,'082','2019-06-26',104,'060238000','GAS','1900.00','Compensador'),
 (1449,'008','2019-04-12',21,'061871300','PLOMERÍA','2300.00','Compensador'),
 (1450,'010','2019-05-03',21,'060233400','PLOMERÍA','2200.00','Compensador'),
 (1451,'011','2019-05-03',21,'060245600','PINTURA','2500.00','Compensador'),
 (1452,'012','2019-05-06',21,'060810700','PLOMERÍA','3500.00','Compensador'),
 (1453,'013','2019-05-08',21,'060959200','PLOMERÍA','2100.00','Compensador'),
 (1454,'073','2019-06-06',104,'061870900','GAS','5600.00','Compensador'),
 (1455,'074','2019-06-06',104,'060958600','GAS','11900.00','Compensador'),
 (1456,'001','2019-07-09',111,'060812900','REPARACIONS GENERALES','6500.00','Compensador'),
 (1457,'002','2019-07-11',111,'060940200','PLOMERÍA','1500.00','Compensador'),
 (1458,'029','2019-07-22',88,'060810800','GAS','17388.00','Compensador'),
 (1459,'030','2019-07-22',88,'060824000','GAS','7000.00','Compensador'),
 (1460,'008','2019-02-27',32,'060238400','ELECTRICIDAD','1500.00','Compensador'),
 (1461,'009','2019-02-20',41,'061002200','ELECTRICIDAD','2500.00','Compensador'),
 (1462,'011','2019-02-27',41,'060245200','ELECTRICIDAD','2000.00','Compensador'),
 (1463,'014','2019-03-04',41,'060960400','ELECTRICIDAD','1500.00','Compensador'),
 (1464,'018','2019-03-06',41,'060961000','ELECTRICIDAD','1500.00','Compensador'),
 (1465,'019','2019-03-08',41,'061653900','ELECTRICIDAD','1500.00','Compensador'),
 (1466,'036','2019-05-07',41,'061249500','ELECTRICIDAD','1500.00','Compensador'),
 (1467,'1694','2019-03-12',2,'060610200','ELECTRICIDAD','273.07','Compensador'),
 (1468,'1695','2019-03-12',2,'061253500','ELECTRICIDAD','1731.22','Compensador'),
 (1469,'1697','2019-03-12',2,'061002200','ELECTRICIDAD','901.08','Compensador'),
 (1470,'1705','2019-03-14',2,'060232800','ELECTRICIDAD','398.60','Compensador'),
 (1471,'1712','2019-03-18',2,'060961100','ELECTRICIDAD','546.00','Compensador'),
 (1472,'1714','2019-03-18',2,'060238400','ELECTRICIDAD','1109.03','Compensador'),
 (1473,'1715','2019-03-11',2,'060959200','ELECTRICIDAD','1462.05','Compensador'),
 (1474,'1716','2019-03-18',2,'060960400','ELECTRICIDAD','650.17','Compensador'),
 (1475,'1717','2019-03-18',2,'060232900','ELECTRICIDAD','1623.50','Compensador'),
 (1476,'1829','2019-04-12',2,'060079100','ELECTRICIDAD','797.41','Compensador'),
 (1477,'1899','2019-05-02',2,'060233200','ELECTRICIDAD','693.00','Compensador'),
 (1478,'1901','2019-05-02',2,'060811100','ELECTRICIDAD','353.77','Compensador'),
 (1479,'1973','2019-05-17',2,'060519600','ELECTRICIDAD','382.00','Compensador'),
 (1480,'2013','2019-05-30',2,'060519700','ELECTRICIDAD','455.52','Compensador'),
 (1481,'2014','2019-05-30',2,'060233200','ELECTRICIDAD','393.17','Compensador'),
 (1482,'005','2019-07-23',32,'060830000','CORTE DE PASTO','5312.00','Compensador'),
 (1483,'003','2019-07-12',111,'060238300','PLOMERÍA','11190.00','Compensador'),
 (1484,'166','2019-07-16',13,'061624300','PLOMERÍA','12038.00','Compensador'),
 (1485,'013','2019-06-06',105,'060233400','REPARACIONS GENERALES','4000.00','Compensador'),
 (1486,'019','2019-07-22',105,'060233400','PLOMERÍA','1500.00','Compensador'),
 (1487,'948','2019-05-27',106,'060238000','PLOMERÍA','1640.42','Compensador'),
 (1488,'949','2019-05-27',106,'060238000','PLOMERÍA','7849.65','Compensador'),
 (1489,'950','2019-05-28',106,'061151900','PLOMERÍA','564.70','Compensador'),
 (1490,'0951','2019-05-28',106,'060958600','GAS','763.42','Compensador'),
 (1491,'963','2019-05-29',106,'061152400','PLOMERÍA','1662.06','Compensador'),
 (1492,'981','2019-05-31',106,'060609500','REPARACIONS GENERALES','501.48','Compensador'),
 (1493,'982','2019-05-31',106,'060958600','REPARACIONS GENERALES','47.52','Compensador'),
 (1494,'986','2019-05-31',106,'060958900','GAS','7575.74','Compensador'),
 (1495,'999','2019-06-04',106,'060811100','PLOMERÍA','451.87','Compensador'),
 (1496,'1047','2019-06-13',106,'060238500','GAS','2123.00','Compensador'),
 (1497,'1066','2019-06-18',106,'060238500','PLOMERÍA','137.37','Compensador'),
 (1498,'1129','2019-07-02',106,'060609500','GAS','256.80','Compensador'),
 (1499,'1073','2019-06-06',106,'060233400','PLOMERÍA','4328.43','Compensador'),
 (1500,'1082','2019-06-21',106,'060238500','REPARACIONS GENERALES','351.89','Compensador'),
 (1501,'1128','2019-07-02',106,'060811100','PLOMERÍA','1127.31','Compensador'),
 (1502,'1071','2019-06-19',106,'060812900','REPARACIONS GENERALES','922.77','Compensador'),
 (1503,'1107','2019-06-27',106,'060233400','REPARACIONS GENERALES','38.94','Compensador'),
 (1504,'1108','2019-06-27',106,'060233400','REPARACIONS GENERALES','603.41','Compensador'),
 (1505,'1112','2019-06-28',106,'060233400','GAS','143.69','Compensador'),
 (1506,'1119','2019-06-28',106,'060940200','REPARACIONS GENERALES','906.93','Compensador'),
 (1508,'036','2019-07-23',112,'060191100','ELECTRICIDAD','2700.00','Compensador'),
 (1509,'031','2019-07-03',112,'060940100','ELECTRICIDAD','3800.00','Compensador'),
 (1510,'024','2019-06-14',112,'060959000','ELECTRICIDAD','3600.00','Compensador'),
 (1511,'025','2019-06-14',112,'060811100','ELECTRICIDAD','1500.00','Compensador'),
 (1512,'021','2019-06-05',112,'061871100','ELECTRICIDAD','800.00','Compensador'),
 (1513,'022','2019-06-06',112,'060959200','ELECTRICIDAD','4000.00','Compensador'),
 (1514,'2308','2019-07-03',74,'061151900','MATAFUEGOS','1960.00','Compensador'),
 (1515,'2309','2019-07-03',74,'060810800','MATAFUEGOS','1960.00','Compensador'),
 (1516,'481','2019-05-08',19,'060245200','MATAFUEGOS','1440.00','Compensador'),
 (1517,'482','2019-05-08',19,'060958500','MATAFUEGOS','2400.00','Compensador'),
 (1518,'480','2019-05-08',19,'061249500','MATAFUEGOS','480.00','Compensador'),
 (1519,'475','2019-04-30',19,'060238200','MATAFUEGOS','480.00','Compensador'),
 (1520,'479','2019-05-03',19,'060940100','MATAFUEGOS','960.00','Compensador'),
 (1521,'467','2019-04-16',19,'061249900','MATAFUEGOS','1920.00','Compensador'),
 (1523,'004','2019-06-24',1,'060940100','PLOMERÍA','3500.00','Compensador'),
 (1524,'005','2019-06-24',1,'060238400','PLOMERÍA','1900.00','Compensador'),
 (1525,'006','2019-06-25',1,'060519700','PLOMERÍA','1300.00','Compensador'),
 (1526,'094560','2019-06-28',101,'060238400','GAS','2500.00','Compensador'),
 (1527,'992','2019-06-03',106,'060609500','ELECTRICIDAD','650.95','Compensador'),
 (1528,'995','2019-06-03',106,'060610200','ELECTRICIDAD','11063.90','Compensador'),
 (1529,'998','2019-06-04',106,'060610200','ELECTRICIDAD','385.59','Compensador'),
 (1530,'1006','2019-06-04',106,'060961000','ELECTRICIDAD','2969.52','Compensador'),
 (1531,'1018','2019-06-06',106,'060238000','ELECTRICIDAD','905.16','Compensador'),
 (1532,'1022','2019-06-06',106,'060238200','ELECTRICIDAD','513.64','Compensador'),
 (1533,'1025','2019-06-07',106,'060519600','ELECTRICIDAD','3233.97','Compensador'),
 (1534,'1041','2019-06-12',106,'060961100','ELECTRICIDAD','820.43','Compensador'),
 (1535,'1064','2019-06-18',106,'060238500','ELECTRICIDAD','6388.06','Compensador'),
 (1536,'1084','2019-06-21',106,'061713000','ELECTRICIDAD','7542.28','Compensador'),
 (1537,'1105','2019-06-26',106,'060233400','PLOMERÍA','3254.13','Compensador'),
 (1538,'01147','2019-07-03',106,'060811100','PLOMERÍA','532.10','Compensador'),
 (1539,'006','2019-08-16',17,'060958900','CORTE DE PASTO','6250.00','Compensador'),
 (1540,'1693','2019-03-12',2,'060958600','ELECTRICIDAD','3960.93','Compensador'),
 (1541,'1696','2019-03-12',2,'061151900','ELECTRICIDAD','3903.28','Compensador'),
 (1542,'1698','2019-03-12',2,'060961000','ELECTRICIDAD','6479.77','Compensador'),
 (1543,'1713','2019-03-18',2,'060961100','ELECTRICIDAD','2638.00','Compensador'),
 (1544,'1751','2019-03-26',2,'061002200','ELECTRICIDAD','2791.56','Compensador'),
 (1545,'1752','2019-03-26',2,'060233400','ELECTRICIDAD','2249.29','Compensador'),
 (1546,'076','2019-06-06',104,'060958900','PLOMERÍA','15850.00','Compensador'),
 (1547,'092','2019-08-09',104,'060506000','GAS','23500.00','Compensador'),
 (1548,'022','2019-08-26',105,'060958900','PLOMERÍA','1950.00','Compensador'),
 (1549,'023','2019-08-26',105,'060958900','PLOMERÍA','1800.00','Compensador'),
 (1550,'026','2019-08-26',105,'060233200','PLOMERÍA','3200.00','Compensador'),
 (1551,'027','2019-08-27',105,'060958900','PLOMERÍA','1800.00','Compensador'),
 (1552,'1083','2019-06-21',106,'061713000','PLOMERÍA','14956.25','Compensador'),
 (1553,'1117','2019-06-28',106,'060609400','GAS','11035.50','Compensador'),
 (1554,'1163','2019-07-03',106,'060238300','PLOMERÍA','1256.90','Compensador'),
 (1555,'1173','2019-07-10',106,'060238200','GAS','1557.11','Compensador'),
 (1556,'020','2019-06-05',112,'060958500','ELECTRICIDAD','1200.00','Compensador'),
 (1557,'026','2019-06-21',112,'060830000','ELECTRICIDAD','4000.00','Compensador'),
 (1558,'027','2019-06-24',112,'060825200','ELECTRICIDAD','1500.00','Compensador'),
 (1559,'028','2019-06-25',112,'060238000','ELECTRICIDAD','900.00','Compensador'),
 (1560,'029','2019-07-01',112,'060958600','ELECTRICIDAD','2000.00','Compensador'),
 (1561,'030','2019-07-02',112,'060238100','ELECTRICIDAD','5900.00','Compensador'),
 (1562,'1711','2019-03-18',2,'060238000','ELECTRICIDAD','13260.29','Compensador'),
 (1563,'1753','2019-03-26',2,'060238400','ELECTRICIDAD','1420.67','Compensador'),
 (1564,'1902','2019-05-02',2,'060961000','ELECTRICIDAD','2551.22','Compensador'),
 (1565,'113','2019-01-30',41,'061151900','ELECTRICIDAD','4050.00','Compensador'),
 (1566,'016','2019-03-06',41,'060958500','ELECTRICIDAD','3750.00','Compensador'),
 (1567,'010','2019-09-02',111,'060610200','REPARACIONS GENERALES','10000.00','Compensador'),
 (1568,'012','2019-09-03',111,'060940100','REPARACIONS GENERALES','6000.00','Compensador'),
 (1569,'441','2019-03-14',86,'060238300','MATERIALES','656.00','Compensador'),
 (1570,'511','2019-05-15',86,'060238300','MATERIALES','3416.00','Compensador'),
 (1571,'344','2019-03-20',20,'060824000','CERRAJERIA','2960.00','Compensador'),
 (1572,'345','2019-03-22',20,'060940100','CERRAJERIA','1070.00','Compensador'),
 (1573,'031','2019-06-18',20,'060961000','CERRAJERIA','1200.00','Compensador'),
 (1574,'1483','2019-04-17',22,'060233400','PINTURA','14644.90','Compensador'),
 (1575,'1529','2019-04-18',22,'060609500','PINTURA','1354.20','Compensador'),
 (1576,'21190','2019-07-12',106,'060961100','PLOMERÍA','1070.28','Compensador'),
 (1577,'007','2019-09-02',111,'062235800','PLOMERÍA','1500.00','Compensador'),
 (1578,'009','2019-09-02',111,'062235900','GAS','1500.00','Compensador'),
 (1579,'011','2019-09-03',111,'060238300','PLOMERÍA','3000.00','Compensador'),
 (1580,'031','2019-07-22',88,'060506000','GAS','7000.00','Compensador'),
 (1581,'087','2019-07-15',104,'061653900','GAS','16560.00','Compensador'),
 (1582,'097','2019-07-15',104,'060233300','GAS','6500.00','Compensador'),
 (1583,'098','2019-07-15',104,'060960500','GAS','6200.00','Compensador'),
 (1584,'099','2019-07-15',104,'060958900','GAS','850.00','Compensador'),
 (1585,'100','2019-07-15',104,'060238100','GAS','850.00','Compensador'),
 (1586,'101','2019-07-15',104,'060728300','GAS','4500.00','Compensador'),
 (1587,'005','2019-08-08',111,'060245700','REPARACIONS GENERALES','8500.00','Compensador'),
 (1588,'1221','2019-07-16',106,'060245700','MATERIALES','2338.19','Compensador'),
 (1589,'1225','2019-07-17',106,'060245700','MATERIALES','652.63','Compensador'),
 (1590,'1246','2019-07-19',106,'060958900','MATERIALES','379.60','Compensador'),
 (1591,'1247','2019-07-12',106,'060728300','MATERIALES','1029.84','Compensador'),
 (1592,'061','2019-07-02',41,'060519700','ELECTRICIDAD','1500.00','Compensador'),
 (1593,'3757','2019-06-03',22,'060609500','OTROS','977.91','Compensador'),
 (1594,'7389','2019-08-13',22,'061511700','PINTURA','280.92','Compensador'),
 (1595,'71627','2019-04-05',22,'061152400','PINTURA','1458.98','Compensador'),
 (1596,'4121','2019-06-10',22,'060245200','PINTURA','518.37','Compensador'),
 (1597,'6179','2019-07-19',22,'060940200','PINTURA','300.58','Compensador'),
 (1598,'5452','2019-07-11',22,'060609400','PINTURA','1160.96','Compensador'),
 (1599,'1971','2019-05-17',2,'060959000','ELECTRICIDAD','1563.30','Compensador'),
 (1600,'2029','2019-06-05',2,'060959000','ELECTRICIDAD','879.63','Compensador'),
 (1601,'2082','2019-06-19',2,'060811100','ELECTRICIDAD','416.39','Compensador'),
 (1602,'2083','2019-06-19',2,'060959000','ELECTRICIDAD','104.15','Compensador'),
 (1603,'2116','2019-06-27',2,'061871100','ELECTRICIDAD','610.29','Compensador'),
 (1604,'2117','2019-06-27',2,'060958900','ELECTRICIDAD','911.04','Compensador'),
 (1605,'2118','2019-06-27',2,'060825200','ELECTRICIDAD','825.36','Compensador'),
 (1606,'2125','2019-06-28',2,'060238000','ELECTRICIDAD','85.11','Compensador'),
 (1607,'2201','2019-07-17',2,'060810800','ELECTRICIDAD','171.54','Compensador'),
 (1608,'2204','2019-07-17',2,'060940100','ELECTRICIDAD','1660.18','Compensador'),
 (1609,'2205','2019-07-17',2,'061151900','ELECTRICIDAD','315.34','Compensador'),
 (1610,'2207','2019-07-17',2,'060958600','ELECTRICIDAD','157.67','Compensador'),
 (1611,'2304','2019-08-08',2,'061152400','ELECTRICIDAD','300.50','Compensador'),
 (1612,'2305','2019-08-08',2,'061151900','ELECTRICIDAD','783.20','Compensador'),
 (1613,'2362','2019-08-28',2,'060811100','ELECTRICIDAD','467.10','Compensador'),
 (1614,'2363','2019-08-27',2,'060958600','ELECTRICIDAD','1100.62','Compensador'),
 (1615,'2364','2019-08-28',2,'060959200','ELECTRICIDAD','878.81','Compensador'),
 (1616,'02365','2019-08-28',2,'062055400','ELECTRICIDAD','1268.66','Compensador');
INSERT INTO `factura` (`idFactura`,`Numero`,`Fecha`,`IdProveedor`,`Cue`,`Rubro`,`Monto`,`Cuenta`) VALUES 
 (1617,'2398','2019-08-28',2,'060609500','ELECTRICIDAD','94.05','Compensador'),
 (1618,'091','2019-08-09',104,'060810800','PLOMERÍA','27500.00','Compensador'),
 (1619,'103','2019-09-09',104,'060238200','REPARACIONS GENERALES','4270.00','Compensador'),
 (1620,'033','2019-07-15',112,'060958500','ELECTRICIDAD','2800.00','Compensador'),
 (1621,'040','2019-08-07',112,'061152400','ELECTRICIDAD','1200.00','Compensador'),
 (1622,'042','2019-08-13',112,'060811100','ELECTRICIDAD','2100.00','Compensador'),
 (1623,'043','2019-08-26',112,'060824000','ELECTRICIDAD','1800.00','Compensador'),
 (1624,'044','2019-08-27',112,'060959200','ELECTRICIDAD','1400.00','Compensador'),
 (1625,'045','2019-08-28',112,'060609500','ELECTRICIDAD','1000.00','Compensador'),
 (1626,'008','2019-09-02',111,'060245700','REPARACIONS GENERALES','8000.00','Compensador'),
 (1627,'5317','2019-07-05',67,'060233200','VIDRIOS','1130.00','Compensador'),
 (1628,'5461','2019-09-02',67,'060609400','VIDRIOS','14500.00','Compensador'),
 (1629,'024','2019-07-03',81,'060810800','ELECTRICIDAD','6800.00','Compensador'),
 (1630,'026','2019-07-04',81,'060245700','ELECTRICIDAD','2500.00','Compensador'),
 (1631,'034','2019-07-16',112,'060810700','ELECTRICIDAD','4400.00','Compensador'),
 (1632,'047','2019-09-02',112,'060958500','ELECTRICIDAD','11200.00','Compensador'),
 (1633,'013','2019-09-16',111,'061871300','REPARACIONS GENERALES','1000.00','Compensador'),
 (1634,'014','2019-09-16',111,'061511700','REPARACIONS GENERALES','5000.00','Compensador'),
 (1635,'015','2019-10-08',111,'061653900','PLOMERÍA','3000.00','Compensador'),
 (1636,'020','2019-10-15',111,'060812900','PLOMERÍA','2800.00','Compensador'),
 (1637,'2011','2019-05-30',2,'060824000','ELECTRICIDAD','18524.55','Compensador'),
 (1638,'102','2019-09-11',104,'060825200','GAS','2800.00','Compensador'),
 (1639,'104','2019-09-11',104,'060958900','GAS','5800.00','Compensador'),
 (1640,'110','2019-10-08',104,'060325900','GAS','10300.00','Compensador'),
 (1641,'1295','2019-07-26',106,'060940100','GAS','18351.52','Compensador'),
 (1642,'007','2019-06-25',1,'061151900','PLOMERÍA','2000.00','Compensador'),
 (1643,'008','2019-06-26',1,'061152500','PLOMERÍA','1800.00','Compensador'),
 (1644,'009','2019-06-26',1,'060811100','PLOMERÍA','1700.00','Compensador'),
 (1645,'010','2019-06-26',1,'060233400','PLOMERÍA','1600.00','Compensador'),
 (1646,'011','2019-06-27',1,'060959000','PLOMERÍA','2500.00','Compensador'),
 (1647,'012','2019-06-27',1,'060238100','PLOMERÍA','1600.00','Compensador'),
 (1648,'013','2019-06-27',1,'062055400','PLOMERÍA','1300.00','Compensador'),
 (1649,'016','2019-10-18',111,'060958600','PLOMERÍA','27000.00','Compensador'),
 (1650,'034','2019-07-22',88,'060238300','GAS','31500.00','Compensador'),
 (1651,'109','2019-10-08',104,'060958900','PLOMERÍA','2200.00','Compensador'),
 (1652,'112','2019-10-17',104,'060811100','GAS','8950.00','Compensador'),
 (1653,'113','2019-10-17',104,'060238000','GAS','6000.00','Compensador'),
 (1654,'032','2019-07-10',112,'060830000','REPARACIONS GENERALES','8600.00','Compensador'),
 (1655,'035','2019-11-13',112,'060825200','ELECTRICIDAD','8100.00','Compensador'),
 (1656,'056','2019-07-02',41,'061871100','ELECTRICIDAD','1500.00','Compensador'),
 (1657,'1946','2019-10-16',106,'060238500','PLOMERÍA','292.62','Compensador'),
 (1658,'1451','2019-08-16',106,'060960400','PLOMERÍA','205.89','Compensador'),
 (1659,'1784','2019-09-24',106,'060811100','PINTURA','668.77','Compensador'),
 (1660,'1786','2019-09-24',106,'060958900','PLOMERÍA','963.27','Compensador'),
 (1661,'01783','2019-09-24',106,'061002200','PLOMERÍA','999.73','Compensador'),
 (1662,'01785','2019-09-24',106,'060961000','PLOMERÍA','1284.04','Compensador'),
 (1663,'1798','2019-09-26',106,'060811100','GAS','2933.14','Compensador'),
 (1664,'1819','2019-09-27',106,'060812900','PLOMERÍA','201.12','Compensador'),
 (1665,'1565','2019-08-28',106,'060245700','PLOMERÍA','688.06','Compensador'),
 (1666,'1713','2019-09-16',106,'060810800','PLOMERÍA','946.49','Compensador'),
 (1667,'1438','2019-08-16',106,'062235800','PLOMERÍA','850.30','Compensador'),
 (1668,'1437','2019-08-16',106,'060961000','PLOMERÍA','408.49','Compensador'),
 (1669,'1521','2019-08-22',106,'060761500','GAS','528.56','Compensador'),
 (1670,'037','2019-07-25',112,'061653900','ELECTRICIDAD','9000.00','Compensador'),
 (1671,'039','2019-08-06',112,'061151900','ELECTRICIDAD','2400.00','Compensador'),
 (1672,'017','2019-10-08',111,'060940200','PLOMERÍA','1500.00','Compensador'),
 (1673,'018','2019-10-09',111,'060238500','PLOMERÍA','6000.00','Compensador'),
 (1674,'024','2019-10-31',111,'060810800','PLOMERÍA','7300.00','Compensador'),
 (1675,'010','2019-11-16',32,'060728300','CORTE DE PASTO','8736.00','Compensador'),
 (1676,'12226','2019-06-29',73,'060233200','MATERIALES','343.38','Compensador'),
 (1677,'012','2019-06-06',105,'060609500','PLOMERÍA','1300.00','Compensador'),
 (1678,'485','2019-05-17',19,'060519700','MATAFUEGOS','1920.00','Compensador'),
 (1679,'486','2019-05-17',19,'060610200','MATAFUEGOS','960.00','Compensador'),
 (1680,'005','2019-07-15',113,'060961100','PLOMERÍA','1000.00','Compensador'),
 (1681,'008','2019-07-15',113,'060238200','PLOMERÍA','4500.00','Compensador'),
 (1682,'009','2019-07-15',113,'060958600','PLOMERÍA','3700.00','Compensador'),
 (1683,'006','2019-07-15',113,'061152400','PLOMERÍA','3300.00','Compensador'),
 (1684,'007','2019-07-08',113,'060961100','PLOMERÍA','2500.00','Compensador'),
 (1685,'064','2019-08-15',20,'060519700','CERRAJERIA','2950.00','Compensador'),
 (1686,'032','2019-06-21',113,'060958600','CERRAJERIA','1900.00','Compensador'),
 (1687,'033','2019-06-21',113,'061892000','CERRAJERIA','1900.00','Compensador'),
 (1688,'042','2019-07-17',113,'060824000','CERRAJERIA','1800.00','Compensador'),
 (1689,'026','2019-10-31',111,'060506000','PLOMERÍA','4800.00','Compensador'),
 (1690,'030','2019-11-28',111,'060961100','PLOMERÍA','5500.00','Compensador'),
 (1691,'022','2019-11-28',111,'061002200','PLOMERÍA','3600.00','Compensador'),
 (1692,'031','2019-12-02',111,'060609400','ELECTRICIDAD','3500.00','Compensador'),
 (1693,'032','2019-12-02',111,'060238300','REPARACIONS GENERALES','1500.00','Compensador'),
 (1694,'029','2019-11-20',111,'060961000','PLOMERÍA','2500.00','Compensador'),
 (1695,'028','2019-11-20',111,'060810700','PLOMERÍA','12000.00','Compensador'),
 (1696,'119','2019-11-22',104,'060191100','REPARACIONS GENERALES','1800.00','Compensador'),
 (1697,'120','2019-11-22',104,'060958500','ELECTRICIDAD','4850.00','Compensador'),
 (1698,'121','2019-11-22',104,'060810800','PLOMERÍA','2010.00','Compensador'),
 (1699,'1829','2019-09-30',106,'060325900','MATERIALES','2202.12','Compensador'),
 (1700,'1831','2019-09-30',106,'060961100','MATERIALES','1625.64','Compensador'),
 (1701,'1945','2019-10-16',106,'060238500','MATERIALES','1604.02','Compensador'),
 (1702,'2021','2019-10-25',106,'060940100','MATERIALES','331.38','Compensador'),
 (1703,'2022','2019-10-25',106,'060958600','MATERIALES','1556.64','Compensador'),
 (1704,'2143','2019-11-11',106,'060506000','MATERIALES','1183.08','Compensador'),
 (1705,'2144','2019-11-11',106,'060810700','MATERIALES','6722.33','Compensador'),
 (1706,'2430','2019-09-19',2,'062208400','ELECTRICIDAD','141.66','Compensador'),
 (1707,'2431','2019-09-19',2,'060824000','ELECTRICIDAD','723.54','Compensador'),
 (1708,'2471','2019-10-03',2,'060824000','ELECTRICIDAD','7533.88','Compensador'),
 (1709,'2472','2019-10-03',2,'060506000','ELECTRICIDAD','195.98','Compensador'),
 (1710,'2476','2019-10-03',2,'060960400','ELECTRICIDAD','587.94','Compensador'),
 (1711,'2477','2019-10-03',2,'060506000','ELECTRICIDAD','3506.34','Compensador'),
 (1712,'2479','2019-10-03',2,'061870900','ELECTRICIDAD','166.28','Compensador'),
 (1713,'2494','2019-10-08',2,'061870900','ELECTRICIDAD','2665.01','Compensador'),
 (1714,'2500','2019-10-08',2,'060245600','ELECTRICIDAD','483.20','Compensador'),
 (1715,'2508','2019-10-10',2,'060519700','ELECTRICIDAD','1029.93','Compensador'),
 (1716,'2540','2019-10-22',2,'061151900','ELECTRICIDAD','90.60','Compensador'),
 (1717,'2541','2019-10-22',2,'060245600','ELECTRICIDAD','2281.88','Compensador'),
 (1718,'2675','2019-11-22',2,'060609400','ELECTRICIDAD','440.85','Compensador'),
 (1719,'053','2019-10-09',112,'061871300','ELECTRICIDAD','2000.00','Compensador'),
 (1720,'025','2019-09-04',1,'061871100','PLOMERÍA','4000.00','Compensador'),
 (1721,'026','2019-09-04',1,'060959200','PLOMERÍA','2300.00','Compensador'),
 (1722,'027','2019-09-04',1,'062208400','PLOMERÍA','2200.00','Compensador'),
 (1723,'028','2019-09-04',1,'060238300','PLOMERÍA','1800.00','Compensador'),
 (1724,'029','2019-09-04',1,'061002200','PLOMERÍA','3800.00','Compensador'),
 (1725,'030','2019-09-04',1,'060959000','PLOMERÍA','3500.00','Compensador'),
 (1726,'031','2019-09-04',1,'062208400','PLOMERÍA','2500.00','Compensador'),
 (1727,'032','2019-09-04',1,'062055400','PLOMERÍA','1800.00','Compensador'),
 (1728,'033','2019-09-04',1,'061871000','PLOMERÍA','2000.00','Compensador'),
 (1729,'034','2019-09-04',1,'060232800','PLOMERÍA','2000.00','Compensador'),
 (1730,'035','2019-09-04',1,'061892000','PLOMERÍA','1500.00','Compensador'),
 (1731,'036','2019-09-04',1,'060609500','PLOMERÍA','1800.00','Compensador'),
 (1732,'037','2019-09-04',1,'061151900','PLOMERÍA','1900.00','Compensador'),
 (1733,'038','2019-09-04',1,'060824000','PLOMERÍA','2500.00','Compensador'),
 (1734,'039','2019-09-04',1,'062208400','PLOMERÍA','2000.00','Compensador'),
 (1735,'040','2019-09-04',1,'061871000','PLOMERÍA','1800.00','Compensador'),
 (1736,'041','2019-09-04',1,'061152400','PLOMERÍA','4100.00','Compensador'),
 (1737,'054','2019-12-05',1,'060233200','PLOMERÍA','1900.00','Compensador'),
 (1738,'055','2019-12-05',1,'060958600','PLOMERÍA','3800.00','Compensador'),
 (1739,'056','2019-12-05',1,'060959200','PLOMERÍA','1500.00','Compensador'),
 (1740,'049','2019-09-25',112,'060961100','ELECTRICIDAD','2700.00','Compensador'),
 (1741,'050','2019-09-26',112,'060609400','ELECTRICIDAD','3500.00','Compensador'),
 (1742,'051','2019-10-07',112,'060609500','PLOMERÍA','4500.00','Compensador'),
 (1743,'052','2019-10-08',112,'060245600','ELECTRICIDAD','2800.00','Compensador'),
 (1744,'054','2019-10-10',112,'060519700','ELECTRICIDAD','2000.00','Compensador'),
 (1745,'055','2019-10-21',112,'060238000','ELECTRICIDAD','5800.00','Compensador'),
 (1746,'056','2019-10-22',112,'061713000','ELECTRICIDAD','6800.00','Compensador'),
 (1747,'057','2019-10-08',112,'061871000','ELECTRICIDAD','2300.00','Compensador'),
 (1748,'058','2019-10-24',112,'060609500','ELECTRICIDAD','2800.00','Compensador'),
 (1749,'060','2019-11-04',112,'062055400','ELECTRICIDAD','1900.00','Compensador'),
 (1750,'061','2019-11-05',112,'060238300','ELECTRICIDAD','3000.00','Compensador'),
 (1751,'062','2019-11-22',112,'060245600','ELECTRICIDAD','4000.00','Compensador'),
 (1752,'064','2019-11-25',112,'060233300','ELECTRICIDAD','7600.00','Compensador'),
 (1753,'065','2019-11-26',112,'061871000','ELECTRICIDAD','2800.00','Compensador'),
 (1754,'067','2019-11-27',112,'060761500','ELECTRICIDAD','3900.00','Compensador'),
 (1755,'068','2019-12-02',112,'061871000','ELECTRICIDAD','2500.00','Compensador'),
 (1756,'069','2019-11-04',112,'060824000','ELECTRICIDAD','6500.00','Compensador'),
 (1757,'1534','2019-08-23',106,'061871000','MATERIALES','3047.71','Compensador'),
 (1758,'1551','2019-08-26',106,'060940100','MATERIALES','4402.40','Compensador'),
 (1759,'2305','2019-11-30',106,'060958600','MATERIALES','2858.97','Compensador'),
 (1760,'2209','2019-11-19',106,'060961000','MATERIALES','429.21','Compensador'),
 (1761,'2191','2019-11-15',106,'060961100','ELECTRICIDAD','2263.41','Compensador'),
 (1762,'2169','2019-11-06',106,'060810700','MATERIALES','1958.51','Compensador'),
 (1763,'2453','2019-05-06',22,'060245700','PINTURA','6749.80','Compensador'),
 (1764,'2623','2019-05-09',22,'060958900','PINTURA','5989.67','Compensador'),
 (1765,'3008','2019-05-16',22,'062208400','PINTURA','4300.14','Compensador'),
 (1766,'7576','2019-08-23',22,'060959200','PINTURA','8819.06','Compensador'),
 (1767,'9351','2019-09-24',22,'062092000','PINTURA','16220.36','Compensador'),
 (1768,'71528','2019-04-03',22,'062208400','PINTURA','4353.42','Compensador'),
 (1769,'21','2019-08-06',21,'060233400','PLOMERÍA','1300.00','Compensador'),
 (1770,'022','2019-08-09',22,'060959200','PINTURA','1200.00','Compensador'),
 (1771,'065','2019-08-16',20,'061871000','CERRAJERIA','2250.00','Compensador'),
 (1772,'066','2019-08-16',20,'061151900','CERRAJERIA','2350.00','Compensador'),
 (1773,'080','2019-09-16',20,'060810800','COMBUSTIBLE','2550.00','Compensador'),
 (1774,'081','2019-09-16',20,'061002200','CERRAJERIA','2100.00','Compensador'),
 (1775,'097','2019-11-22',20,'060958600','CERRAJERIA','1700.00','Compensador'),
 (1776,'098','2019-11-22',20,'060233200','CERRAJERIA','5100.00','Compensador'),
 (1777,'099','2019-11-22',20,'060609500','CERRAJERIA','4400.00','Compensador'),
 (1778,'100','2019-11-22',20,'060812900','CERRAJERIA','3900.00','Compensador'),
 (1779,'014','2019-05-09',21,'060961000','PLOMERÍA','1800.00','Compensador'),
 (1780,'2081','2019-06-19',2,'060238100','ELECTRICIDAD','9936.03','Compensador'),
 (1781,'2202','2019-07-17',2,'060825200','ELECTRICIDAD','3348.60','Compensador'),
 (1782,'2303','2019-08-08',2,'060191100','CORTE DE PASTO','242.52','Compensador'),
 (1783,'2746','2019-12-06',2,'061151900','ELECTRICIDAD','752.56','Compensador'),
 (1784,'043','2019-07-17',20,'060940100','CERRAJERIA','1800.00','Compensador'),
 (1785,'044','2019-07-17',20,'060238100','CERRAJERIA','2550.00','Compensador'),
 (1786,'045','2019-07-17',20,'060519600','CERRAJERIA','3520.00','Compensador'),
 (1787,'1790','2019-04-23',22,'060233400','PINTURA','9767.45','Compensador'),
 (1788,'17008','2020-01-21',22,'060233200','PINTURA','4090.15','Compensador'),
 (1789,'17047','2020-01-22',22,'060325900','PINTURA','17433.75','Compensador'),
 (1790,'17096','2020-01-23',22,'060233200','PINTURA','20699.51','Compensador'),
 (1791,'17256','2020-01-25',22,'060812900','PINTURA','19922.92','Compensador'),
 (1792,'125','2020-02-05',20,'060940100','CERRAJERIA','1250.00','Compensador'),
 (1793,'126','2020-02-05',20,'061871300','CERRAJERIA','2560.00','Compensador'),
 (1794,'127','2020-02-05',20,'060519700','CERRAJERIA','850.00','Compensador'),
 (1795,'037','2019-09-04',66,'060238400','MATERIALES','5995.00','Compensador'),
 (1796,'040','2019-09-04',66,'060609300','MATERIALES','1880.00','Compensador'),
 (1797,'041','2019-09-04',66,'060233200','MATERIALES','3986.50','Compensador'),
 (1798,'042','2019-09-04',66,'060958600','MATERIALES','295.00','Compensador'),
 (1799,'043','2019-09-04',66,'060609300','MATERIALES','1200.00','Compensador'),
 (1800,'044','2019-09-04',66,'060245200','MATERIALES','1985.00','Compensador'),
 (1801,'2206','2019-07-17',2,'060830000','ELECTRICIDAD','10968.25','Compensador'),
 (1802,'2400','2019-12-13',106,'060519600','MATERIALES','1206.36','Compensador'),
 (1803,'2476','2019-12-26',106,'060238500','MATERIALES','578.78','Compensador'),
 (1804,'2654','2020-02-03',106,'062235900','MATERIALES','7498.99','Compensador'),
 (1805,'2655','2020-02-03',106,'062235900','MATERIALES','1456.42','Compensador'),
 (1806,'2666','2020-02-05',106,'062235900','MATERIALES','171.12','Compensador'),
 (1807,'2669','2020-02-05',106,'062235900','MATERIALES','1770.54','Compensador'),
 (1808,'2700','2020-02-10',106,'062235900','MATERIALES','565.95','Compensador'),
 (1809,'2699','2020-02-10',106,'060728300','MATERIALES','2203.54','Compensador'),
 (1810,'16943','2020-01-20',22,'060233200','PINTURA','8751.85','Compensador'),
 (1811,'17499','2020-01-30',22,'060233200','PINTURA','1185.37','Compensador'),
 (1812,'17879','2020-02-05',22,'060233200','PINTURA','14096.41','Compensador'),
 (1813,'123','2019-12-30',104,'060238500','PLOMERÍA','2500.00','Compensador'),
 (1814,'074','2020-02-06',9,'060238500','MATERIALES','21000.00','Compensador'),
 (1815,'2745','2019-12-06',2,'062055400','ELECTRICIDAD','9036.11','Compensador'),
 (1816,'18110','2020-02-10',22,'060233200','PINTURA','899.48','Compensador'),
 (1817,'18262','2020-02-12',22,'060233200','PINTURA','14867.80','Compensador'),
 (1818,'18344','2020-02-13',22,'060245300','PINTURA','5081.16','Compensador'),
 (1819,'18345','2020-02-13',22,'060233200','PINTURA','5213.59','Compensador'),
 (1820,'18432','2020-02-14',22,'061870900','OTROS','5616.21','Compensador'),
 (1821,'18446','2020-02-14',22,'060728300','PINTURA','2304.18','Compensador'),
 (1822,'112','2020-01-07',20,'060238000','CERRAJERIA','900.00','Compensador'),
 (1823,'2391','2019-12-12',106,'060519700','MATERIALES','310.53','Compensador'),
 (1824,'2562','2020-01-09',106,'060325900','MATERIALES','6614.26','Compensador'),
 (1825,'2723','2020-02-12',106,'060506000','MATERIALES','3700.40','Compensador'),
 (1826,'2728','2020-02-13',106,'060959000','MATERIALES','807.67','Compensador'),
 (1827,'2730','2020-02-13',106,'060519600','MATERIALES','1092.19','Compensador'),
 (1828,'2731','2020-02-13',106,'060609400','MATERIALES','329.02','Compensador'),
 (1829,'2774','2020-02-21',106,'060609400','MATERIALES','1148.72','Compensador'),
 (1831,'2791','2020-02-26',106,'060238500','MATERIALES','18840.49','Compensador'),
 (1832,'2801','2020-02-27',106,'060238100','MATERIALES','2127.11','Compensador'),
 (1833,'2802','2020-02-27',106,'060238000','MATERIALES','7766.21','Compensador'),
 (1834,'037','2020-02-11',21,'060191100','PLOMERÍA','3300.00','Compensador'),
 (1835,'038','2020-02-20',21,'060959000','PLOMERÍA','1800.00','Compensador'),
 (1836,'039','2020-02-20',21,'060245600','PLOMERÍA','5800.00','Compensador'),
 (1837,'040','2020-02-21',21,'060824000','PLOMERÍA','3300.00','Compensador'),
 (1838,'041','2020-02-21',21,'060519600','PLOMERÍA','1000.00','Compensador'),
 (1839,'042','2020-02-21',21,'060345500','PLOMERÍA','3600.00','Compensador'),
 (1840,'043','2020-02-26',21,'060961000','PLOMERÍA','4200.00','Compensador'),
 (1841,'17998','2020-02-07',22,'060961100','PINTURA','26698.17','Compensador'),
 (1842,'18117','2020-02-10',22,'060728300','PINTURA','26601.13','Compensador'),
 (1843,'18118','2020-02-10',22,'060728300','PINTURA','5184.99','Compensador'),
 (1844,'18240','2020-02-11',22,'060325900','PINTURA','2941.16','Compensador'),
 (1845,'18494','2020-02-15',22,'061152400','PINTURA','9496.04','Compensador'),
 (1846,'18569','2020-02-17',22,'060233200','PINTURA','827.16','Compensador'),
 (1847,'2115','2019-06-27',2,'060238500','ELECTRICIDAD','28692.03','Compensador'),
 (1848,'2124','2019-06-28',2,'060961000','ELECTRICIDAD','13987.78','Compensador'),
 (1849,'0036','2020-02-10',21,'062235900','PLOMERÍA','4200.00','Compensador'),
 (1850,'0037','2020-02-11',21,'060191100','PLOMERÍA','3300.00','Compensador'),
 (1851,'0038','2020-02-20',21,'060959000','PLOMERÍA','1800.00','Compensador'),
 (1852,'0039','2020-02-20',21,'060245600','PLOMERÍA','5800.00','Compensador'),
 (1853,'0040','2020-02-21',21,'060824000','PLOMERÍA','3300.00','Compensador'),
 (1854,'0041','2020-02-20',21,'062198500','PLOMERÍA','1000.00','Compensador'),
 (1855,'0042','2020-02-21',21,'060345500','PLOMERÍA','3600.00','Compensador'),
 (1856,'0043','2020-02-26',21,'060961000','PLOMERÍA','4200.00','Compensador'),
 (1857,'17642','2020-02-18',6,'060238400','MATERIALES','22635.18','Compensador'),
 (1858,'0130','2020-03-02',104,'060238500','PLOMERÍA','10200.00','Compensador'),
 (1859,'18766','2020-02-20',22,'060233200','PINTURA','9345.78','Compensador'),
 (1860,'19116','2020-02-26',22,'060191100','PINTURA','8384.06','Compensador'),
 (1861,'19193','2020-02-27',22,'060233200','PINTURA','423.75','Compensador'),
 (1862,'19194','2020-02-27',22,'061152400','PINTURA','5451.35','Compensador'),
 (1863,'19205','2020-02-27',22,'060810800','PINTURA','7812.19','Compensador'),
 (1864,'044','2020-03-02',21,'061249500','PLOMERÍA','2200.00','Compensador'),
 (1865,'045','2020-03-02',21,'060958600','PLOMERÍA','2600.00','Compensador'),
 (1866,'046','2020-03-02',21,'061253500','PLOMERÍA','1200.00','Compensador'),
 (1867,'047','2020-03-02',21,'060238000','PLOMERÍA','5500.00','Compensador'),
 (1868,'048','2020-03-04',21,'060609400','PLOMERÍA','1300.00','Compensador'),
 (1869,'070','2020-02-27',112,'060961000','ELECTRICIDAD','1400.00','Compensador'),
 (1870,'071','2020-02-27',112,'060609500','ELECTRICIDAD','3400.00','Compensador'),
 (1871,'072','2020-02-28',112,'060958600','ELECTRICIDAD','1400.00','Compensador'),
 (1872,'073','2020-02-28',112,'060245600','ELECTRICIDAD','3900.00','Compensador'),
 (1873,'074','2020-02-28',112,'062235800','ELECTRICIDAD','3800.00','Compensador'),
 (1874,'075','2020-02-28',112,'060810800','ELECTRICIDAD','3300.00','Compensador'),
 (1875,'076','2020-03-02',112,'060238100','ELECTRICIDAD','2700.00','Compensador'),
 (1876,'077','2020-03-04',112,'060958500','ELECTRICIDAD','1700.00','Compensador'),
 (1877,'078','2020-03-06',112,'060961100','PLOMERÍA','1700.00','Compensador'),
 (1878,'0302','2020-03-06',68,'060238300','ELECTRICIDAD','1800.00','Compensador'),
 (1879,'0299','2020-03-04',68,'061713000','ELECTRICIDAD','4500.00','Compensador'),
 (1880,'0293','2020-02-27',68,'060238200','ELECTRICIDAD','2500.00','Compensador'),
 (1881,'0292','2020-02-27',68,'060519700','ELECTRICIDAD','7900.00','Compensador'),
 (1882,'05175','2020-03-02',106,'061511700','MATERIALES','547.22','Compensador'),
 (1883,'02818','2020-02-28',106,'060238000','MATERIALES','2212.32','Compensador'),
 (1884,'02815','2020-02-28',106,'060238100','MATERIALES','727.98','Compensador'),
 (1885,'0131','2020-03-02',104,'060506000','PLOMERÍA','22500.00','Compensador'),
 (1886,'2811','2020-02-28',106,'060238000','MATERIALES','164.68','Compensador'),
 (1887,'2824','2020-02-28',106,'060609400','MATERIALES','16076.62','Compensador'),
 (1888,'5193','2020-03-03',106,'060233300','MATERIALES','3598.95','Compensador'),
 (1889,'5196','2020-03-03',106,'060959000','MATERIALES','4772.00','Compensador'),
 (1890,'5211','2020-03-05',106,'060959000','MATERIALES','4599.50','Compensador'),
 (1891,'5253','2020-03-09',106,'061152400','MATERIALES','2983.12','Compensador'),
 (1892,'5254','2020-03-09',106,'060958600','MATERIALES','754.78','Compensador'),
 (1893,'5282','2020-03-12',106,'060233200','MATERIALES','10957.85','Compensador'),
 (1895,'0257','2020-02-20',115,'060609500','MATERIALES','2581.29','Compensador'),
 (1896,'0258','2020-02-20',115,'061624300','MATERIALES','1900.00','Compensador'),
 (1897,'0259','2020-02-20',115,'060609500','MATERIALES','1003.80','Compensador'),
 (1898,'0260','2020-02-20',115,'060609500','MATERIALES','2977.96','Compensador'),
 (1899,'0261','2020-02-20',115,'060191100','MATERIALES','1031.28','Compensador'),
 (1900,'0262','2020-02-20',115,'060961000','MATERIALES','716.76','Compensador'),
 (1901,'0282','2020-02-26',115,'060238400','MATERIALES','1127.00','Compensador'),
 (1902,'0293','2020-02-28',115,'060810800','MATERIALES','467.04','Compensador'),
 (1903,'0296','2020-02-28',115,'060609400','MATERIALES','62.58','Compensador'),
 (1904,'0309','2020-03-05',115,'060958500','MATERIALES','849.00','Compensador'),
 (1905,'19206','2020-02-27',22,'060810800','PINTURA','20354.49','Compensador'),
 (1906,'19230','2020-02-27',22,'060958500','PINTURA','14021.54','Compensador'),
 (1907,'0133','2020-03-12',104,'060325900','GAS','1750.00','Compensador'),
 (1908,'0134','2020-03-12',104,'060238500','GAS','2500.00','Compensador'),
 (1909,'0135','2020-03-12',104,'060233200','GAS','5950.00','Compensador'),
 (1910,'0136','2020-03-12',104,'061713000','REPARACIONS GENERALES','1800.00','Compensador'),
 (1911,'0137','2020-02-13',104,'060245200','REPARACIONS GENERALES','2650.00','Compensador'),
 (1912,'0138','2020-03-12',104,'061624300','REPARACIONS GENERALES','2500.00','Compensador'),
 (1914,'2776','2019-12-13',2,'060232700','ELECTRICIDAD','4822.48','Compensador'),
 (1915,'058','2019-12-19',1,'061713000','PLOMERÍA','1900.00','Compensador'),
 (1916,'059','2019-12-19',1,'060519700','PLOMERÍA','2100.00','Compensador'),
 (1917,'060','2019-12-19',1,'061152500','PLOMERÍA','2200.00','Compensador'),
 (1918,'061','2019-12-19',1,'060761500','PLOMERÍA','2200.00','Compensador'),
 (1919,'062','2019-12-19',1,'061002200','PLOMERÍA','1800.00','Compensador'),
 (1920,'001','2020-03-11',1,'060232800','PLOMERÍA','5500.00','Compensador'),
 (1921,'035','2020-02-28',105,'060325900','PLOMERÍA','3800.00','Compensador'),
 (1922,'036','2020-02-28',105,'060325900','PLOMERÍA','750.00','Compensador'),
 (1923,'037','2020-02-28',105,'060325900','PLOMERÍA','750.00','Compensador'),
 (1924,'041','2020-03-04',105,'060519700','PLOMERÍA','4200.00','Compensador'),
 (1925,'042','2020-03-04',105,'060519700','PLOMERÍA','750.00','Compensador'),
 (1926,'0605','2020-03-06',19,'060609300','MATAFUEGOS','700.00','Compensador'),
 (1927,'0606','2020-03-06',19,'061624300','MATAFUEGOS','2800.00','Compensador'),
 (1928,'0607','2020-03-10',19,'060961000','MATAFUEGOS','3500.00','Compensador'),
 (1929,'079','2020-03-10',112,'060609500','ELECTRICIDAD','2300.00','Compensador'),
 (1930,'080','2020-03-11',112,'060958600','ELECTRICIDAD','4200.00','Compensador'),
 (1931,'081','2020-03-12',112,'060233200','ELECTRICIDAD','2400.00','Compensador'),
 (1932,'3025','2020-03-14',74,'060959200','MATAFUEGOS','2090.88','Compensador'),
 (1933,'3026','2020-03-14',74,'060959000','MATAFUEGOS','2090.88','Compensador'),
 (1934,'3027','2020-03-14',74,'060610200','MATAFUEGOS','5610.53','Compensador'),
 (1935,'3032','2020-03-16',74,'060959000','MATAFUEGOS','348.48','Compensador'),
 (1936,'0209','2020-03-05',87,'060825200','CORTE DE PASTO','4500.00','Compensador'),
 (1937,'0210','2020-03-05',87,'060232800','CORTE DE PASTO','7000.00','Compensador'),
 (1938,'0211','2020-03-05',87,'060959000','CORTE DE PASTO','3500.00','Compensador'),
 (1939,'0212','2020-03-10',87,'060232700','CORTE DE PASTO','9500.00','Compensador'),
 (1940,'0049','2020-03-04',21,'061511700','PLOMERÍA','800.00','Compensador'),
 (1941,'0050','2020-03-05',21,'060506000','PLOMERÍA','2600.00','Compensador'),
 (1942,'0051','2020-03-05',21,'060812900','PLOMERÍA','1100.00','Compensador'),
 (1943,'0052','2020-03-05',21,'060959000','PLOMERÍA','1800.00','Compensador'),
 (1944,'0053','2020-03-05',21,'060959000','PLOMERÍA','3200.00','Compensador'),
 (1945,'0054','2020-03-10',21,'060233000','PLOMERÍA','2400.00','Compensador'),
 (1946,'0151','2020-03-17',20,'061002200','CERRAJERIA','2540.00','Compensador'),
 (1947,'0152','2020-03-17',20,'060959000','CERRAJERIA','2180.00','Compensador'),
 (1948,'0153','2020-03-17',20,'060238000','CERRAJERIA','1700.00','Compensador'),
 (1949,'0154','2020-03-17',20,'060810800','CERRAJERIA','11520.00','Compensador'),
 (1950,'0055','2020-03-12',21,'060238500','PLOMERÍA','5300.00','Compensador'),
 (1951,'0056','2020-03-12',21,'060961100','PLOMERÍA','3400.00','Compensador'),
 (1952,'0057','2020-03-13',21,'060245600','PLOMERÍA','3800.00','Compensador'),
 (1953,'0058','2020-03-17',21,'061871100','PLOMERÍA','1200.00','Compensador'),
 (1954,'0059','2020-03-17',21,'060961100','PLOMERÍA','3300.00','Compensador'),
 (1955,'5297','2020-03-13',106,'060961100','MATERIALES','10392.41','Compensador'),
 (1956,'5298','2020-03-13',106,'061653900','MATERIALES','1677.33','Compensador'),
 (1957,'5371','2020-04-07',106,'060238000','MATERIALES','1184.46','Compensador'),
 (1958,'0003','2020-03-11',1,'060958500','PLOMERÍA','6500.00','Compensador'),
 (1959,'0006','2020-03-11',1,'060811100','PLOMERÍA','2500.00','Compensador'),
 (1960,'13851','2020-03-11',73,'062235800','MATERIALES','2655.00','Compensador'),
 (1961,'0083','2020-03-16',112,'060238000','ELECTRICIDAD','3500.00','Compensador'),
 (1962,'0084','2020-03-17',112,'061151900','ELECTRICIDAD','900.00','Compensador'),
 (1963,'0085','2020-03-17',112,'060961100','ELECTRICIDAD','1400.00','Compensador'),
 (1964,'0086','2020-03-19',112,'060959200','ELECTRICIDAD','7500.00','Compensador'),
 (1965,'0011','2020-03-11',113,'061871000','PLOMERÍA','2000.00','Compensador'),
 (1966,'0012','2020-03-11',113,'060609400','PLOMERÍA','1200.00','Compensador'),
 (1967,'0013','2020-03-11',113,'060961100','PLOMERÍA','2300.00','Compensador'),
 (1968,'0014','2020-03-11',113,'060961100','PLOMERÍA','1800.00','Compensador'),
 (1969,'0015','2020-03-11',113,'060958600','PLOMERÍA','5200.00','Compensador'),
 (1971,'0214','2020-05-12',87,'061713000','FUMIGACION','2500.00','Compensador'),
 (1972,'0218','2020-05-26',87,'060238200','REPARACIONS GENERALES','4300.00','Compensador'),
 (1973,'0219','2020-05-26',87,'061152500','REPARACIONS GENERALES','2700.00','Compensador'),
 (1974,'0173','2020-05-18',20,'060238400','CERRAJERIA','2000.00','Compensador'),
 (1975,'0174','2020-05-18',20,'060609500','CERRAJERIA','1680.00','Compensador'),
 (1976,'0355','2020-03-20',115,'061151900','ELECTRICIDAD','373.00','Compensador'),
 (1977,'0356','2020-03-20',115,'060233400','ELECTRICIDAD','2334.00','Compensador'),
 (1978,'0357','2020-03-20',115,'060238000','ELECTRICIDAD','1330.31','Compensador'),
 (1979,'0359','2020-03-20',115,'060961100','ELECTRICIDAD','256.50','Compensador'),
 (1980,'0360','2020-03-20',115,'060811100','ELECTRICIDAD','1619.50','Compensador'),
 (1981,'0373','2020-03-30',115,'060959200','ELECTRICIDAD','2535.00','Compensador'),
 (1982,'0144','2020-06-08',104,'060238000','GAS','3200.00','Compensador'),
 (1983,'0220','2020-06-04',87,'060245200','REPARACIONS GENERALES','6500.00','Compensador'),
 (1984,'0060','2020-06-01',21,'060958900','PLOMERÍA','3200.00','Compensador'),
 (1986,'0872','2020-06-25',115,'060958900','ELECTRICIDAD','5760.00','Compensador'),
 (1987,'0871','2020-06-25',115,'060238100','ELECTRICIDAD','590.00','Compensador'),
 (1988,'0180','2020-06-24',66,'060238500','MATERIALES','40863.00','Compensador'),
 (1989,'0090','2020-06-25',112,'060238100','MATERIALES','23200.00','Compensador'),
 (1990,'0361','2020-05-27',116,'060233200','MATERIALES','12250.00','Compensador'),
 (1991,'0362','2020-06-27',116,'060245200','MATERIALES','2410.00','Compensador'),
 (1992,'0147','2020-06-30',104,'060824000','GAS','3500.00','Compensador'),
 (1993,'0149','2020-07-17',104,'060959200','PLOMERÍA','9500.00','Compensador'),
 (1994,'0150','2020-07-17',104,'060959200','PLOMERÍA','10000.00','Compensador'),
 (1995,'0151','2020-07-17',104,'060238100','PLOMERÍA','9500.00','Compensador'),
 (1996,'0223','2020-07-01',87,'060610200','CORTE DE PASTO','7500.00','Compensador'),
 (1997,'0224','2020-07-16',87,'060238000','CORTE DE PASTO','6700.00','Compensador'),
 (1998,'0225','2020-07-16',87,'060940100','REPARACIONS GENERALES','23000.00','Compensador'),
 (1999,'0153','2020-07-28',104,'060238300','ELECTRICIDAD','19700.00','Compensador'),
 (2000,'05269','2020-03-12',106,'061511700','MATERIALES','8433.61','Compensador'),
 (2001,'05848','2020-05-20',106,'060245200','MATERIALES','278.19','Compensador'),
 (2002,'05918','2020-05-25',106,'060824000','MATERIALES','447.54','Compensador'),
 (2003,'06528','2020-07-11',106,'060959200','MATERIALES','4380.85','Compensador'),
 (2004,'06532','2020-07-14',106,'060959200','MATERIALES','165.04','Compensador'),
 (2005,'06533','2020-07-14',106,'060959200','MATERIALES','67.75','Compensador'),
 (2006,'06536','2020-07-14',106,'060233200','MATERIALES','15973.45','Compensador'),
 (2007,'06537','2020-07-14',106,'060233200','MATERIALES','1721.68','Compensador'),
 (2008,'06538','2020-07-14',106,'060233200','MATERIALES','724.21','Compensador'),
 (2009,'06539','2020-07-14',106,'060233200','MATERIALES','273.57','Compensador'),
 (2010,'06541','2020-07-14',106,'060238400','MATERIALES','7960.87','Compensador'),
 (2011,'06542','2020-07-14',106,'060238400','MATERIALES','170.64','Compensador'),
 (2012,'06544','2020-07-17',106,'060506000','MATERIALES','25403.82','Compensador'),
 (2013,'06545','2020-07-14',106,'060233200','MATERIALES','691.33','Compensador'),
 (2014,'06572','2020-07-15',106,'060959200','MATERIALES','7110.99','Compensador'),
 (2015,'06573','2020-07-15',106,'060238100','MATERIALES','19523.80','Compensador'),
 (2016,'06579','2020-07-15',106,'060238100','MATERIALES','205.08','Compensador'),
 (2017,'0704','2020-07-14',106,'060959200','MATERIALES','-833.36','Compensador'),
 (2018,'0007','2020-08-12',117,'061624300','REPARACIONS GENERALES','36000.00','Compensador'),
 (2019,'0013','2020-08-10',118,'060761500','PLOMERÍA','5000.00','Compensador'),
 (2020,'0209','2020-08-31',66,'060958900','MATERIALES','19699.00','Compensador'),
 (2021,'0226','2020-09-08',87,'060191100','REPARACIONS GENERALES','3200.00','Compensador'),
 (2022,'0227','2020-09-08',87,'060728300','CORTE DE PASTO','8200.00','Compensador'),
 (2023,'0036','2020-09-10',11,'060238500','REPARACIONS GENERALES','45000.00','Compensador'),
 (2024,'7347','2020-09-01',106,'061511700','MATERIALES','4824.84','Compensador'),
 (2025,'7295','2020-08-28',106,'061511700','MATERIALES','35621.12','Compensador'),
 (2026,'0098','2020-09-03',112,'062235900','MATERIALES','78700.00','Compensador'),
 (2027,'0158','2020-09-06',104,'060958900','REPARACIONS GENERALES','33500.00','Compensador'),
 (2028,'0061','2020-09-04',21,'060238000','PLOMERÍA','7400.00','Compensador'),
 (2029,'0229','2020-09-21',87,'060958600','PLOMERÍA','8500.00','Compensador'),
 (2030,'0230','2020-09-21',87,'060960400','REPARACIONS GENERALES','3400.00','Compensador'),
 (2031,'0228','2020-09-21',87,'060238200','REPARACIONS GENERALES','18500.00','Compensador'),
 (2032,'0100','2020-09-25',112,'060958900','ELECTRICIDAD','39900.00','Compensador'),
 (2033,'0062','2020-09-24',21,'060345500','PLOMERÍA','3400.00','Compensador'),
 (2034,'0231','2020-09-30',87,'060958900','REPARACIONS GENERALES','4800.00','Compensador'),
 (2035,'0232','2020-09-30',87,'060961100','REPARACIONS GENERALES','3200.00','Compensador'),
 (2036,'0233','2020-09-30',87,'061002200','REPARACIONS GENERALES','3000.00','Compensador'),
 (2037,'0039','2020-10-08',11,'061511700','PLOMERÍA','24000.00','Compensador'),
 (2038,'0040','2020-10-08',11,'060238500','REPARACIONS GENERALES','15000.00','Compensador'),
 (2039,'0063','2020-10-02',21,'060519700','PLOMERÍA','4200.00','Compensador'),
 (2040,'8071','2020-10-15',106,'060728300','PLOMERÍA','2049.45','Compensador'),
 (2041,'8037','2020-10-13',106,'060761500','MATERIALES','5467.95','Compensador'),
 (2042,'0160','2020-10-20',104,'060761500','REPARACIONS GENERALES','19500.00','Compensador'),
 (2043,'0161','2020-10-20',104,'060728300','PLOMERÍA','2500.00','Compensador'),
 (2044,'0480','2020-10-29',10,'060609500','PLOMERÍA','47782.00','Compensador'),
 (2045,'0481','2020-10-29',10,'061871300','PLOMERÍA','3807.19','Compensador'),
 (2046,'0482','2020-10-29',10,'060958600','PLOMERÍA','13770.48','Compensador'),
 (2047,'0483','2020-10-29',10,'060761500','PLOMERÍA','3555.07','Compensador'),
 (2048,'0485','2020-10-29',10,'060960500','PLOMERÍA','17915.12','Compensador'),
 (2049,'0487','2020-10-29',10,'060960500','PLOMERÍA','29462.08','Compensador'),
 (2050,'0065','2020-10-27',21,'061871300','PLOMERÍA','12300.00','Compensador'),
 (2051,'0066','2020-10-28',21,'060238000','PLOMERÍA','11300.00','Compensador'),
 (2052,'10671','2020-10-02',22,'060812900','PINTURA','22632.75','Compensador'),
 (2053,'8241','2020-10-26',106,'060609400','ELECTRICIDAD','10923.94','Compensador'),
 (2054,'8244','2020-10-26',106,'060609400','ELECTRICIDAD','72.71','Compensador'),
 (2055,'8310','2020-10-29',106,'060609400','ELECTRICIDAD','42812.62','Compensador'),
 (2056,'0242','2020-11-04',20,'062055400','CERRAJERIA','9100.00','Compensador'),
 (2057,'0609','2020-11-05',10,'060960500','PLOMERÍA','7280.17','Compensador'),
 (2058,'0610','2020-11-05',10,'062235800','PLOMERÍA','5828.29','Compensador'),
 (2059,'0611','2020-11-05',10,'061152500','PLOMERÍA','2072.50','Compensador'),
 (2060,'0612','2020-11-05',10,'062055400','PLOMERÍA','5840.09','Compensador'),
 (2061,'0613','2020-11-05',10,'062235800','PLOMERÍA','2424.18','Compensador'),
 (2062,'0234','2020-11-09',87,'061653900','REPARACIONS GENERALES','4600.00','Compensador'),
 (2063,'0236','2020-11-09',87,'060238400','REPARACIONS GENERALES','8200.00','Compensador'),
 (2064,'0237','2020-11-09',87,'061871100','CORTE DE PASTO','4700.00','Compensador'),
 (2065,'0238','2020-11-09',87,'060959000','REPARACIONS GENERALES','7200.00','Compensador'),
 (2066,'0239','2020-11-09',87,'062235800','REPARACIONS GENERALES','17600.00','Compensador'),
 (2067,'13375','2020-11-09',22,'060238500','PINTURA','13456.49','Compensador'),
 (2068,'0042','2020-11-10',11,'060958600','REPARACIONS GENERALES','29000.00','Compensador'),
 (2069,'0067','2020-11-02',21,'060609500','PLOMERÍA','15800.00','Compensador'),
 (2070,'0102','2020-11-13',112,'060245200','ELECTRICIDAD','4800.00','Compensador'),
 (2071,'0033','2020-11-11',111,'062235800','REPARACIONS GENERALES','40000.00','Compensador'),
 (2072,'0034','2020-11-16',111,'062235800','PLOMERÍA','5400.00','Compensador'),
 (2073,'0751','2020-11-12',10,'060610200','PLOMERÍA','4331.30','Compensador'),
 (2074,'0753','2020-11-12',10,'060959000','PLOMERÍA','1960.00','Compensador'),
 (2075,'0754','2020-11-12',10,'062235900','PLOMERÍA','26589.20','Compensador'),
 (2076,'0761','2020-11-12',10,'061152500','PLOMERÍA','2035.91','Compensador'),
 (2077,'0338','2020-11-11',121,'060233300','GAS','19200.00','Compensador'),
 (2078,'0043','2020-11-18',11,'060609500','REPARACIONS GENERALES','3000.00','Compensador'),
 (2079,'0044','2020-11-18',11,'060959000','REPARACIONS GENERALES','17000.00','Compensador'),
 (2080,'0235','2020-11-09',87,'061713000','REPARACIONS GENERALES','7500.00','Compensador'),
 (2082,'0242','2020-11-20',87,'062235800','REPARACIONS GENERALES','8200.00','Compensador'),
 (2083,'0241','2020-11-20',87,'060609500','REPARACIONS GENERALES','3800.00','Compensador'),
 (2084,'0484','2020-10-29',10,'061152500','MATERIALES','3468.65','Compensador'),
 (2085,'0892','2020-11-19',10,'062235800','MATERIALES','642.60','Compensador'),
 (2086,'0893','2020-11-19',10,'062235800','MATERIALES','550.96','Compensador'),
 (2087,'0068','2020-11-20',21,'060155000','PLOMERÍA','2500.00','Compensador'),
 (2088,'0070','2020-11-24',21,'060245400','PLOMERÍA','8300.00','Compensador'),
 (2089,'0103','2020-11-19',112,'060238200','ELECTRICIDAD','7800.00','Compensador'),
 (2090,'0104','2020-11-24',112,'060610200','ELECTRICIDAD','8600.00','Compensador'),
 (2091,'0001','2020-11-18',122,'061871000','PLOMERÍA','28000.00','Compensador'),
 (2092,'0069','2020-11-23',21,'060232700','PLOMERÍA','17800.00','Compensador'),
 (2093,'1005','2020-11-27',10,'061624300','MATERIALES','7736.64','Compensador'),
 (2094,'1006','2020-11-27',10,'060238300','MATERIALES','5584.86','Compensador'),
 (2095,'1007','2020-11-27',10,'061151900','MATERIALES','13448.36','Compensador'),
 (2096,'1008','2020-11-27',10,'061152400','MATERIALES','14082.08','Compensador'),
 (2097,'1009','2020-11-27',10,'060958600','MATERIALES','4988.10','Compensador'),
 (2098,'1011','2020-11-27',10,'060810800','MATERIALES','7156.11','Compensador'),
 (2099,'1012','2020-11-27',10,'060960400','MATERIALES','28291.43','Compensador'),
 (2100,'0072','2020-11-27',21,'060728300','PLOMERÍA','4800.00','Compensador'),
 (2101,'0073','2020-11-27',21,'060519600','PLOMERÍA','1700.00','Compensador'),
 (2102,'0074','2020-11-29',21,'061624300','PLOMERÍA','13500.00','Compensador'),
 (2103,'0076','2020-12-03',21,'060810700','PLOMERÍA','5800.00','Compensador'),
 (2104,'0077','2020-12-03',21,'060728300','PLOMERÍA','26500.00','Compensador'),
 (2105,'0078','2020-12-08',21,'060810700','PLOMERÍA','5700.00','Compensador'),
 (2106,'0079','2020-12-11',21,'060519700','PLOMERÍA','9500.00','Compensador'),
 (2107,'0004','2020-12-03',122,'060810800','REPARACIONS GENERALES','26000.00','Compensador'),
 (2108,'0003','2020-12-03',122,'060810800','REPARACIONS GENERALES','12000.00','Compensador'),
 (2109,'0002','2020-12-01',122,'061871000','REPARACIONS GENERALES','18000.00','Compensador'),
 (2110,'0105','2020-11-27',112,'060238400','ELECTRICIDAD','3500.00','Compensador'),
 (2111,'0106','2020-12-05',112,'060958900','ELECTRICIDAD','8500.00','Compensador'),
 (2112,'0108','2020-12-11',112,'060958600','ELECTRICIDAD','12500.00','Compensador'),
 (2113,'0110','2020-12-16',112,'061871300','ELECTRICIDAD','8500.00','Compensador'),
 (2114,'0045','2020-11-30',11,'060958600','REPARACIONS GENERALES','25000.00','Compensador'),
 (2115,'0046','2020-11-30',11,'060824000','PLOMERÍA','8800.00','Compensador'),
 (2116,'0250','2020-12-09',87,'060245300','CORTE DE PASTO','23200.00','Compensador'),
 (2117,'0035','2020-12-14',111,'060958900','REPARACIONS GENERALES','37000.00','Compensador'),
 (2118,'0003','2020-12-09',123,'060191100','REPARACIONS GENERALES','5000.00','Compensador'),
 (2119,'0002','2020-12-09',123,'061653900','REPARACIONS GENERALES','11400.00','Compensador'),
 (2120,'15059','2020-12-01',22,'060810800','PINTURA','17218.14','Compensador'),
 (2121,'0164','2020-11-25',104,'060233200','ELECTRICIDAD','17500.00','Compensador'),
 (2122,'0006','2020-12-28',123,'060609400','HERRERIA','41372.00','Compensador'),
 (2123,'1455','2020-12-24',10,'060609400','PLOMERÍA','3110.00','Compensador'),
 (2124,'1456','2020-12-24',10,'060233400','PLOMERÍA','28205.88','Compensador'),
 (2125,'1457','2020-12-24',10,'061713000','PLOMERÍA','66910.59','Compensador'),
 (2126,'1458','2020-12-24',10,'062092000','PLOMERÍA','6205.70','Compensador'),
 (2127,'1459','2020-12-24',10,'060233400','PLOMERÍA','758.54','Compensador'),
 (2128,'0047','2020-12-18',11,'060824000','REPARACIONS GENERALES','3600.00','Compensador'),
 (2129,'0115','2020-12-11',106,'060824000','MATERIALES','11896.11','Compensador'),
 (2130,'0118','2020-12-11',106,'060824000','MATERIALES','15634.68','Compensador'),
 (2131,'0005','2020-12-17',123,'062055400','REPARACIONS GENERALES','23750.00','Compensador'),
 (2132,'0111','2020-12-18',112,'062055400','ELECTRICIDAD','4300.00','Compensador'),
 (2133,'0112','2020-12-22',112,'062235900','ELECTRICIDAD','8200.00','Compensador'),
 (2134,'0006','2020-12-21',122,'060960400','REPARACIONS GENERALES','48000.00','Compensador'),
 (2135,'0007','2020-12-21',122,'061152400','PLOMERÍA','31000.00','Compensador'),
 (2136,'0008','2020-12-21',122,'061002200','PLOMERÍA','23000.00','Compensador'),
 (2137,'0267','2020-12-18',66,'061871300','ELECTRICIDAD','13994.00','Compensador'),
 (2138,'0268','2020-12-18',66,'062055400','ELECTRICIDAD','8675.50','Compensador'),
 (2139,'0080','2021-01-07',21,'061871300','PLOMERÍA','38000.00','Compensador'),
 (2140,'0081','2021-01-18',21,'060519700','PLOMERÍA','23000.00','Compensador'),
 (2141,'0009','2021-01-18',124,'061713000','PLOMERÍA','15000.00','Compensador'),
 (2142,'0010','2021-01-18',124,'061713000','PINTURA','8000.00','Compensador'),
 (2143,'0011','2021-01-19',124,'061713000','PINTURA','23000.00','Compensador'),
 (2144,'0012','2021-01-20',124,'061713000','PLOMERÍA','14000.00','Compensador'),
 (2145,'0013','2021-01-20',124,'061713000','REPARACIONS GENERALES','12000.00','Compensador'),
 (2146,'0392','2021-01-13',120,'060960500','MATERIALES','24845.00','Compensador'),
 (2147,'0393','2021-01-13',120,'060960500','MATERIALES','9800.00','Compensador'),
 (2148,'0394','2021-01-13',120,'060958600','MATERIALES','1400.00','Compensador'),
 (2149,'0395','2021-01-13',120,'060519700','MATERIALES','40050.00','Compensador'),
 (2150,'0049','2021-01-19',11,'060191100','REPARACIONS GENERALES','60000.00','Compensador'),
 (2151,'0009','2021-01-19',123,'060245600','REPARACIONS GENERALES','55781.40','Compensador'),
 (2152,'0010','2021-01-20',123,'060245200','REPARACIONS GENERALES','27850.00','Compensador'),
 (2153,'0009','2021-01-08',122,'060812900','REPARACIONS GENERALES','13500.00','Compensador'),
 (2154,'0010','2021-01-08',122,'060940200','REPARACIONS GENERALES','7000.00','Compensador'),
 (2155,'0011','2021-01-08',122,'060238200','REPARACIONS GENERALES','14500.00','Compensador'),
 (2156,'0012','2021-01-08',122,'060238300','REPARACIONS GENERALES','8500.00','Compensador'),
 (2157,'0013','2021-01-14',122,'060761500','REPARACIONS GENERALES','18000.00','Compensador'),
 (2158,'0113','2021-01-15',112,'060506000','ELECTRICIDAD','16300.00','Compensador'),
 (2159,'0007','2021-01-03',125,'062092000','PLOMERÍA','15000.00','Compensador'),
 (2160,'0008','2021-01-20',125,'061253500','PLOMERÍA','17000.00','Compensador'),
 (2161,'0255','2021-01-25',87,'060610200','CORTE DE PASTO','67000.00','Compensador'),
 (2162,'1736','2021-01-15',10,'061253500','MATERIALES','16066.82','Compensador'),
 (2163,'1737','2021-01-15',10,'061871300','MATERIALES','22498.51','Compensador'),
 (2164,'1738','2021-01-15',10,'060960500','MATERIALES','639.68','Compensador'),
 (2165,'1855','2021-01-21',10,'061253500','MATERIALES','18331.10','Compensador'),
 (2166,'1856','2021-01-21',10,'061253500','MATERIALES','3021.08','Compensador'),
 (2167,'0256','2021-02-08',87,'060811100','CORTE DE PASTO','17900.00','Compensador'),
 (2168,'0257','2021-02-08',87,'060232800','CORTE DE PASTO','15300.00','Compensador'),
 (2169,'0260','2021-02-10',87,'060610200','CORTE DE PASTO','35000.00','Compensador'),
 (2170,'0261','2021-02-10',87,'062235900','CORTE DE PASTO','8500.00','Compensador'),
 (2171,'0262','2021-02-10',87,'060519700','CORTE DE PASTO','7900.00','Compensador'),
 (2172,'0271','2021-02-01',20,'062092000','CERRAJERIA','4900.00','Compensador'),
 (2173,'0272','2021-02-01',20,'060245600','CERRAJERIA','7200.00','Compensador'),
 (2174,'0015','2021-02-02',124,'061713000','REPARACIONS GENERALES','11500.00','Compensador'),
 (2175,'0016','2021-02-05',124,'060245600','REPARACIONS GENERALES','28500.00','Compensador'),
 (2176,'0018','2021-02-09',124,'060325900','PINTURA','16500.00','Compensador'),
 (2177,'0008','2021-01-04',123,'060245600','REPARACIONS GENERALES','40000.00','Compensador'),
 (2178,'0011','2021-01-18',123,'060245600','REPARACIONS GENERALES','56282.00','Compensador'),
 (2179,'0012','2021-02-22',123,'060609400','REPARACIONS GENERALES','62300.00','Compensador'),
 (2180,'0013','2021-02-22',123,'061511700','REPARACIONS GENERALES','4200.00','Compensador'),
 (2181,'3892','2021-02-11',74,'060960500','MATAFUEGOS','24700.00','Compensador'),
 (2182,'3905','2021-02-12',74,'061253500','MATAFUEGOS','2850.00','Compensador'),
 (2183,'3906','2021-02-12',74,'061253500','MATAFUEGOS','1900.00','Compensador'),
 (2184,'3909','2021-02-12',74,'060959200','MATAFUEGOS','2850.00','Compensador'),
 (2185,'3911','2021-02-12',74,'060959000','MATAFUEGOS','2850.00','Compensador'),
 (2186,'3929','2021-02-17',74,'061152500','MATERIALES','4750.00','Compensador'),
 (2187,'3931','2021-02-17',74,'060958500','MATAFUEGOS','3800.00','Compensador'),
 (2188,'0284','2021-02-22',20,'060609400','CERRAJERIA','3660.00','Compensador'),
 (2189,'0285','2021-02-22',20,'060958600','CERRAJERIA','5600.00','Compensador'),
 (2190,'0286','2021-02-22',20,'060238500','CERRAJERIA','6800.00','Compensador'),
 (2191,'0287','2021-02-22',20,'060233100','CERRAJERIA','5600.00','Compensador'),
 (2192,'0288','2021-02-22',20,'060245300','CERRAJERIA','5600.00','Compensador'),
 (2193,'0289','2021-02-22',20,'061152400','CERRAJERIA','800.00','Compensador'),
 (2194,'0290','2021-02-22',20,'060233200','CERRAJERIA','800.00','Compensador'),
 (2195,'0291','2021-02-22',20,'060245600','CERRAJERIA','3050.00','Compensador'),
 (2196,'0015','2021-02-05',122,'060610200','REPARACIONS GENERALES','44000.00','Compensador'),
 (2197,'0016','2021-02-17',122,'060610200','REPARACIONS GENERALES','28000.00','Compensador'),
 (2198,'0144','2021-02-17',115,'060940100','ELECTRICIDAD','8257.94','Compensador'),
 (2199,'0158','2021-02-18',115,'061002200','ELECTRICIDAD','11153.58','Compensador'),
 (2200,'0020','2021-02-09',126,'061624300','REPARACIONS GENERALES','22500.00','Compensador'),
 (2201,'0021','2021-02-20',126,'060238300','PLOMERÍA','6800.00','Compensador'),
 (2202,'16925','2020-12-30',22,'061713000','PINTURA','3574.21','Compensador'),
 (2203,'18936','2021-02-05',22,'060958600','PINTURA','4854.90','Compensador'),
 (2204,'19885','2021-02-23',22,'061151900','PINTURA','18164.31','Compensador'),
 (2205,'20001','2021-02-25',22,'060958500','PINTURA','7196.38','Compensador'),
 (2206,'0019','2021-02-23',124,'060325900','REPARACIONS GENERALES','23000.00','Compensador'),
 (2207,'0020','2021-02-23',124,'060609400','REPARACIONS GENERALES','6000.00','Compensador'),
 (2208,'2066','2021-02-06',10,'060238100','MATERIALES','11506.50','Compensador'),
 (2209,'2069','2021-02-06',10,'060958600','MATERIALES','15789.00','Compensador'),
 (2210,'2070','2021-02-06',22,'060238100','MATERIALES','849.03','Compensador'),
 (2211,'2209','2021-02-13',22,'060825200','MATERIALES','3458.23','Compensador'),
 (2212,'2211','2021-02-13',22,'061253500','MATERIALES','3898.95','Compensador'),
 (2213,'2227','2021-02-13',22,'061002200','MATERIALES','3549.34','Compensador'),
 (2214,'0006','2020-12-30',125,'060233400','PLOMERÍA','12000.00','Compensador'),
 (2215,'0010','2021-02-09',125,'061253500','PLOMERÍA','3500.00','Compensador'),
 (2216,'0114','2021-02-22',112,'061152400','ELECTRICIDAD','4200.00','Compensador'),
 (2217,'0115','2021-02-04',112,'061152400','ELECTRICIDAD','9000.00','Compensador'),
 (2218,'0116','2021-02-10',112,'061653900','ELECTRICIDAD','6500.00','Compensador'),
 (2219,'0117','2021-02-19',112,'061152400','ELECTRICIDAD','14500.00','Compensador'),
 (2220,'0120','2021-02-23',112,'060961000','ELECTRICIDAD','7800.00','Compensador'),
 (2221,'0083','2021-02-11',127,'060519700','ALARMA','10500.00','Compensador'),
 (2223,'5979','2021-01-09',67,'061253500','VIDRIOS','5800.00','Compensador'),
 (2224,'5980','2021-01-09',67,'061152400','VIDRIOS','7900.00','Compensador'),
 (2225,'5981','2021-01-09',67,'061151900','VIDRIOS','3800.00','Compensador'),
 (2226,'5982','2021-01-09',67,'060609400','VIDRIOS','5100.00','Compensador'),
 (2227,'5983','2021-01-09',67,'060959000','VIDRIOS','3900.00','Compensador'),
 (2228,'5984','2021-01-09',67,'060961000','VIDRIOS','2100.00','Compensador'),
 (2229,'5985','2021-01-09',67,'060233000','VIDRIOS','16800.00','Compensador'),
 (2230,'5988','2021-02-21',67,'060506000','VIDRIOS','6800.00','Compensador'),
 (2231,'0083','2021-02-08',21,'060825200','PLOMERÍA','4850.00','Compensador'),
 (2232,'0086','2021-02-11',21,'060232700','PLOMERÍA','9800.00','Compensador'),
 (2233,'0089','2021-02-23',21,'060238000','PLOMERÍA','3800.00','Compensador'),
 (2234,'0118','2021-02-23',112,'060519700','ELECTRICIDAD','3500.00','Compensador'),
 (2235,'0121','2021-02-27',112,'060191100','ELECTRICIDAD','8500.00','Compensador'),
 (2236,'0122','2021-03-02',112,'061713000','ELECTRICIDAD','9500.00','Compensador'),
 (2237,'0123','2021-03-03',112,'061892000','ELECTRICIDAD','6500.00','Compensador'),
 (2238,'0401','2021-02-26',120,'060958600','MATERIALES','8400.00','Compensador'),
 (2239,'0402','2021-02-26',120,'061653900','MATERIALES','3050.00','Compensador'),
 (2240,'0403','2021-02-26',120,'060325900','MATERIALES','3150.00','Compensador'),
 (2241,'0404','2021-02-26',120,'061871100','MATERIALES','9675.00','Compensador'),
 (2242,'0405','2021-02-26',120,'061151900','MATERIALES','15255.00','Compensador'),
 (2243,'0406','2021-02-26',120,'060609400','MATERIALES','3200.00','Compensador'),
 (2244,'0407','2021-02-26',120,'061253500','MATERIALES','2250.00','Compensador'),
 (2245,'0408','2021-02-03',120,'060245600','MATERIALES','36970.00','Compensador'),
 (2246,'0090','2021-02-25',21,'060810700','PLOMERÍA','3200.00','Compensador'),
 (2247,'0091','2021-02-25',21,'060233200','PLOMERÍA','12000.00','Compensador'),
 (2248,'0092','2021-03-02',21,'060610200','PLOMERÍA','8500.00','Compensador'),
 (2249,'3930','2021-02-17',74,'060238000','MATAFUEGOS','2850.00','Compensador'),
 (2250,'3996','2021-03-03',74,'061151900','MATAFUEGOS','4750.00','Compensador'),
 (2251,'3997','2021-03-03',74,'060810800','MATAFUEGOS','950.00','Compensador'),
 (2252,'3999','2021-03-03',74,'060519700','MATAFUEGOS','5760.00','Compensador'),
 (2253,'2228','2021-03-13',10,'060609500','MATERIALES','68169.46','Compensador'),
 (2254,'2377','2021-02-25',10,'060810700','MATERIALES','1401.35','Compensador'),
 (2255,'2379','2021-02-13',10,'060958500','MATERIALES','5400.00','Compensador'),
 (2256,'2380','2021-02-25',10,'060958500','MATERIALES','28094.67','Compensador'),
 (2257,'2381','2021-02-25',10,'060958600','MATERIALES','597.45','Compensador'),
 (2258,'2383','2021-02-25',10,'061871100','MATERIALES','4121.38','Compensador'),
 (2259,'2378','2021-02-25',10,'061152500','MATERIALES','14909.60','Compensador'),
 (2260,'2382','2021-02-25',10,'060251500','MATERIALES','23024.65','Compensador'),
 (2261,'2384','2021-02-25',10,'060961000','MATERIALES','3377.80','Compensador'),
 (2262,'0002','2021-02-22',129,'060245700','ELECTRICIDAD','1900.00','Compensador'),
 (2263,'0003','2021-02-22',129,'061151900','ELECTRICIDAD','7600.00','Compensador'),
 (2264,'0004','2021-02-22',129,'061151900','ELECTRICIDAD','1600.00','Compensador'),
 (2265,'0003','2021-02-26',130,'060812900','REPARACIONS GENERALES','2200.00','Compensador'),
 (2266,'0004','2021-03-01',130,'060961100','REPARACIONS GENERALES','3600.00','Compensador'),
 (2267,'0005','2021-03-01',130,'062235800','REPARACIONS GENERALES','1600.00','Compensador'),
 (2268,'0006','2021-03-01',130,'061511700','REPARACIONS GENERALES','4400.00','Compensador'),
 (2269,'0007','2021-03-01',130,'060191100','REPARACIONS GENERALES','9000.00','Compensador'),
 (2270,'0292','2021-02-22',20,'060609400','CERRAJERIA','14700.00','Compensador'),
 (2271,'0016','2021-03-04',123,'060958600','REPARACIONS GENERALES','4500.00','Compensador'),
 (2272,'0010','2021-03-02',130,'060958600','REPARACIONS GENERALES','1100.00','Compensador'),
 (2273,'0011','2021-03-03',130,'060245200','REPARACIONS GENERALES','1100.00','Compensador'),
 (2274,'0025','2021-03-06',126,'060958500','REPARACIONS GENERALES','17200.00','Compensador'),
 (2275,'0026','2021-03-06',126,'060961000','REPARACIONS GENERALES','25300.00','Compensador'),
 (2276,'2494','2021-03-03',10,'060245500','MATERIALES','3248.00','Compensador'),
 (2277,'2499','2021-03-03',10,'060245300','MATERIALES','6934.50','Compensador'),
 (2278,'2505','2021-03-03',10,'060233300','MATERIALES','3809.17','Compensador'),
 (2279,'9927','2021-02-04',106,'060609400','MATERIALES','4653.46','Compensador'),
 (2280,'9928','2021-02-04',106,'060609400','MATERIALES','20942.01','Compensador'),
 (2281,'9929','2021-02-04',106,'060609400','MATERIALES','1405.69','Compensador'),
 (2282,'9987','2021-03-09',106,'060609400','MATERIALES','2534.56','Compensador'),
 (2283,'9995','2021-03-09',106,'060609400','MATERIALES','1308.09','Compensador'),
 (2284,'10048','2021-03-13',106,'060609400','MATERIALES','6910.92','Compensador'),
 (2285,'10089','2021-02-18',106,'060191100','MATERIALES','1985.39','Compensador'),
 (2286,'10103','2021-02-19',106,'060325900','MATERIALES','200.98','Compensador'),
 (2287,'10195','2021-02-24',106,'060958500','MATERIALES','9988.82','Compensador'),
 (2288,'10196','2021-02-24',106,'060961000','MATERIALES','6339.74','Compensador'),
 (2289,'10197','2021-02-24',106,'060610200','MATERIALES','3390.78','Compensador'),
 (2290,'10253','2021-03-01',106,'060610200','MATERIALES','3793.94','Compensador'),
 (2291,'10304','2021-03-03',106,'060761500','MATERIALES','14617.35','Compensador'),
 (2292,'0021','2021-03-10',124,'060609500','REPARACIONS GENERALES','12000.00','Compensador'),
 (2293,'0026','2021-03-11',124,'060245500','REPARACIONS GENERALES','16000.00','Compensador'),
 (2294,'0005','2021-03-11',129,'060238500','ELECTRICIDAD','25000.00','Compensador'),
 (2295,'0008','2021-03-02',130,'061624300','REPARACIONS GENERALES','1100.00','Compensador'),
 (2296,'0009','2021-03-02',130,'060345500','REPARACIONS GENERALES','1400.00','Compensador'),
 (2297,'0012','2021-03-03',130,'060238500','REPARACIONS GENERALES','1600.00','Compensador'),
 (2298,'0013','2021-03-03',130,'060238400','REPARACIONS GENERALES','1100.00','Compensador'),
 (2299,'0014','2021-03-03',130,'060940100','REPARACIONS GENERALES','1600.00','Compensador'),
 (2300,'0015','2021-03-09',130,'060191100','REPARACIONS GENERALES','11000.00','Compensador'),
 (2301,'0016','2021-03-09',130,'060824000','REPARACIONS GENERALES','1100.00','Compensador'),
 (2302,'0017','2021-03-09',130,'060345500','REPARACIONS GENERALES','19000.00','Compensador'),
 (2303,'4008','2021-03-05',74,'060761500','MATAFUEGOS','4750.00','Compensador'),
 (2304,'4010','2021-03-05',74,'061002200','MATAFUEGOS','2850.00','Compensador'),
 (2305,'4012','2021-03-05',74,'060245200','MATAFUEGOS','9600.00','Compensador'),
 (2306,'4013','2021-03-05',74,'061249500','MATAFUEGOS','3200.00','Compensador'),
 (2307,'4021','2021-03-05',74,'061249900','MATAFUEGOS','3800.00','Compensador'),
 (2308,'4023','2021-03-05',74,'062066100','MATAFUEGOS','950.00','Compensador'),
 (2309,'4037','2021-03-09',74,'061715400','MATAFUEGOS','1900.00','Compensador'),
 (2310,'4038','2021-03-09',74,'060830000','MATAFUEGOS','3150.00','Compensador'),
 (2311,'0124','2021-03-05',112,'060609400','ELECTRICIDAD','2200.00','Compensador'),
 (2312,'0125','2021-03-05',112,'060961000','ELECTRICIDAD','10300.00','Compensador'),
 (2313,'0051','2021-03-09',11,'060233400','REPARACIONS GENERALES','70000.00','Compensador'),
 (2314,'0052','2021-03-09',11,'060233400','REPARACIONS GENERALES','80000.00','Compensador'),
 (2315,'0037','2021-03-15',111,'060959000','REPARACIONS GENERALES','47000.00','Compensador'),
 (2316,'0022','2021-03-10',124,'060609400','REPARACIONS GENERALES','14000.00','Compensador'),
 (2317,'0017','2021-03-15',123,'060233400','REPARACIONS GENERALES','48100.00','Compensador'),
 (2318,'0093','2021-03-08',21,'060959200','PLOMERÍA','28000.00','Compensador'),
 (2319,'0084','2021-03-09',21,'060232900','PLOMERÍA','8000.00','Compensador'),
 (2320,'0270','2020-12-23',66,'060506000','ELECTRICIDAD','12076.00','Compensador'),
 (2321,'0280','2021-02-10',66,'061653900','ELECTRICIDAD','2434.00','Compensador'),
 (2322,'0281','2021-02-10',66,'060325900','ELECTRICIDAD','4038.00','Compensador'),
 (2323,'0291','2021-02-22',66,'061892000','ELECTRICIDAD','890.00','Compensador'),
 (2324,'0286','2021-03-18',66,'061151900','ELECTRICIDAD','1725.00','Compensador'),
 (2325,'2654','2021-02-08',114,'060958600','MATERIALES','20430.00','Compensador'),
 (2326,'0012','2021-02-24',125,'061152500','PLOMERÍA','7000.00','Compensador'),
 (2327,'0001','2020-11-24',131,'062055400','PLOMERÍA','11300.00','Compensador'),
 (2328,'0020','2021-03-02',122,'061151900','REPARACIONS GENERALES','16000.00','Compensador'),
 (2329,'0291','2021-03-15',132,'061511700','REPARACIONS GENERALES','12600.00','Compensador'),
 (2330,'4009','2021-03-05',74,'060245400','MATAFUEGOS','1900.00','Compensador'),
 (2331,'4015','2021-03-05',74,'060824000','MATAFUEGOS','9600.00','Compensador'),
 (2332,'4016','2021-03-05',74,'060940100','MATAFUEGOS','3800.00','Compensador'),
 (2333,'4017','2021-03-05',74,'060940200','MATAFUEGOS','1100.00','Compensador'),
 (2334,'4018','2021-03-05',74,'060238200','MATAFUEGOS','950.00','Compensador'),
 (2335,'4019','2021-03-05',74,'060825200','MATAFUEGOS','9300.00','Compensador'),
 (2336,'4020','2021-03-05',74,'061387200','MATAFUEGOS','7950.00','Compensador'),
 (2337,'4022','2021-03-05',74,'061511700','MATAFUEGOS','950.00','Compensador'),
 (2338,'4043','2021-03-10',74,'061491400','MATAFUEGOS','950.00','Compensador'),
 (2339,'4044','2021-03-10',74,'060233100','MATAFUEGOS','1900.00','Compensador'),
 (2340,'4045','2021-03-10',74,'060245300','MATAFUEGOS','1900.00','Compensador'),
 (2341,'4046','2021-03-10',74,'061511700','MATAFUEGOS','10450.00','Compensador'),
 (2342,'0411','2021-03-22',120,'060960500','MATERIALES','4540.00','Compensador'),
 (2343,'0412','2021-03-22',120,'060233400','MATERIALES','7600.00','Compensador'),
 (2344,'0413','2021-03-22',120,'060958500','MATERIALES','16410.00','Compensador'),
 (2345,'0095','2021-03-16',21,'060824000','PLOMERÍA','4200.00','Compensador'),
 (2346,'0019','2021-02-22',122,'060245700','PLOMERÍA','26000.00','Compensador'),
 (2347,'0018','2021-03-17',123,'060238400','REPARACIONS GENERALES','23300.00','Compensador'),
 (2348,'0019','2021-03-17',123,'060940100','ELECTRICIDAD','55100.00','Compensador'),
 (2349,'0316','2021-03-09',115,'060238400','ELECTRICIDAD','1786.00','Compensador'),
 (2350,'0317','2021-03-09',115,'060940100','ELECTRICIDAD','2292.00','Compensador'),
 (2351,'0376','2021-03-16',115,'061002200','ELECTRICIDAD','1052.00','Compensador'),
 (2352,'0450','2021-03-25',115,'061002200','ELECTRICIDAD','477.00','Compensador'),
 (2353,'0296','2021-03-03',66,'061151900','ELECTRICIDAD','6030.00','Compensador'),
 (2354,'0303','2021-03-08',66,'061713000','ELECTRODOMESTICOS','7028.00','Compensador'),
 (2355,'0308','2021-03-12',66,'061713000','ELECTRICIDAD','3032.00','Compensador'),
 (2356,'0028','2021-03-15',126,'060810700','REPARACIONS GENERALES','14600.00','Compensador'),
 (2357,'0030','2021-03-19',126,'062055400','REPARACIONS GENERALES','35000.00','Compensador'),
 (2358,'20493','2021-03-05',22,'060345500','PINTURA','28899.99','Compensador'),
 (2359,'20730','2021-03-09',22,'060345500','PINTURA','3966.12','Compensador'),
 (2360,'20752','2021-03-09',22,'060810700','PINTURA','1265.42','Compensador'),
 (2361,'20774','2021-03-10',22,'060238200','PINTURA','14167.11','Compensador'),
 (2362,'0027','2021-03-22',124,'060325900','ELECTRICIDAD','6500.00','Compensador'),
 (2363,'0127','2021-03-12',112,'060609500','ELECTRICIDAD','9500.00','Compensador'),
 (2364,'0128','2021-03-15',112,'060609500','ELECTRICIDAD','7800.00','Compensador'),
 (2365,'0006','2021-03-22',129,'060958600','ELECTRICIDAD','9600.00','Compensador'),
 (2366,'0007','2021-03-22',129,'060233400','ELECTRICIDAD','2200.00','Compensador'),
 (2367,'0008','2021-03-25',129,'061870900','ELECTRICIDAD','3500.00','Compensador'),
 (2368,'0009','2021-03-26',129,'061511700','ELECTRICIDAD','4500.00','Compensador'),
 (2369,'0720','2021-03-11',19,'060610200','MATAFUEGOS','7600.00','Compensador'),
 (2370,'0721','2021-03-11',19,'060728300','MATAFUEGOS','3800.00','Compensador'),
 (2371,'0316','2021-03-31',20,'060238300','CERRAJERIA','1300.00','Compensador'),
 (2372,'0317','2021-03-31',20,'060940100','CERRAJERIA','12400.00','Compensador'),
 (2373,'0318','2021-03-31',20,'060824000','CERRAJERIA','13200.00','Compensador'),
 (2374,'0098','2021-04-05',21,'060232900','PLOMERÍA','9800.00','Compensador'),
 (2375,'20166','2021-02-27',22,'060191100','PINTURA','1788.35','Compensador'),
 (2376,'20440','2021-03-04',22,'060233400','PINTURA','9956.06','Compensador'),
 (2377,'21274','2021-03-19',22,'060238100','PINTURA','7691.40','Compensador'),
 (2378,'21275','2021-03-19',22,'060233200','PINTURA','12240.13','Compensador'),
 (2379,'0738','2021-04-08',19,'060960400','MATAFUEGOS','1900.00','Compensador'),
 (2380,'0739','2021-04-08',19,'060233300','MATAFUEGOS','11400.00','Compensador'),
 (2381,'4047','2021-03-10',74,'060233000','MATAFUEGOS','2850.00','Compensador'),
 (2382,'4048','2021-03-10',74,'060232900','MATAFUEGOS','1900.00','Compensador'),
 (2383,'4049','2021-03-10',74,'060961100','MATAFUEGOS','1900.00','Compensador'),
 (2384,'4057','2021-03-12',74,'060609500','MATAFUEGOS','9500.00','Compensador'),
 (2385,'4059','2021-03-12',74,'062198500','MATAFUEGOS','2850.00','Compensador'),
 (2386,'4060','2021-03-12',74,'060238300','MATAFUEGOS','4200.00','Compensador'),
 (2387,'4072','2021-03-15',74,'060325900','MATAFUEGOS','1750.00','Compensador'),
 (2388,'4075','2021-03-16',74,'060245500','MATAFUEGOS','1900.00','Compensador'),
 (2389,'4078','2021-03-16',74,'061653900','MATAFUEGOS','950.00','Compensador'),
 (2390,'4079','2021-03-16',74,'061624300','MATAFUEGOS','3800.00','Compensador'),
 (2391,'4094','2021-03-19',74,'060812900','MATAFUEGOS','3950.00','Compensador'),
 (2392,'4095','2021-03-19',74,'060245700','MATAFUEGOS','1900.00','Compensador'),
 (2393,'4096','2021-03-19',74,'060232800','MATAFUEGOS','1900.00','Compensador'),
 (2394,'0031','2021-03-31',130,'060233200','REPARACIONS GENERALES','16000.00','Compensador'),
 (2395,'0032','2021-04-19',130,'060961100','REPARACIONS GENERALES','12000.00','Compensador'),
 (2396,'0033','2021-04-07',130,'062055400','REPARACIONS GENERALES','17000.00','Compensador'),
 (2397,'0088','2021-04-07',127,'061871100','ELECTRICIDAD','5350.00','Compensador'),
 (2398,'2658','2021-03-11',10,'060960500','MATERIALES','1402.35','Compensador');
INSERT INTO `factura` (`idFactura`,`Numero`,`Fecha`,`IdProveedor`,`Cue`,`Rubro`,`Monto`,`Cuenta`) VALUES 
 (2399,'2660','2021-03-11',10,'060959200','MATERIALES','26290.40','Compensador'),
 (2400,'2887','2021-03-26',10,'060233200','MATERIALES','93626.97','Compensador'),
 (2401,'2888','2021-03-26',10,'060233400','MATERIALES','1389.24','Compensador'),
 (2402,'0020','2021-03-26',123,'061002200','ELECTRICIDAD','49500.00','Compensador'),
 (2403,'0031','2021-04-09',126,'060958500','PLOMERÍA','24700.00','Compensador'),
 (2404,'0276','2021-03-04',115,'060238400','ELECTRICIDAD','7480.00','Compensador'),
 (2405,'0311','2021-03-16',66,'060609500','ELECTRICIDAD','12570.00','Compensador'),
 (2406,'0314','2021-03-19',66,'061870900','ELECTRICIDAD','3073.00','Compensador'),
 (2407,'0315','2021-03-19',66,'060233400','ELECTRICIDAD','965.00','Compensador'),
 (2408,'0316','2021-03-19',66,'060812900','ELECTRICIDAD','5284.00','Compensador'),
 (2409,'0309','2021-03-29',20,'060238500','CERRAJERIA','3200.00','Compensador'),
 (2410,'0310','2021-03-29',20,'062092000','CERRAJERIA','4000.00','Compensador'),
 (2411,'0311','2021-03-29',20,'060961100','CERRAJERIA','7900.00','Compensador'),
 (2412,'0312','2021-03-29',20,'060233400','CERRAJERIA','4000.00','Compensador'),
 (2413,'0313','2021-03-29',20,'060245500','CERRAJERIA','4500.00','Compensador'),
 (2414,'0314','2021-03-29',20,'060830000','CERRAJERIA','3200.00','Compensador'),
 (2415,'0315','2021-03-29',20,'060245600','CERRAJERIA','24000.00','Compensador'),
 (2416,'6405','2020-08-04',22,'060232900','PINTURA','11873.85','Compensador'),
 (2417,'0002','2021-02-25',22,'060961000','PINTURA','39050.83','Compensador'),
 (2418,'0321','2021-03-29',66,'061713000','ELECTRICIDAD','977.00','Compensador'),
 (2419,'0324','2021-04-06',66,'061892000','ELECTRICIDAD','2685.00','Compensador'),
 (2420,'0334','2021-04-14',66,'060958600','ELECTRICIDAD','14137.60','Compensador'),
 (2421,'3354','2021-04-22',10,'060345500','PLOMERÍA','1140.00','Compensador'),
 (2422,'3355','2021-04-22',10,'060812900','PLOMERÍA','2474.00','Compensador'),
 (2423,'3358','2021-04-22',10,'060233500','PINTURA','1440.00','Compensador'),
 (2424,'3359','2021-04-22',10,'060824000','PLOMERÍA','3460.80','Compensador'),
 (2425,'3360','2021-04-22',10,'060245200','PLOMERÍA','9596.00','Compensador'),
 (2426,'3363','2021-04-22',10,'062092000','PLOMERÍA','5372.30','Compensador'),
 (2427,'0131','2021-04-06',112,'060959200','ELECTRICIDAD','6800.00','Compensador'),
 (2428,'0132','2021-04-07',112,'061713000','ELECTRICIDAD','59000.00','Compensador'),
 (2429,'0419','2021-04-19',120,'061152400','MATERIALES','2050.00','Compensador'),
 (2430,'0421','2021-04-19',120,'060959000','MATERIALES','3850.00','Compensador'),
 (2431,'0034','2021-04-13',130,'060609500','REPARACIONS GENERALES','1500.00','Compensador'),
 (2432,'0038','2021-04-14',130,'062055400','REPARACIONS GENERALES','12000.00','Compensador'),
 (2433,'0039','2021-04-14',130,'060761500','REPARACIONS GENERALES','1500.00','Compensador'),
 (2434,'0040','2021-04-19',130,'061253500','REPARACIONS GENERALES','23000.00','Compensador'),
 (2435,'0041','2021-04-19',130,'061892000','REPARACIONS GENERALES','8000.00','Compensador'),
 (2436,'0042','2021-04-19',130,'060238100','REPARACIONS GENERALES','34000.00','Compensador'),
 (2437,'0030','2021-04-09',122,'061636300','REPARACIONS GENERALES','22000.00','Compensador'),
 (2438,'0032','2021-04-09',122,'060238200','REPARACIONS GENERALES','28000.00','Compensador'),
 (2439,'0033','2021-04-13',122,'061151900','REPARACIONS GENERALES','14000.00','Compensador'),
 (2441,'034','2021-04-19',130,'060810800','REPARACIONS GENERALES','10700.00','Compensador'),
 (2442,'4172','2021-04-12',74,'060191100','MATAFUEGOS','3300.00','Compensador'),
 (2443,'4173','2021-04-12',74,'060238500','MATAFUEGOS','5500.00','Compensador'),
 (2444,'0031','2021-04-14',124,'060191100','REPARACIONS GENERALES','8000.00','Compensador'),
 (2445,'0038','2021-04-19',111,'060959000','REPARACIONS GENERALES','27000.00','Compensador'),
 (2446,'0022','2021-04-29',123,'060233400','REPARACIONS GENERALES','4200.00','Compensador'),
 (2447,'0023','2021-05-01',123,'060961100','REPARACIONS GENERALES','35000.00','Compensador'),
 (2448,'0175','2021-04-14',104,'060609400','PINTURA','3200.00','Compensador'),
 (2449,'0268','2021-04-12',87,'060961100','CORTE DE PASTO','2600.00','Compensador'),
 (2450,'0269','2021-04-12',87,'060958900','COMBUSTIBLE','6500.00','Compensador'),
 (2451,'0065','2021-05-06',133,'061249900','PLOMERÍA','44800.00','Compensador'),
 (2452,'0053','2021-04-20',11,'060233400','REPARACIONS GENERALES','45000.00','Compensador'),
 (2453,'0133','2021-04-27',112,'060961100','ELECTRICIDAD','15600.00','Compensador'),
 (2454,'0035','2021-04-26',122,'061653900','PLOMERÍA','15300.00','Compensador'),
 (2455,'0036','2021-04-26',122,'060238500','PLOMERÍA','11200.00','Compensador'),
 (2456,'0037','2021-04-26',122,'060506000','PLOMERÍA','8000.00','Compensador'),
 (2457,'0038','2021-04-27',122,'061249500','PLOMERÍA','23100.00','Compensador'),
 (2458,'0040','2021-05-06',122,'061511700','PLOMERÍA','7600.00','Compensador'),
 (2459,'0015','2021-04-20',125,'060824000','REPARACIONS GENERALES','15000.00','Compensador'),
 (2460,'0016','2021-04-20',125,'060233500','PLOMERÍA','13000.00','Compensador'),
 (2461,'0033','2021-04-27',124,'060245500','ELECTRICIDAD','30000.00','Compensador'),
 (2462,'0035','2021-05-03',124,'061249900','ELECTRICIDAD','11000.00','Compensador'),
 (2463,'0036','2021-05-03',124,'060940100','PLOMERÍA','7000.00','Compensador'),
 (2464,'0136','2021-05-03',112,'061152400','ELECTRICIDAD','5800.00','Compensador'),
 (2465,'6006','2021-04-19',67,'060519700','VIDRIOS','6500.00','Compensador'),
 (2466,'0100','2021-04-21',21,'060238000','PLOMERÍA','8500.00','Compensador'),
 (2467,'0038','2021-05-11',124,'061249900','ELECTRICIDAD','7000.00','Compensador'),
 (2468,'0014','2021-05-13',129,'060609400','ELECTRICIDAD','2000.00','Compensador'),
 (2469,'0029','2021-04-09',122,'061871100','REPARACIONS GENERALES','34000.00','Compensador'),
 (2470,'0034','2021-04-26',122,'060610200','REPARACIONS GENERALES','26000.00','Compensador'),
 (2471,'0039','2021-05-04',122,'061253500','PLOMERÍA','19400.00','Compensador'),
 (2472,'0041','2021-05-06',122,'060238300','PLOMERÍA','9300.00','Compensador'),
 (2473,'0270','2021-05-03',87,'060519700','CORTE DE PASTO','6500.00','Compensador'),
 (2474,'0271','2021-05-03',87,'060812900','CORTE DE PASTO','6500.00','Compensador'),
 (2475,'0272','2021-05-26',87,'060325900','CORTE DE PASTO','6500.00','Compensador'),
 (2476,'0273','2021-05-26',87,'062235900','CORTE DE PASTO','6000.00','Compensador'),
 (2477,'0274','2021-05-26',87,'061871100','REPARACIONS GENERALES','20000.00','Compensador'),
 (2478,'0138','2021-05-18',112,'060728300','ELECTRICIDAD','3500.00','Compensador'),
 (2479,'0137','2021-05-18',112,'060825200','ELECTRICIDAD','8500.00','Compensador'),
 (2480,'0139','2021-05-18',112,'060506000','ELECTRICIDAD','3500.00','Compensador'),
 (2481,'0140','2021-05-19',112,'060961100','ELECTRICIDAD','7200.00','Compensador'),
 (2482,'0141','2021-05-21',112,'060810800','ELECTRICIDAD','3000.00','Compensador'),
 (2483,'0039','2021-05-17',111,'060959000','REPARACIONS GENERALES','35000.00','Compensador'),
 (2484,'0040','2021-05-17',111,'060959000','REPARACIONS GENERALES','35000.00','Compensador'),
 (2485,'0035','2021-05-06',126,'060245200','REPARACIONS GENERALES','8600.00','Compensador'),
 (2486,'0036','2021-05-06',126,'060610200','REPARACIONS GENERALES','23700.00','Compensador'),
 (2487,'0043','2021-04-26',130,'060810800','REPARACIONS GENERALES','3500.00','Compensador'),
 (2488,'0045','2021-04-26',130,'060940100','REPARACIONS GENERALES','1600.00','Compensador'),
 (2489,'0046','2021-04-26',130,'060238400','REPARACIONS GENERALES','1600.00','Compensador'),
 (2490,'0047','2021-04-26',130,'060958900','REPARACIONS GENERALES','1600.00','Compensador'),
 (2491,'0048','2021-04-26',130,'061624300','REPARACIONS GENERALES','1600.00','Compensador'),
 (2492,'0050','2021-05-17',130,'061151900','REPARACIONS GENERALES','1900.00','Compensador'),
 (2493,'0053','2021-05-18',130,'060519600','REPARACIONS GENERALES','1600.00','Compensador'),
 (2494,'0054','2021-05-18',130,'060958600','REPARACIONS GENERALES','1600.00','Compensador'),
 (2495,'0055','2021-05-18',130,'060824000','REPARACIONS GENERALES','9000.00','Compensador'),
 (2496,'058','2021-05-18',130,'060761500','REPARACIONS GENERALES','2000.00','Compensador'),
 (2497,'0065','2021-05-19',130,'061249900','REPARACIONS GENERALES','1600.00','Compensador'),
 (2498,'0069','2021-05-20',130,'060238400','REPARACIONS GENERALES','34000.00','Compensador'),
 (2499,'0328','2021-04-14',66,'060958500','MATERIALES','7785.00','Compensador'),
 (2500,'0329','2021-04-14',66,'060961000','MATERIALES','4667.00','Compensador'),
 (2501,'0330','2021-04-14',66,'060245500','MATERIALES','738.61','Compensador'),
 (2502,'0331','2021-04-14',66,'060959200','MATERIALES','2950.00','Compensador'),
 (2503,'0332','2021-04-14',66,'061713000','MATERIALES','18360.80','Compensador'),
 (2504,'0333','2021-04-14',66,'061713000','MATERIALES','1770.00','Compensador'),
 (2505,'0366','2021-05-19',66,'060810800','MATERIALES','1770.00','Compensador'),
 (2506,'0054','2021-05-13',11,'060609500','PLOMERÍA','17000.00','Compensador'),
 (2507,'0029','2021-05-24',123,'061624300','GAS','9800.00','Compensador'),
 (2508,'0370','2021-05-21',66,'060728300','MATERIALES','3935.00','Compensador'),
 (2509,'0371','2021-05-21',66,'060959200','MATERIALES','4249.00','Compensador'),
 (2510,'0372','2021-05-21',66,'061249900','MATERIALES','1670.00','Compensador'),
 (2511,'0373','2021-05-21',66,'060961100','MATERIALES','8929.00','Compensador'),
 (2512,'0420','2021-04-19',120,'061152400','MATERIALES','4150.00','Compensador'),
 (2513,'0426','2021-05-11',120,'060824000','MATERIALES','24850.00','Compensador'),
 (2514,'0427','2021-05-11',120,'060959000','MATERIALES','4025.00','Compensador'),
 (2515,'0037','2021-06-04',126,'060958500','REPARACIONS GENERALES','39600.00','Compensador'),
 (2516,'0040','2021-06-06',126,'060961000','REPARACIONS GENERALES','26500.00','Compensador'),
 (2517,'0015','2021-06-01',129,'060610200','ELECTRICIDAD','24000.00','Compensador'),
 (2518,'2684','2021-05-31',114,'060506000','MATERIALES','18400.00','Compensador'),
 (2519,'3089','2021-04-08',10,'062092000','MATERIALES','20659.50','Compensador'),
 (2520,'3091','2021-04-08',10,'061152400','MATERIALES','7688.30','Compensador'),
 (2521,'3232','2021-04-15',10,'060812900','MATERIALES','26296.00','Compensador'),
 (2522,'3362','2021-04-22',10,'061151900','MATERIALES','24798.50','Compensador'),
 (2523,'3364','2021-04-22',10,'061653900','MATERIALES','10644.38','Compensador'),
 (2524,'3365','2021-04-22',10,'060238300','MATERIALES','16342.50','Compensador'),
 (2525,'3610','2021-05-07',10,'060245500','MATERIALES','1854.00','Compensador'),
 (2526,'3612','2021-05-07',10,'060245500','MATERIALES','287.00','Compensador'),
 (2527,'3613','2021-05-07',10,'061624300','MATERIALES','5686.00','Compensador'),
 (2528,'0049','2021-05-17',130,'060959000','REPARACIONS GENERALES','2000.00','Compensador'),
 (2529,'0056','2021-05-18',130,'060506000','REPARACIONS GENERALES','9500.00','Compensador'),
 (2530,'0059','2021-05-19',130,'060519700','REPARACIONS GENERALES','8500.00','Compensador'),
 (2531,'0066','2021-05-19',130,'060245700','REPARACIONS GENERALES','1600.00','Compensador'),
 (2532,'0068','2021-05-19',130,'060961000','REPARACIONS GENERALES','1600.00','Compensador'),
 (2533,'0070','2021-05-26',130,'060761500','REPARACIONS GENERALES','1600.00','Compensador'),
 (2534,'0071','2021-05-26',130,'061624300','REPARACIONS GENERALES','1600.00','Compensador'),
 (2535,'0072','2021-05-26',130,'060812900','REPARACIONS GENERALES','1600.00','Compensador'),
 (2536,'0073','2021-05-26',130,'060961100','REPARACIONS GENERALES','1600.00','Compensador'),
 (2537,'0074','2021-05-26',130,'060191100','REPARACIONS GENERALES','1600.00','Compensador'),
 (2538,'0075','2021-05-27',130,'060609500','REPARACIONS GENERALES','1600.00','Compensador'),
 (2539,'0076','2021-05-27',130,'060238100','REPARACIONS GENERALES','1600.00','Compensador'),
 (2540,'0077','2021-05-28',130,'060233200','REPARACIONS GENERALES','1600.00','Compensador'),
 (2541,'0078','2021-05-28',130,'061002200','REPARACIONS GENERALES','1600.00','Compensador'),
 (2542,'4293','2021-05-28',74,'060961100','MATAFUEGOS','1100.00','Compensador'),
 (2543,'0031','2021-06-13',123,'061871300','REPARACIONS GENERALES','10700.00','Compensador'),
 (2544,'0032','2021-06-22',123,'062208400','REPARACIONS GENERALES','7500.00','Compensador'),
 (2545,'0033','2021-06-30',123,'061151900','REPARACIONS GENERALES','5500.00','Compensador'),
 (2546,'0352','2021-06-09',20,'061871300','CERRAJERIA','5050.00','Compensador'),
 (2547,'0353','2021-06-09',20,'060824000','REPARACIONS GENERALES','4800.00','Compensador'),
 (2548,'0354','2021-06-09',20,'060812900','CERRAJERIA','2100.00','Compensador'),
 (2549,'0101','2021-05-05',21,'060233400','REPARACIONS GENERALES','4800.00','Compensador'),
 (2550,'0102','2021-05-18',21,'060519700','REPARACIONS GENERALES','2300.00','Compensador'),
 (2551,'0103','2021-05-19',21,'060232900','REPARACIONS GENERALES','3800.00','Compensador'),
 (2552,'3611','2021-05-07',10,'060609400','MATERIALES','1200.00','Compensador'),
 (2553,'3614','2021-05-07',10,'062092000','MATERIALES','756.00','Compensador'),
 (2554,'3615','2021-05-07',10,'060961100','MATERIALES','697.00','Compensador'),
 (2555,'0142','2021-06-05',112,'060958500','ELECTRICIDAD','10500.00','Compensador'),
 (2556,'0143','2021-06-08',112,'060959200','ELECTRICIDAD','16300.00','Compensador'),
 (2557,'0051','2021-06-08',122,'061151900','PINTURA','26000.00','Compensador'),
 (2558,'0043','2021-06-17',124,'060245600','REPARACIONS GENERALES','20000.00','Compensador'),
 (2559,'0008','2021-05-26',126,'061491400','FUMIGACION','5000.00','Compensador'),
 (2560,'0009','2021-06-22',126,'060961100','FUMIGACION','8000.00','Compensador'),
 (2561,'0016','2021-06-10',129,'060610200','ELECTRICIDAD','2000.00','Compensador'),
 (2562,'0060','2021-05-19',130,'061152400','REPARACIONS GENERALES','1600.00','Compensador'),
 (2563,'0063','2021-05-19',130,'062235900','REPARACIONS GENERALES','1600.00','Compensador'),
 (2564,'0064','2021-05-19',130,'060238500','REPARACIONS GENERALES','1600.00','Compensador'),
 (2565,'0067','2021-05-19',130,'060238200','REPARACIONS GENERALES','1600.00','Compensador'),
 (2566,'0079','2021-05-31',130,'060940100','REPARACIONS GENERALES','1600.00','Compensador'),
 (2567,'0080','2021-06-03',130,'060245700','REPARACIONS GENERALES','4800.00','Compensador'),
 (2568,'0081','2021-06-08',130,'060959000','REPARACIONS GENERALES','1600.00','Compensador'),
 (2569,'0082','2021-06-08',130,'061892000','REPARACIONS GENERALES','1600.00','Compensador'),
 (2570,'0083','2021-06-08',130,'060959200','REPARACIONS GENERALES','2000.00','Compensador'),
 (2571,'0084','2021-06-08',130,'060810800','REPARACIONS GENERALES','1600.00','Compensador'),
 (2572,'0085','2021-06-08',130,'060958900','REPARACIONS GENERALES','1600.00','Compensador'),
 (2573,'0086','2021-06-10',130,'061151900','REPARACIONS GENERALES','1600.00','Compensador'),
 (2574,'0087','2021-06-10',130,'061511700','REPARACIONS GENERALES','1600.00','Compensador'),
 (2575,'0088','2021-06-10',130,'060238300','REPARACIONS GENERALES','1600.00','Compensador'),
 (2576,'0089','2021-06-10',130,'060824000','REPARACIONS GENERALES','1600.00','Compensador'),
 (2577,'0090','2021-06-16',130,'060961000','REPARACIONS GENERALES','1600.00','Compensador'),
 (2578,'0829','2021-05-21',115,'062092000','MATERIALES','2116.80','Compensador'),
 (2579,'0046','2021-06-03',122,'061151900','PLOMERÍA','27300.00','Compensador'),
 (2580,'0047','2021-06-03',122,'060810800','PLOMERÍA','18000.00','Compensador'),
 (2581,'0048','2021-06-03',122,'061002200','PLOMERÍA','7000.00','Compensador'),
 (2582,'0044','2021-06-27',126,'060811100','ELECTRICIDAD','93700.00','Compensador'),
 (2583,'0018','2021-06-23',129,'062055400','ELECTRICIDAD','12100.00','Compensador'),
 (2584,'4275','2021-06-16',10,'061151900','MATERIALES','6916.50','Compensador'),
 (2585,'0145','2021-06-25',112,'060609500','ELECTRICIDAD','25500.00','Compensador'),
 (2586,'0367','2021-07-05',20,'060810800','CERRAJERIA','1500.00','Compensador'),
 (2587,'0368','2021-07-05',20,'060959200','CERRAJERIA','18350.00','Compensador'),
 (2588,'0369','2021-07-05',20,'060519700','CERRAJERIA','6100.00','Compensador'),
 (2589,'11552','2021-05-21',106,'061624300','MATERIALES','8801.03','Compensador'),
 (2590,'11561','2021-05-21',106,'061152400','MATERIALES','297.16','Compensador'),
 (2591,'11618','2021-05-27',106,'060238100','MATERIALES','1925.71','Compensador'),
 (2592,'11680','2021-06-01',106,'061511700','MATERIALES','7555.65','Compensador'),
 (2593,'11711','2021-06-03',106,'061636300','MATERIALES','6133.67','Compensador'),
 (2594,'11945','2021-06-18',106,'060233500','MATERIALES','2222.32','Compensador'),
 (2595,'12008','2021-06-24',106,'061713000','MATERIALES','32089.15','Compensador'),
 (2596,'12104','2021-06-30',106,'060519600','MATERIALES','1426.56','Compensador'),
 (2597,'12105','2021-06-30',106,'060961000','MATERIALES','2675.43','Compensador'),
 (2598,'0144','2021-06-18',112,'061511700','ELECTRICIDAD','36800.00','Compensador'),
 (2599,'0034','2021-07-01',123,'060233200','REPARACIONS GENERALES','14500.00','Compensador'),
 (2600,'0035','2021-07-01',123,'060191100','HERRERIA','39370.00','Compensador'),
 (2601,'0020','2021-06-30',125,'060191100','PLOMERÍA','20000.00','Compensador'),
 (2602,'0036','2021-07-04',123,'062092000','ELECTRICIDAD','44165.00','Compensador'),
 (2603,'0037','2021-07-04',123,'061002200','REPARACIONS GENERALES','16500.00','Compensador'),
 (2604,'0020','2021-06-28',134,'060940100','VIDRIOS','5800.00','Compensador'),
 (2605,'0021','2021-06-28',134,'060728300','VIDRIOS','2800.00','Compensador'),
 (2606,'0022','2021-06-28',134,'061871300','VIDRIOS','2620.00','Compensador'),
 (2607,'0024','2021-06-30',134,'061151900','VIDRIOS','12000.00','Compensador'),
 (2608,'0355','2021-05-12',66,'061871100','ELECTRICIDAD','9959.00','Compensador'),
 (2609,'359','2021-05-15',66,'061871100','ELECTRICIDAD','790.00','Compensador'),
 (2610,'0379','2021-05-31',66,'061871100','ELECTRICIDAD','1995.00','Compensador'),
 (2611,'0396','2021-07-01',66,'062055400','ELECTRICIDAD','9954.00','Compensador'),
 (2612,'0397','2021-07-01',66,'062055400','ELECTRICIDAD','2260.00','Compensador'),
 (2613,'0398','2021-07-01',66,'060609400','ELECTRICIDAD','499.00','Compensador'),
 (2614,'0400','2021-07-01',66,'060233400','ELECTRICIDAD','4350.00','Compensador'),
 (2615,'0146','2021-07-02',112,'060961000','ELECTRICIDAD','6800.00','Compensador'),
 (2616,'0147','2021-07-06',112,'060728300','ELECTRICIDAD','9500.00','Compensador'),
 (2617,'0148','2021-07-06',112,'061511700','ELECTRICIDAD','3400.00','Compensador'),
 (2618,'0149','2021-07-07',112,'060519700','ELECTRICIDAD','4300.00','Compensador'),
 (2619,'0019','2021-07-06',129,'061871100','ELECTRICIDAD','28800.00','Compensador'),
 (2620,'0020','2021-07-12',129,'060233400','ELECTRICIDAD','5000.00','Compensador'),
 (2621,'0062','2021-05-19',130,'060345500','REPARACIONS GENERALES','1600.00','Compensador'),
 (2622,'0092','2021-06-23',130,'061624300','REPARACIONS GENERALES','1600.00','Compensador'),
 (2623,'0093','2021-06-23',130,'061152400','REPARACIONS GENERALES','1600.00','Compensador'),
 (2624,'0094','2021-06-23',130,'060238500','REPARACIONS GENERALES','1600.00','Compensador'),
 (2625,'0095','2021-06-23',130,'062235900','REPARACIONS GENERALES','1600.00','Compensador'),
 (2626,'0096','2021-06-23',130,'060238200','REPARACIONS GENERALES','1600.00','Compensador'),
 (2627,'0097','2021-06-28',130,'060191100','REPARACIONS GENERALES','1600.00','Compensador'),
 (2628,'0099','2021-07-07',130,'060761500','REPARACIONS GENERALES','1600.00','Compensador'),
 (2629,'0100','2021-07-07',130,'062055400','REPARACIONS GENERALES','1600.00','Compensador'),
 (2630,'0101','2021-07-07',130,'060238400','REPARACIONS GENERALES','1600.00','Compensador'),
 (2631,'0102','2021-07-07',130,'060940100','REPARACIONS GENERALES','1600.00','Compensador'),
 (2632,'0103','2021-07-07',130,'060245700','REPARACIONS GENERALES','1600.00','Compensador'),
 (2633,'0104','2021-07-07',130,'061249900','REPARACIONS GENERALES','1600.00','Compensador'),
 (2634,'0105','2021-07-07',130,'060238500','REPARACIONS GENERALES','6000.00','Compensador'),
 (2635,'0442','2021-07-08',120,'060824000','MATERIALES','11945.00','Compensador'),
 (2636,'0056','2021-07-02',11,'061624300','REPARACIONS GENERALES','109000.00','Compensador'),
 (2637,'0187','2021-07-21',104,'061152400','GAS','160000.00','Compensador'),
 (2638,'0038','2021-07-13',123,'060233400','REPARACIONS GENERALES','50000.00','Compensador'),
 (2639,'0045','2021-07-05',124,'060519600','ELECTRICIDAD','13000.00','Compensador'),
 (2640,'0380','2021-07-22',20,'060810700','CERRAJERIA','4500.00','Compensador'),
 (2641,'0381','2021-07-22',20,'060609500','CERRAJERIA','6400.00','Compensador'),
 (2642,'0383','2021-07-22',20,'060238500','CERRAJERIA','3800.00','Compensador'),
 (2643,'0054','2021-07-09',122,'061002200','REPARACIONS GENERALES','32000.00','Compensador'),
 (2644,'0055','2021-07-09',122,'060238500','REPARACIONS GENERALES','12000.00','Compensador'),
 (2645,'0059','2021-07-12',122,'061871100','REPARACIONS GENERALES','7200.00','Compensador'),
 (2646,'0046','2021-07-04',126,'060245300','ELECTRODOMESTICOS','4000.00','Compensador'),
 (2647,'0047','2021-07-05',126,'060245300','ELECTRODOMESTICOS','4000.00','Compensador'),
 (2648,'0057','2021-07-14',11,'060609500','REPARACIONS GENERALES','90000.00','Compensador'),
 (2649,'0277','2021-07-23',87,'060245600','CORTE DE PASTO','11000.00','Compensador'),
 (2650,'0278','2021-07-10',87,'060245600','CORTE DE PASTO','19000.00','Compensador'),
 (2651,'0028','2021-07-20',135,'060810800','ELECTRICIDAD','115000.00','Compensador'),
 (2652,'0029','2021-07-22',67,'060245500','VIDRIOS','28000.00','Compensador'),
 (2653,'0031','2021-07-26',67,'060811100','VIDRIOS','15800.00','Compensador'),
 (2654,'0039','2021-08-09',123,'060761500','PLOMERÍA','58000.00','Compensador'),
 (2655,'0040','2021-08-13',123,'060233400','REPARACIONS GENERALES','48500.00','Compensador'),
 (2656,'0041','2021-08-17',123,'061871100','REPARACIONS GENERALES','8000.00','Compensador'),
 (2657,'0042','2021-08-20',123,'060610200','REPARACIONS GENERALES','14000.00','Compensador'),
 (2658,'0058','2021-07-14',11,'061152400','REPARACIONS GENERALES','80000.00','Compensador'),
 (2659,'27745','2021-07-27',22,'061002200','PINTURA','37323.99','Compensador'),
 (2660,'0023','2021-08-06',129,'060824000','ELECTRICIDAD','2000.00','Compensador'),
 (2661,'0024','2021-08-06',129,'060519600','ELECTRICIDAD','2000.00','Compensador'),
 (2662,'0026','2021-08-14',129,'060238000','ELECTRICIDAD','9500.00','Compensador'),
 (2663,'0027','2021-08-19',129,'062055400','ELECTRICIDAD','11500.00','Compensador'),
 (2664,'0028','2021-08-19',129,'060519700','ELECTRICIDAD','6500.00','Compensador'),
 (2666,'0068','2021-08-04',122,'061002200','PINTURA','78000.00','Compensador'),
 (2667,'0067','2021-08-04',122,'060824000','PINTURA','12000.00','Compensador'),
 (2668,'0069','2021-08-04',122,'061002200','PINTURA','48000.00','Compensador'),
 (2669,'0943','2021-07-06',101,'060810700','COMBUSTIBLE','20000.00','Compensador'),
 (2670,'0150','2021-08-19',112,'060191100','CARPINTERIA','16000.00','Compensador'),
 (2671,'4497','2021-08-04',74,'061636300','MATAFUEGOS','26700.00','Compensador'),
 (2672,'4551','2021-08-20',74,'061713000','MATAFUEGOS','16291.44','Compensador'),
 (2673,'0048','2021-08-05',126,'060940100','PLOMERÍA','9700.00','Compensador'),
 (2674,'0049','2021-08-05',126,'061151900','REPARACIONS GENERALES','4000.00','Compensador'),
 (2675,'0052','2021-08-05',126,'060811100','REPARACIONS GENERALES','24600.00','Compensador'),
 (2676,'0391','2021-07-01',66,'060609500','ELECTRICIDAD','1920.00','Compensador'),
 (2677,'0392','2021-07-01',66,'060728300','ELECTRICIDAD','895.00','Compensador'),
 (2678,'0393','2021-07-01',66,'060519700','ELECTRICIDAD','1180.00','Compensador'),
 (2679,'0394','2021-07-01',66,'060609500','ELECTRICIDAD','1450.00','Compensador'),
 (2680,'1255','2021-07-21',115,'060761500','ELECTRICIDAD','2293.31','Compensador'),
 (2681,'1340','2021-08-02',115,'060251500','ELECTRICIDAD','1610.00','Compensador'),
 (2682,'0021','2021-08-04',129,'060824000','ELECTRICIDAD','12500.00','Compensador'),
 (2683,'0022','2021-08-05',129,'060958900','ELECTRICIDAD','8500.00','Compensador'),
 (2684,'0025','2021-08-11',129,'060233400','ELECTRICIDAD','3000.00','Compensador'),
 (2685,'0029','2021-08-24',129,'060958900','ELECTRICIDAD','15000.00','Compensador'),
 (2686,'0358','2021-08-26',132,'061713000','ASCENSORES','11650.00','Compensador'),
 (2687,'0151','2021-08-24',112,'060506000','ELECTRICIDAD','8900.00','Compensador'),
 (2688,'0152','2021-08-28',112,'060506000','ELECTRICIDAD','17800.00','Compensador'),
 (2689,'0153','2021-08-26',112,'060958600','ELECTRICIDAD','11700.00','Compensador'),
 (2690,'4496','2021-08-04',74,'061636300','MATAFUEGOS','6500.00','CUFP'),
 (2692,'4496','2021-09-08',74,'060155000','MATAFUEGOS','8500.00','CUFP');
/*!40000 ALTER TABLE `factura` ENABLE KEYS */;


--
-- Definition of table `misdatos`
--

DROP TABLE IF EXISTS `misdatos`;
CREATE TABLE `misdatos` (
  `RazonSocial` varchar(45) NOT NULL,
  `Direccion` varchar(45) DEFAULT NULL,
  `Ciudad` varchar(45) DEFAULT NULL,
  `Telefono` varchar(45) DEFAULT NULL,
  `Email` varchar(45) DEFAULT NULL,
  `Cuit` varchar(13) DEFAULT NULL,
  PRIMARY KEY (`RazonSocial`)
) ENGINE=InnoDB DEFAULT CHARSET=utf8;

--
-- Dumping data for table `misdatos`
--

/*!40000 ALTER TABLE `misdatos` DISABLE KEYS */;
INSERT INTO `misdatos` (`RazonSocial`,`Direccion`,`Ciudad`,`Telefono`,`Email`,`Cuit`) VALUES 
 ('Consejo Escolar Mercedes','Calle 6','Mercedes','+2324 452169','consejoescolar@gob.ar','2035648');
/*!40000 ALTER TABLE `misdatos` ENABLE KEYS */;


--
-- Definition of table `proveedores`
--

DROP TABLE IF EXISTS `proveedores`;
CREATE TABLE `proveedores` (
  `idProveedor` int(10) unsigned NOT NULL AUTO_INCREMENT,
  `RazonSocial` varchar(45) NOT NULL,
  `Domicilio` varchar(45) DEFAULT NULL,
  `Localidad` varchar(45) DEFAULT NULL,
  `TelFijo` varchar(45) DEFAULT NULL,
  `TelCelular` varchar(45) DEFAULT NULL,
  `CUIT` varchar(13) DEFAULT NULL,
  `email` varchar(45) DEFAULT NULL,
  `Comentarios` varchar(200) DEFAULT NULL,
  PRIMARY KEY (`idProveedor`) USING BTREE
) ENGINE=InnoDB AUTO_INCREMENT=136 DEFAULT CHARSET=utf8;

--
-- Dumping data for table `proveedores`
--

/*!40000 ALTER TABLE `proveedores` DISABLE KEYS */;
INSERT INTO `proveedores` (`idProveedor`,`RazonSocial`,`Domicilio`,`Localidad`,`TelFijo`,`TelCelular`,`CUIT`,`email`,`Comentarios`) VALUES 
 (1,'AVILA EMILIANO DANIEL','Calle 4 bis y 61','MERCEDES','0','2342-467107','20-26985358-2','0',''),
 (2,'ELECTRICIDAD ANSELMO','Calle 20 N°478','MERCEDES','427748','2324-','30-71592410-9','electicidadanselmo@hotmail.com',''),
 (3,'SOLUCIONES Y SERVICIOS','Calle 41 n°864','MERCEDES','0','2324-683561','20-27191143-3','mauriciobeneitez@yahoo.com',''),
 (4,'LOCACIONES DE SERVICIO','CALLE 22 N°622','MERCEDES','0','0','27-27604054-0','0',''),
 (5,'OXI-MERCEDES S.A.','CALLE 31 N°278','MERCEDES','424975','0','30-70804454-3','oximercedes@oximercedes.com.ar',''),
 (6,'REBAGLIATI RICCILO S.A.','CALLE 27 N°301','MERCEDES','420846','0','30-71441444-1','0',''),
 (7,'M. INSTALACIONES','CALLE 46 BIS N°3128','MERCEDES','426147','2324-478059','20-29623915-2','info@instalacionesjm.com.ar',''),
 (8,'LOPEZ RODRIGO ELIAS','AV 30 N°295','MERCEDES','0','0','20-35865876-9','0',''),
 (9,'OLIVA MARIA LUJAN','CALLE 41 N°73','MERCEDES','0','2324-470744','27-25023330-8','0',''),
 (10,'PASSARO CLAUDIO E S.H.','CALLE 16 N° 415','MERCEDES','424085','0','30-71124954-7','0',''),
 (11,'CONSTRUCCIONES PALACIO','CALLE 25 N° 576 PISO 2 DEPTO D','MERCEDES','0','2324-640328','20-08537474-6','0',''),
 (12,'SAISHA CLIMATIZACION','CALLE 2 N° 560','MERCEDES','0','2423-469396 467777','20-22124595-5','0',''),
 (13,'MAURIELLO-GIMENES S.R.L.','CALLE 45 N° 55','MERCEDES','0','2324-516922 - 556462','30-71446075-3','0',''),
 (14,'PALACIOS ADRIANA BEATRIZ','PADRE BRADY N° 295','SUIPACHA','0','0','27-21574063-9','0',''),
 (15,'LECOUNA ANGEL GASTON','AV. 29 N°575','MERCEDES','0','0','20-25348337-8','0',''),
 (16,'DEFELICE IVAN','CALLE 56 Y 119','MERCEDES','0','0','20-29912743-6','0',''),
 (17,'GALINDRES DIEGO','AV. 29 N°576','MERCEDES','0','0','20-29912690-1','0',''),
 (18,'M-B BERTAINA MARCOS','AV. 29 575','MERCEDES','0','0','20-28414078-9','0',''),
 (19,'VIVATEC','CALLE 23 N° 3135','MERCEDES','424281','0','20-24847776-9','0',''),
 (20,'GARBARINO','CALLE 22 E/ 25 Y 23','MERCEDES','0','2324-640557','20-28730696-3','0',''),
 (21,'COBUCCIO JUAN VICTOR','CALLE 27 N° 1420','MERCEDES','0','2324-686919','20-20383621-0','0',''),
 (22,'IMPACTO','AV 29 N° 87','MERCEDES','431700/421657','0','33-71119694-9','administracion@impactocolor.com.ar',''),
 (23,'SERVICIOS GENERALES','CALLE 11 E/ 42 Y 44 N°707','MERCEDES','0','2324-578354','20-25348453-6','0',''),
 (24,'FLYNN JUAN PABLO','CALLE 113 N° 618','MERCEDES','0','0','20-18068363-2','0',''),
 (25,'SUPER CLIMAS REFRIGERACION','CALLE 35 N° 665','MERCEDES','0','2324-682506','20-29343985-1','0',''),
 (27,'T.F. MUSTONI','CALLE 22 ESQUINA 27','MERCEDES','426529-433438','0','33-71127469-9','0',''),
 (28,'SERVICE MERCEDES SHELL','AV 17 ESQUINA 2','MERCEDES','420290-423003-425501','0','20-11251613-2','0',''),
 (29,'TORRES YOLANDA LORENA','CALLE 43 N°3035','MERCEDES','0','0','27-25348519-7','0',''),
 (30,'MANSILLA RODOLFO OSMAR','CALLE 12 N° 3080','MERCEDES','0','0','20-16910831-6','0',''),
 (31,'TOLOSA RICARDO OSCAR','CALLE 16 ESQUINA 71','MERCEDES','0','0','20-16077560-3','0',''),
 (32,'ALFONSO FRANCISCO VICTOR','CALLE 49 N°280','MERCEDES','0','2324-550384','20-21442417-8','0',''),
 (33,'ANGELA CELINA PAJON','CALLE 12 N° 59','MERCEDES','0','0','27-29623859-2','0',''),
 (34,'HECTOR TOMAS TOMASONE','AV. 29 N° 576','MERCEDES','0','0','20-12986237-9','0',''),
 (35,'FERNANDA ELVIRA CORBERA','CALLE 13 N° 622','MERCEDES','0','0','27-29623993-9','0',''),
 (36,'RICARDO DANIEL TOMMASONE','AV. 29 N° 575','MERCEDES','0','0','20-10648194-7','0',''),
 (37,'MARIELA PATRICIA ENRIQUEZ','CALLE 36 N°1334','MERCEDES','0','0','27-28479074-5','0',''),
 (38,'JOSE DANIEL MORALES','AV. 29 N° 575','MERCEDES','0','0','23-28143188-9','0',''),
 (39,'M-G PRODUCCION ARTISTICA','AV. 29 N° 575','MERCEDES','0','2324-503881','20-28478980-7','0',''),
 (41,'ALVARO DELFINO','CALLE 38 N° 389','MERCEDES','0','2324-559738','20-35231032-9','0',''),
 (42,'HERRERIA \"DON RENATO\"','CALLE 58 ESQUINA 9','MERCEDES','431757','2324-573663','20-29343604-6','0',''),
 (43,'L VENTANERIE (Aberturas de Aluminio)','CALLE 45 N° 55','MERCEDES','0','2324-516922','27-29343548-6','0',''),
 (45,'FORRAJERIA FERRERO','ACCESO SUR Y 114','MERCEDES','0','2324-476773','20-25348556-7','0',''),
 (46,'CAPUTO ADALBERTO OSCAR','CALLE 27 ESQUINA112 BIS','MERCEDES','0','0','23-21715340-9','0',''),
 (47,'CORREA NARCISO','AV. 29 n° 575','MERCEDES','0','0','20-17144599-0','0',''),
 (48,'REINOSO SERGIO SEBASTIAN','CALLE 28 E/ 61 Y63','MERCEDES','0','0','20-33134320-0','0',''),
 (49,'SOSA FABIANA ELIZABET','CALLE 53 N° 144','MERCEDES','0','0','27-30537241-8','0',''),
 (50,'CAGNOLI CARLOS DAMIAN','AV. 29 N° 576','MERCEDES','0','0','20-28730125-2','0',''),
 (51,'ORELLANA JUAN PEDRO','AV. 29 N° 575','MERCEDES','0','0','20-28730723-4','0',''),
 (52,'CENTENO SERGIO ALEJANDRO','CALLE 47 N° 467','MERCEDES','0','0','20-21541293-9','0',''),
 (53,'LARREA CARLOS ANIBAL','CALLE 46 BIS','MERCEDES','0','0','20-23418849-7','0',''),
 (54,'RODRIGUEZ MARIA ALEJANDRA','CALLE 2 ESQUINA 61 N° 1502','MERCEDES','0','0','27-21541398-0','0',''),
 (55,'ESPINOSA RUBEN OMAR','CALLE 50 N° 502','MERCEDES','0','0','23-23598033-9','0',''),
 (56,'RAMIS JOSE LUIS','CALLE 63 N° 32','MERCEDES','0','0','23-12109514-9','0',''),
 (57,'DE LA VEGA JUAN RAMON','AV. 29 N° 575','MERCEDES','0','0','20-13986797-2','0',''),
 (58,'JUAREZ ELIDA ANALIA','CALLE 4 E/ 47 Y 49','MERCEDES','0','0','23-32873399-4','0',''),
 (59,'PAJON ANGELA CELINA','CALLE 12 N° 59','MERCEDES','0','0','27-29623859-2','0',''),
 (60,'CORBERA FERNANDA ELVIRA','CALLE 13 N° 622','MERCEDES','0','0','27-29623993-9','0',''),
 (61,'ENRIQUEZ MARIELA PATRICIA','CALLE 36 N° 1334','MERCEDES','0','0','27-28479074-5','0',''),
 (62,'MORALEZ JOSE DANIEL','AV. 29 N°575','MERCEDES','0','0','27-28143188-9','0',''),
 (63,'JUARES ELIAS','CALLE 4 E/ 47 Y 49','MERCEDES','0','0','23-32873399-4','0',''),
 (65,'F.O.F. FLORES  OMAR HECTOR','CALLE 47 N° 260','MERCEDES','0','0','20-12729226-5','distribuidorafof89@gmail.com',''),
 (66,'ELEC-TRI-GAS ZUNINO OSCAR','CALLE 18 N° 174','MERCEDES','0','0','23-10826868-9','0',''),
 (67,'VIDRIERIA SAN LUIS','CALLE 11 N° 565','MERCEDES','432362','0','20-11367877-2','0',''),
 (68,'REFRIMER','CALLE 36 N°862','MERCEDES','0','0','20-34241054-6','0',''),
 (69,'SERVICIOS GENERALES DE LA CONSTRUCCION','CALLE 50 N° 416','MERCEDES','0','2324-524533','20-27191059-3','0',''),
 (70,'LEANDRI ADRIAN GUSTAVO','CALLE 36 N° 534','MERCEDES','0','2324-696784','20-20185045-3','0',''),
 (71,'DARDANS','RUTA 5 KM 92.500','MERCEDES','4428241','2324-582919','20-21971677-0','0',''),
 (72,'BIOS INK','AV. 29 N° 25','MERCEDES','0','2324-496831','23-31867415-9','info@bios-ink.com',''),
 (73,'J.M. MADERAS','AV. 17 N° 76','MERCEDES','423641','0','30-70728071-5','0',''),
 (74,'F.F. DISTRIBUIDORA','CALLE 15 N° 3121','MERCEDES','431244/426437','0','20-14435887-3','0',''),
 (75,'AGUERO SILVIA','CALLE 12','MERCEDES','0','0','27-28730061-7','0',''),
 (76,'INIGUEZ CARLOS ALBERTO','CALLE 18','MERCEDES','0','0','20-18068277-6','0',''),
 (77,'MORETTI PATRICIA ALEJANDRA','CALLE 18','MERCEDES','0','0','27-29343757-8','0',''),
 (78,'BIGONGIARI FERICO','CALLE 14 E/ 1 Y 3','MERCEDES','421029','0','20-36050491-4','0',''),
 (79,'REFORMAS Y CONSTRUCCIONES GONZALO','CALLE 14 N° 1433','MERCEDES','0','0','23-41552779-9','0',''),
 (80,'TESSORE CLAUDIO','CALLE 50 N° 332','MERCEDES','0','0','20-14524248-8','0',''),
 (81,'CORTESI JUAN PABLO','CALLE 35 N° 665','MERCEDES','0','22324-682500','20-29343985-1','0',''),
 (82,'ELECTRO CENTRO','CALLE 27 N° 324','MERCEDES','432900','0','20-14524450-2','0',''),
 (83,'FERREYRA GONZALO LAUREANO','CALLE 32 N°3232','MERCEDES','0','0','20-32345963-1','0',''),
 (84,'ESCOBAR EZEQUIEL MARIANO','CALLE 50 N° 328','MERCEDES','0','0','20-38820397-9','0',''),
 (85,'PORTESI SEBASTIAN ENREQUE','CALLE 4 N° 317','MERCEDES','0','0','20-24585429-4','0',''),
 (86,'CASA MOLERES','CALLE 14 N° 662','MERCEDES','0','0','23-13986924-9','0',''),
 (87,'CORIA EZEQUIEL','CALLE 32 N°1351','MERCEDES','0','','23-29694509-9','0',''),
 (88,'GATTI STELLA MARIS','CALLE 22 N° 622','MERCEDES','0','0','27-27604054-0','0',''),
 (89,'HOGAR TOTAL','Calle 27 N° 468','MERCEDES','0','0','30-71072438-1','0',''),
 (90,'TOMMASONE HECTOR OSCAR','Av. 29 N° 576','MERCEDES','0','0','20-12986223-7','0',''),
 (91,'LARES','CALLE 24 N° 219','MERCEDES','433229','0','30-71290310-0','ventas@lares.com.ar / www.lareshogar.com.ar',''),
 (92,'CONSTRUCCION DE LINEAS ELECTRICAS','CALLE 22 N° 1340','MERCEDES','0','0','27-23725609-9','0',''),
 (93,'SERVICENTRO AXION','EX RUTA 5 KM 100','MERCEDES','421934','0','30-66629232-0','0',''),
 (94,'FERRETERIA \"DON RENATO\"','CALLE 58 ESQUINA 9','MERCEDES','431757','2324-573665','20-29343604-6','0',''),
 (97,'MUSTONO S.H.','CALLE 22 ESQ. 27','MERCEDES','4334380','','33-71127469-9','0',''),
 (98,'MG PRODUCCION ARTISTICA','CALLE AV. 29 N°575','MERCEDES','0','2324-503881','20-28478980-7','0',''),
 (99,'FERRETERIA \"BIGONGIARI\"','CALLE 14 E/ 1 Y 3','MERCEDES','421029','0','20-36050491-4','0',''),
 (100,'MANCIN SERGIO RENE','CLLE 59 ESQUINA 9','MERCEDES','0','0','20-29343604-6','0',''),
 (101,'ESTACION DE SERVICIO NICIFORO','RUTA 5 KM 100','MERCEDES','0','','30-6662932-0','0',''),
 (102,'DAVERIO OSVALDO DANIEL','RUTA 41 Y SOULE 0','S. ANDRES DE GILES','0','0','20-11403526-3','0',''),
 (103,'CORRALON \"LOS ABUELOS','CALLE 22 BIS Y 115','MERCEDES','02324-424377','0','30-64789367-4','0',''),
 (104,'PALOMERO JUAN MARTIN','46 BIS N°3212','MERCEDES','0','','20-29623915-2','0',''),
 (105,'BENEITEZ MAURICIO JAVIER','Calle 41 N° 864','MERCEDES','0','0','20-27191143-3','0',''),
 (106,'KONECTA','Av. 2 N° 333','MERCEDES','0','2324-590010','30-71603233-3','0',''),
 (107,'MTA ABERTURAS','CALLE 28 N° 288','MERCEDES','0','0','27-25744370-7','0',''),
 (108,'TORRES JORGE AGUSTIN','CALLE 41 ESQ. 14','MERCEDES','0','0','20-22409808-2','0',''),
 (109,'ROJO LEONARDO','30 BIS N° 3016','MERCEDES','-','-','20-29343996-7','-',''),
 (110,'BERTAINA MARCOS EZEQUIEL','29 N° 575','MERCEDES','0','0','20-28414078-9','0',''),
 (111,'NARDI HERNAN JAVIER','CALLE 3 N° 1378','MERCEDES','0','0','20-32403654-8','0',''),
 (112,'ROJO SEBASTIAN','CALLE 26 N° 576','MERCEDES','0','','27-28143023-3','0',''),
 (113,'LUCERO CARLOS ALBERTO','CALLE 11 N°707','MERCEDES','0','0','20-25348453-6','0',''),
 (114,'FERRETERIA COLMERIO','Av 30 Esq 19','MERCEDES','0','0','30-71463179-5','0',''),
 (115,'ELECTRO MERCEDES','CALLE 20 ESQ. 31','MERCEDES','421240','0','20-30342525-0','nuevoelectromercedes@gmail.com',''),
 (116,'SUR','ACCESO SUR E/ 110 Y 112','MERCEDES','423311','-','20-20726756-3','-',''),
 (117,'CASELLA CLAUDIO ENRIQUE','CALLE 32 N° 1236','MERCEDES','0','0','20-20452935-4','0',''),
 (118,'MG INSTALACIONES','CALLE 38 N° 154','MERCEDES','0','0','23-28730121-9','0',''),
 (119,'VIDRIOS MERCEDES','CALLE 13 E/ 56 Y 57','MERCEDES','0','0','30-71143315-1','0',''),
 (120,'CORRALON SUR','Acceso Sur E/ 110 y 112','MERCEDES','0','0','20-20726756-3','0',''),
 (121,'OBRAS Y SERVICIOS DEL OESTE S.R.L.','CALLE 11 N° 3043','MERCEDES','0','0','33-70903178-9','0',''),
 (122,'DIAZ MATIAS NICOLAS','CALLE 4 BIS N° 1535','MERCEDES','0','0','20-38302773-0','0',''),
 (123,'DELGADO FACUNDO EMILIANO','CALLE 320 N° 3516','MERCEDES','0','0','20-29912942-0','0',''),
 (124,'LASALL GUILLERMO JAVIER','CALLE 59 N° 167','MERCEDES','0','0','20-34991601-1','0',''),
 (125,'SILVERO JOSE MIGUEL','CALLE 20 N° 1202','MERCEDES','0','0','20-38820400-9','0',''),
 (126,'GONZALEZ ANGEL ALFREDO','CALLE 1 E/ 30 Y 30 BIS','MERCEDES','0','0','20-17688231-0','0',''),
 (127,'ROMERO ALEJANDRO DANIEL','CALLE 21 E/ 50 Y 52','MERCEDES','0','0','20-21851171-7','0',''),
 (128,'PANTONE ARGENTINA','AV. 29 N° 273','MERCEDES','02324-424421','0','30-70876007-9','0',''),
 (129,'TESORO MARCELO HORACIO','CALLE 30 N° 3270','MERCEDES','0','0','20-22624288-1','0',''),
 (130,'CARICATO NICOLAS BERNARDO DOMINGO','RUTA 5 N° 3047','MERCEDES','0','0','20-29912717-7','0',''),
 (131,'PAEZ JUAN MANUEL','CALLE 44 N° 617','MERCEDES','0','0','20-35865891-2','0',''),
 (132,'BRAM ASCENSORES','CALLE 28 N° 610','MERCEDES','0','0','20-11669472-8','0',''),
 (133,'GIOVANETONE JORGE ALBERTO','CALLE 16 N° 1356','MERCEDES','0','0','20-13620222-8','0',''),
 (134,'RAMIREZ GUSTAVO EDGARDO','AV. 17 N° 473','MERCEDES','0','0','20-22409899-6','0',''),
 (135,'CONSTRUCTORA FP SRL','Av SANTA FE  2332 PISO 3','CABA','0','0','30-71079596-3','0','');
/*!40000 ALTER TABLE `proveedores` ENABLE KEYS */;


--
-- Definition of table `proveedorrubro`
--

DROP TABLE IF EXISTS `proveedorrubro`;
CREATE TABLE `proveedorrubro` (
  `idProveedorRubro` int(10) unsigned NOT NULL AUTO_INCREMENT,
  `IdProveedor` int(10) unsigned NOT NULL,
  `Rubro` varchar(45) NOT NULL,
  PRIMARY KEY (`idProveedorRubro`),
  KEY `FK_ProveedorRubro_2` (`Rubro`) USING BTREE,
  KEY `FK_proveedorrubro_1` (`IdProveedor`),
  CONSTRAINT `FK_proveedorrubro_1` FOREIGN KEY (`IdProveedor`) REFERENCES `proveedores` (`idProveedor`),
  CONSTRAINT `FK_proveedorrubro_2` FOREIGN KEY (`Rubro`) REFERENCES `rubro` (`Rubro`)
) ENGINE=InnoDB DEFAULT CHARSET=utf8;

--
-- Dumping data for table `proveedorrubro`
--

/*!40000 ALTER TABLE `proveedorrubro` DISABLE KEYS */;
/*!40000 ALTER TABLE `proveedorrubro` ENABLE KEYS */;


--
-- Definition of table `rubro`
--

DROP TABLE IF EXISTS `rubro`;
CREATE TABLE `rubro` (
  `Rubro` varchar(45) NOT NULL,
  PRIMARY KEY (`Rubro`) USING BTREE
) ENGINE=InnoDB DEFAULT CHARSET=utf8;

--
-- Dumping data for table `rubro`
--

/*!40000 ALTER TABLE `rubro` DISABLE KEYS */;
INSERT INTO `rubro` (`Rubro`) VALUES 
 (''),
 ('ALARMA'),
 ('ASCENSORES'),
 ('CARPINTERIA'),
 ('CERRAJERIA'),
 ('COMBUSTIBLE'),
 ('CORTE DE PASTO'),
 ('ELECTRICIDAD'),
 ('ELECTRODOMESTICOS'),
 ('FUMIGACION'),
 ('GAS'),
 ('HERRERIA'),
 ('MATAFUEGOS'),
 ('MATERIALES'),
 ('MTERIALES ELECTRICOS'),
 ('OTROS'),
 ('PINTURA'),
 ('PLOMERÍA'),
 ('REPARACIONS GENERALES'),
 ('VIDRIOS');
/*!40000 ALTER TABLE `rubro` ENABLE KEYS */;


--
-- Definition of table `secretario`
--

DROP TABLE IF EXISTS `secretario`;
CREATE TABLE `secretario` (
  `idSecretario` int(8) unsigned NOT NULL,
  `Nombre` varchar(45) NOT NULL,
  `Apellido` varchar(45) NOT NULL,
  `CUIL` varchar(45) NOT NULL,
  `Email` varchar(45) NOT NULL,
  `TelFijo` varchar(45) NOT NULL,
  `TelCelular` varchar(45) NOT NULL,
  PRIMARY KEY (`idSecretario`)
) ENGINE=InnoDB DEFAULT CHARSET=utf8;

--
-- Dumping data for table `secretario`
--

/*!40000 ALTER TABLE `secretario` DISABLE KEYS */;
INSERT INTO `secretario` (`idSecretario`,`Nombre`,`Apellido`,`CUIL`,`Email`,`TelFijo`,`TelCelular`) VALUES 
 (16548459,'MARINA','MUSANTE','27-16548459-8','marinamusante@gmail.com','02324-425034','2324-640454'),
 (16548690,'MARIA LAURA','SOLVEYRA','27-16548690-6','mlsolveira64@gmail.com','02324-430021','2324-505251'),
 (16618663,'MARIO GUSTAVO','DIAZ','20-16618663-4','pirucho9@yahoo.com','02324-427759','2324-582296'),
 (16918665,'GRACIELA LEONOR','TELLO','27-16918665-6','gratel17@yahoo.com','0','2324-646484'),
 (18068302,'ANDREA CLAUDIA','MIÑO','27-18068302-5','andreaclaudia1967@hotmail.com','02324-422611','2324-593345'),
 (18339725,'KARINA','PARODI','27-18339725-2','karinaparodi@hotmail.com.ar','0','2324-512197'),
 (18462495,'MIRIAM GRACIELA','CAÑELAS','27-18462495-3','gramica@hotmail.com','02324-422218','2324-512046'),
 (20726867,'VERONICA MARCELA','NEGRO','23-20726867-4','veronicanegro8@gmail.com','0','2324-514699'),
 (22409963,'MARIA LETICIA','LEON','27-22409963-6','marialeticia5@hotmail.com.ar','02324-430139','2324-524739'),
 (24402123,'JULIETA','GONZALEZ','27-24402123-4','julietagonzalez1975@gmail.com','02324-433642','2324-694511'),
 (24847611,'PATRICIA LILIANA','RESQUIN','27-24847611-2','patricialilianaresquin@gmail.com','02324-421609','2324-641152'),
 (25023095,'ANALIA','PICCONE','27-25023095-3','analiapiccone@gmail.com','0','2324-640010'),
 (25744325,'ALDANA','MARZANO','27-25744325-4','aldanamarzano@yahoo.com.ar','0','2324-511311'),
 (26005481,'MARCIA DEBORA','BELTRAMINI','27-26005481-9','jardin905-070@live.com','0','2324-642914'),
 (26167521,'DANIELA FERNANDA','MARCZEWSKI','27-26167521-3','danfermar78@gmail.com','02323-421377','011-15-58408625'),
 (27191286,'JULIETA MARIA','ROSELLO','27-27191286-8','jmrosello@hotmail.com','02324-420948','2324-671600'),
 (27740664,'MARIA DE LOS ANGELES','MIGHETTO','27-27740664-6','maria_mighetto@hotmail.com','0','2325-592350'),
 (27848682,'SILVINA','PICCONE','27-27848682-1','silvinapicc@hotmail.com','0','2324-552028'),
 (28730047,'PAULA ZULEMA','AGUERO','27-28730047-1','paulaaguero@live.com.ar','02324-429132','2324-500762'),
 (28730721,'MARIA HILDA','TRIVERLLARI','27-28730721-2','mariatri2010@gmail.com','02324-433369','2324-616731'),
 (29343777,'MARIA LOURDES','PICCONE','27-29343777-2','loudespiccone@hotmail.com','0','2324-698171'),
 (29489576,'VALERIA PAOLA','WALDE','27-29489576-6','valepwalde@gmail.com','0','2324-584435'),
 (35866016,'MARIA DE LOS MILAGROS','GONZALEZ','27-35866016-4','mariadelosmilagrosgonzalez@hotmail.com','0','2324-527455'),
 (281431158,'CAROLINA','BROVIA RIVADEVEIRA','27-28143115-9','cbrovias@hotmail.com','02324-430748','2324-684884');
/*!40000 ALTER TABLE `secretario` ENABLE KEYS */;


--
-- Definition of table `situacionrevista`
--

DROP TABLE IF EXISTS `situacionrevista`;
CREATE TABLE `situacionrevista` (
  `SituacionRevista` varchar(45) NOT NULL,
  PRIMARY KEY (`SituacionRevista`) USING BTREE
) ENGINE=InnoDB DEFAULT CHARSET=utf8;

--
-- Dumping data for table `situacionrevista`
--

/*!40000 ALTER TABLE `situacionrevista` DISABLE KEYS */;
INSERT INTO `situacionrevista` (`SituacionRevista`) VALUES 
 ('BAJA'),
 ('BASTON'),
 ('INTERINO'),
 ('MENSUALIZADO'),
 ('SUPLENTE'),
 ('TITULAR');
/*!40000 ALTER TABLE `situacionrevista` ENABLE KEYS */;


--
-- Definition of table `tcomedor`
--

DROP TABLE IF EXISTS `tcomedor`;
CREATE TABLE `tcomedor` (
  `Comedor` varchar(45) NOT NULL,
  PRIMARY KEY (`Comedor`) USING BTREE
) ENGINE=InnoDB DEFAULT CHARSET=utf8;

--
-- Dumping data for table `tcomedor`
--

/*!40000 ALTER TABLE `tcomedor` DISABLE KEYS */;
INSERT INTO `tcomedor` (`Comedor`) VALUES 
 ('ALMUERZO Y MERIENDA'),
 ('DESAYUNO Y ALMUERZO'),
 ('DESAYUNO Y MERIENDA'),
 ('DESAYUNO, ALMUERZO Y MERIENDA'),
 ('NO TIENE'),
 ('SOLO ALMUERZO'),
 ('SOLO DESAYUNO'),
 ('SOLO MERIENDA');
/*!40000 ALTER TABLE `tcomedor` ENABLE KEYS */;


--
-- Definition of table `turno`
--

DROP TABLE IF EXISTS `turno`;
CREATE TABLE `turno` (
  `Turno` varchar(45) NOT NULL,
  PRIMARY KEY (`Turno`) USING BTREE
) ENGINE=InnoDB DEFAULT CHARSET=utf8;

--
-- Dumping data for table `turno`
--

/*!40000 ALTER TABLE `turno` DISABLE KEYS */;
INSERT INTO `turno` (`Turno`) VALUES 
 ('ALTERNADO'),
 ('DOBLE TURNO'),
 ('MAÑANA'),
 ('TARDE'),
 ('VESPERTINO');
/*!40000 ALTER TABLE `turno` ENABLE KEYS */;


--
-- Definition of table `usuario`
--

DROP TABLE IF EXISTS `usuario`;
CREATE TABLE `usuario` (
  `usuario` varchar(45) NOT NULL,
  `clave` varchar(45) NOT NULL,
  PRIMARY KEY (`usuario`) USING BTREE
) ENGINE=InnoDB DEFAULT CHARSET=utf8;

--
-- Dumping data for table `usuario`
--

/*!40000 ALTER TABLE `usuario` DISABLE KEYS */;
INSERT INTO `usuario` (`usuario`,`clave`) VALUES 
 ('1','1'),
 ('Admin','admin'),
 ('Carga','carga');
/*!40000 ALTER TABLE `usuario` ENABLE KEYS */;


--
-- Definition of procedure `Get_EscuelasTipo`
--

DROP PROCEDURE IF EXISTS `Get_EscuelasTipo`;

DELIMITER $$

/*!50003 SET @TEMP_SQL_MODE=@@SQL_MODE, SQL_MODE='STRICT_TRANS_TABLES,NO_AUTO_CREATE_USER,NO_ENGINE_SUBSTITUTION' */ $$
CREATE DEFINER=`GiFSys`@`localhost` PROCEDURE `Get_EscuelasTipo`(tipo varchar(20))
BEGIN

SELECT e.Cue, e.Tipo, e.Nombre, e.Direccion, e.Tel1, e.Tel2, e.Email
FROM consejoescolar.escuela e
where e.tipo = tipo;

END $$
/*!50003 SET SESSION SQL_MODE=@TEMP_SQL_MODE */  $$

DELIMITER ;

--
-- Definition of procedure `get_facturaxfechaAll`
--

DROP PROCEDURE IF EXISTS `get_facturaxfechaAll`;

DELIMITER $$

/*!50003 SET @TEMP_SQL_MODE=@@SQL_MODE, SQL_MODE='STRICT_TRANS_TABLES,NO_AUTO_CREATE_USER,NO_ENGINE_SUBSTITUTION' */ $$
CREATE DEFINER=`GiFSys`@`localhost` PROCEDURE `get_facturaxfechaAll`(desde date,hasta date,Tcuenta varchar(15))
BEGIN
SELECT f.Fecha, f.Numero, p.RazonSocial, f.Cue, e.Nombre, f.Rubro, f.Monto, f.cuenta
FROM factura f
inner join proveedores p on f.idProveedor = p.idProveedor
inner join escuela e on e.cue = f.cue
where f.fecha >= desde and f.fecha <= hasta and f.Cuenta like Tcuenta
order by f.Fecha;
END $$
/*!50003 SET SESSION SQL_MODE=@TEMP_SQL_MODE */  $$

DELIMITER ;

--
-- Definition of procedure `get_facturaxfechaCue`
--

DROP PROCEDURE IF EXISTS `get_facturaxfechaCue`;

DELIMITER $$

/*!50003 SET @TEMP_SQL_MODE=@@SQL_MODE, SQL_MODE='STRICT_TRANS_TABLES,NO_AUTO_CREATE_USER,NO_ENGINE_SUBSTITUTION' */ $$
CREATE DEFINER=`GiFSys`@`localhost` PROCEDURE `get_facturaxfechaCue`(desde date,hasta date,cue varchar(9),Tcuenta varchar(15))
BEGIN

SELECT f.Fecha, f.Numero, p.RazonSocial, f.Cue, e.Nombre, f.Rubro, f.Monto, f.cuenta
FROM factura f
inner join proveedores p on f.idProveedor = p.idProveedor
inner join escuela e on e.cue = f.cue
where f.fecha >= desde and f.fecha <= hasta and f.cue = cue and f.Cuenta like Tcuenta
order by f.Fecha;

END $$
/*!50003 SET SESSION SQL_MODE=@TEMP_SQL_MODE */  $$

DELIMITER ;

--
-- Definition of procedure `get_facturaxfechaCueProveedor`
--

DROP PROCEDURE IF EXISTS `get_facturaxfechaCueProveedor`;

DELIMITER $$

/*!50003 SET @TEMP_SQL_MODE=@@SQL_MODE, SQL_MODE='STRICT_TRANS_TABLES,NO_AUTO_CREATE_USER,NO_ENGINE_SUBSTITUTION' */ $$
CREATE DEFINER=`GiFSys`@`localhost` PROCEDURE `get_facturaxfechaCueProveedor`(desde date,hasta date,cue varchar(9),provedor varchar (45),cuenta varchar(15))
BEGIN

SELECT f.Fecha, f.Numero, p.RazonSocial, f.Cue, e.Nombre, f.Rubro, f.Monto, f.cuenta
FROM factura f
inner join proveedores p on f.idProveedor = p.idProveedor
inner join escuela e on e.cue = f.cue
where f.fecha >= desde and f.fecha <= hasta and f.cue = cue and p.RazonSocial = provedor and f.Cuenta like cuenta
order by f.Fecha;

END $$
/*!50003 SET SESSION SQL_MODE=@TEMP_SQL_MODE */  $$

DELIMITER ;

--
-- Definition of procedure `get_facturaxfechaCueRubro`
--

DROP PROCEDURE IF EXISTS `get_facturaxfechaCueRubro`;

DELIMITER $$

/*!50003 SET @TEMP_SQL_MODE=@@SQL_MODE, SQL_MODE='STRICT_TRANS_TABLES,NO_AUTO_CREATE_USER,NO_ENGINE_SUBSTITUTION' */ $$
CREATE DEFINER=`GiFSys`@`localhost` PROCEDURE `get_facturaxfechaCueRubro`(desde date,hasta date,cue varchar(9),rubro varchar (45),Tcuenta varchar(15))
BEGIN

SELECT f.Fecha, f.Numero, p.RazonSocial, f.Cue, e.Nombre, f.Rubro, f.Monto, f.cuenta
FROM factura f
inner join proveedores p on f.idProveedor = p.idProveedor
inner join escuela e on e.cue = f.cue
where f.fecha >= desde and f.fecha <= hasta and f.cue = cue and f.Rubro = rubro and f.Cuenta like Tcuenta
order by f.Fecha;

END $$
/*!50003 SET SESSION SQL_MODE=@TEMP_SQL_MODE */  $$

DELIMITER ;

--
-- Definition of procedure `get_facturaxfechaProveedor`
--

DROP PROCEDURE IF EXISTS `get_facturaxfechaProveedor`;

DELIMITER $$

/*!50003 SET @TEMP_SQL_MODE=@@SQL_MODE, SQL_MODE='STRICT_TRANS_TABLES,NO_AUTO_CREATE_USER,NO_ENGINE_SUBSTITUTION' */ $$
CREATE DEFINER=`GiFSys`@`localhost` PROCEDURE `get_facturaxfechaProveedor`(desde date,hasta date,Proveedor varchar(45),cuenta varchar(15))
BEGIN

SELECT f.Fecha, f.Numero, p.RazonSocial, f.Cue, e.Nombre, f.Rubro, f.Monto, f.cuenta
FROM factura f
inner join proveedores p on f.idProveedor = p.idProveedor
inner join escuela e on e.cue = f.cue
where f.fecha >= desde and f.fecha <= hasta and p.RazonSocial = Proveedor and f.Cuenta like cuenta
order by f.Fecha;

END $$
/*!50003 SET SESSION SQL_MODE=@TEMP_SQL_MODE */  $$

DELIMITER ;

--
-- Definition of procedure `get_facturaxfechaRubro`
--

DROP PROCEDURE IF EXISTS `get_facturaxfechaRubro`;

DELIMITER $$

/*!50003 SET @TEMP_SQL_MODE=@@SQL_MODE, SQL_MODE='STRICT_TRANS_TABLES,NO_AUTO_CREATE_USER,NO_ENGINE_SUBSTITUTION' */ $$
CREATE DEFINER=`GiFSys`@`localhost` PROCEDURE `get_facturaxfechaRubro`(desde date,hasta date,Rubro varchar(45),cuenta varchar(15))
BEGIN

SELECT f.Fecha, f.Numero, p.RazonSocial, f.Cue, e.Nombre, f.Rubro, f.Monto, f.cuenta
FROM factura f
inner join proveedores p on f.idProveedor = p.idProveedor
inner join escuela e on e.cue = f.cue
where f.fecha >= desde and f.fecha <= hasta and f.rubro = Rubro and f.Cuenta like cuenta
order by f.Fecha;

END $$
/*!50003 SET SESSION SQL_MODE=@TEMP_SQL_MODE */  $$

DELIMITER ;

--
-- Definition of view `vistaauxiliarescuelaturno`
--

DROP TABLE IF EXISTS `vistaauxiliarescuelaturno`;
DROP VIEW IF EXISTS `vistaauxiliarescuelaturno`;
CREATE ALGORITHM=UNDEFINED DEFINER=`GiFSys`@`localhost` SQL SECURITY DEFINER VIEW `vistaauxiliarescuelaturno` AS select `e`.`idEscuelaPersonal` AS `Codigo`,`a`.`idAuxiliar` AS `DNI`,`a`.`Nombre` AS `Nombre`,`a`.`Apellido` AS `Apellido`,`e`.`Cue` AS `CUE`,`es`.`Nombre` AS `NombreEscuela`,`e`.`Turno` AS `Turno`,`e`.`SituacionRevista` AS `SituacionRevista` from ((`auxiliar` `a` left join `escuelapersonal` `e` on((`a`.`idAuxiliar` = `e`.`IdDirectivo`))) join `escuela` `es` on((`es`.`Cue` = `e`.`Cue`))) where (`e`.`TipoDirectivo` = 'Auxiliar');

--
-- Definition of view `vistadirectorescuelaturno`
--

DROP TABLE IF EXISTS `vistadirectorescuelaturno`;
DROP VIEW IF EXISTS `vistadirectorescuelaturno`;
CREATE ALGORITHM=UNDEFINED DEFINER=`GiFSys`@`localhost` SQL SECURITY DEFINER VIEW `vistadirectorescuelaturno` AS select `e`.`idEscuelaPersonal` AS `Codigo`,`d`.`idDirector` AS `DNI`,`d`.`Nombre` AS `Nombre`,`d`.`Apellido` AS `Apellido`,`e`.`Cue` AS `CUE`,`es`.`Nombre` AS `NombreEscuela`,`e`.`Turno` AS `Turno`,`e`.`SituacionRevista` AS `SituacionRevista` from ((`director` `d` left join `escuelapersonal` `e` on((`d`.`idDirector` = `e`.`IdDirectivo`))) join `escuela` `es` on((`es`.`Cue` = `e`.`Cue`))) where (`e`.`TipoDirectivo` = 'Director');

--
-- Definition of view `vistafactura`
--

DROP TABLE IF EXISTS `vistafactura`;
DROP VIEW IF EXISTS `vistafactura`;
CREATE ALGORITHM=UNDEFINED DEFINER=`GiFSys`@`localhost` SQL SECURITY DEFINER VIEW `vistafactura` AS select `f`.`idFactura` AS `idFactura`,`f`.`Fecha` AS `Fecha`,`f`.`Numero` AS `Numero`,`f`.`IdProveedor` AS `IdProveedor`,`p`.`RazonSocial` AS `RazonSocial`,`f`.`Cue` AS `Cue`,`e`.`Nombre` AS `Nombre`,`f`.`Rubro` AS `Rubro`,`f`.`Monto` AS `Monto` from ((`factura` `f` join `proveedores` `p` on((`f`.`IdProveedor` = `p`.`idProveedor`))) join `escuela` `e` on((`e`.`Cue` = `f`.`Cue`))) order by `f`.`Fecha`;

--
-- Definition of view `vistaproveedores`
--

DROP TABLE IF EXISTS `vistaproveedores`;
DROP VIEW IF EXISTS `vistaproveedores`;
CREATE ALGORITHM=UNDEFINED DEFINER=`GiFSys`@`localhost` SQL SECURITY DEFINER VIEW `vistaproveedores` AS select `p`.`RazonSocial` AS `RazonSocial`,`p`.`Domicilio` AS `Domicilio`,`p`.`Localidad` AS `Localidad`,`p`.`TelFijo` AS `TelFijo`,`p`.`TelCelular` AS `TelCelular`,`p`.`CUIT` AS `CUIT`,`p`.`email` AS `Email`,`p`.`Comentarios` AS `Comentarios`,`pr`.`Rubro` AS `Rubro` from (`proveedores` `p` left join `proveedorrubro` `pr` on((`p`.`idProveedor` = `pr`.`IdProveedor`))) order by `pr`.`Rubro`;

--
-- Definition of view `vistasecretarioescuelaturno`
--

DROP TABLE IF EXISTS `vistasecretarioescuelaturno`;
DROP VIEW IF EXISTS `vistasecretarioescuelaturno`;
CREATE ALGORITHM=UNDEFINED DEFINER=`GiFSys`@`localhost` SQL SECURITY DEFINER VIEW `vistasecretarioescuelaturno` AS select `e`.`idEscuelaPersonal` AS `Codigo`,`s`.`idSecretario` AS `DNI`,`s`.`Nombre` AS `Nombre`,`s`.`Apellido` AS `Apellido`,`e`.`Cue` AS `CUE`,`es`.`Nombre` AS `NombreEscuela`,`e`.`Turno` AS `Turno`,`e`.`SituacionRevista` AS `SituacionRevista` from ((`secretario` `s` left join `escuelapersonal` `e` on((`s`.`idSecretario` = `e`.`IdDirectivo`))) join `escuela` `es` on((`es`.`Cue` = `e`.`Cue`))) where (`e`.`TipoDirectivo` = 'Secretario');



/*!40101 SET SQL_MODE=@OLD_SQL_MODE */;
/*!40014 SET FOREIGN_KEY_CHECKS=@OLD_FOREIGN_KEY_CHECKS */;
/*!40014 SET UNIQUE_CHECKS=@OLD_UNIQUE_CHECKS */;
/*!40101 SET CHARACTER_SET_CLIENT=@OLD_CHARACTER_SET_CLIENT */;
/*!40101 SET CHARACTER_SET_RESULTS=@OLD_CHARACTER_SET_RESULTS */;
/*!40101 SET COLLATION_CONNECTION=@OLD_COLLATION_CONNECTION */;
/*!40101 SET CHARACTER_SET_CLIENT=@OLD_CHARACTER_SET_CLIENT */;
